whitebox_id,panel_id,batch,clip,scene_id,source_camera,render_path,location,lens_or_ortho,layout_focus,pose_or_path,status
WB2_COMPOUND_MSB001,MSB001,B01,01,SCN_COMPOUND,CAM_COMPOUND_01_ESTABLISH,E:\视觉\投币口\01_AIGC\whitebox_renders_v2\B01\WB2_COMPOUND_MSB001.png,"(-18.75, -8.5, 1.35)",25.0mm,潮湿地面和破自行车占前景，居民楼底层角落被压在画面右后方,locked-off，低机位，轻微前推,rendered
WB2_COMPOUND_MSB002,MSB002,B01,01,SCN_COMPOUND,CAM_COMPOUND_01_ESTABLISH,E:\视觉\投币口\01_AIGC\whitebox_renders_v2\B01\WB2_COMPOUND_MSB002.png,"(-18.0, -7.95, 1.43)",28.0mm,发黄楼体、铁栏杆、晾衣绳形成遮挡，游戏机房入口几乎被墙角吞掉,镜头保持低，建筑线条压迫,rendered
WB2_COMPOUND_MSB003,MSB003,B01,01,SCN_COMPOUND,CAM_COMPOUND_01_ESTABLISH,E:\视觉\投币口\01_AIGC\whitebox_renders_v2\B01\WB2_COMPOUND_MSB003.png,"(-17.25, -9.05, 1.27)",22.0mm,一扇不起眼的门里漏出蓝绿 CRT 光，门口杂草和水渍清楚,只允许光轻闪,rendered
WB2_COMPOUND_MSB004,MSB004,B01,01,SCN_COMPOUND,CAM_COMPOUND_01_ESTABLISH,E:\视觉\投币口\01_AIGC\whitebox_renders_v2\B01\WB2_COMPOUND_MSB004.png,"(-16.5, -8.5, 1.35)",25.0mm,旧门头、卷帘门边缘、贴坏的游戏贴纸和墙皮脱落,固定构图，细节可读,rendered
WB2_COMPOUND_MSB005,MSB005,B01,01,SCN_COMPOUND,CAM_COMPOUND_01_ESTABLISH,E:\视觉\投币口\01_AIGC\whitebox_renders_v2\B01\WB2_COMPOUND_MSB005.png,"(-19.5, -7.95, 1.43)",28.0mm,楼道黑洞和游戏机房门口形成两个入口，观众不确定哪个更危险,微 push-in,rendered
WB2_COMPOUND_MSB006,MSB006,B01,01,SCN_COMPOUND,CAM_COMPOUND_01_ESTABLISH,E:\视觉\投币口\01_AIGC\whitebox_renders_v2\B01\WB2_COMPOUND_MSB006.png,"(-18.75, -9.05, 1.27)",22.0mm,潮湿地面水洼反射出微弱 CRT 色块，旁边有碎石和烟头,低角度近景,rendered
WB2_COMPOUND_MSB007,MSB007,B01,01,SCN_COMPOUND,CAM_COMPOUND_01_ESTABLISH,E:\视觉\投币口\01_AIGC\whitebox_renders_v2\B01\WB2_COMPOUND_MSB007.png,"(-18.0, -8.5, 1.35)",25.0mm,从院子深处看向游戏机房角落，给出三兄弟稍后进入的路线,低位广角,rendered
WB2_COMPOUND_MSB008,MSB008,B01,01,SCN_COMPOUND,CAM_COMPOUND_01_ESTABLISH,E:\视觉\投币口\01_AIGC\whitebox_renders_v2\B01\WB2_COMPOUND_MSB008.png,"(-17.25, -7.95, 1.43)",28.0mm,画面左后方留出空位，门口 CRT 光稳定，像在等待孩子靠近,locked-off,rendered
WB2_COMPOUND_MSB009,MSB009,B01,02,SCN_COMPOUND,CAM_COMPOUND_02_BROTHERS_APPROACH,E:\视觉\投币口\01_AIGC\whitebox_renders_v2\B01\WB2_COMPOUND_MSB009.png,"(-18.9, -5.35, 1.2)",32.0mm,阿磊从画面左后方先出现，双手插兜，装作熟门熟路,步子比弟弟大半拍,rendered
WB2_COMPOUND_MSB010,MSB010,B01,02,SCN_COMPOUND,CAM_COMPOUND_02_BROTHERS_APPROACH,E:\视觉\投币口\01_AIGC\whitebox_renders_v2\B01\WB2_COMPOUND_MSB010.png,"(-21.5, -4.8, 1.05)",36.0mm,小川背浅绿色塌书包跟在半步后，两手攥书包带,肩膀缩，步子短,rendered
WB2_COMPOUND_MSB011,MSB011,B01,02,SCN_COMPOUND,CAM_COMPOUND_02_BROTHERS_APPROACH,E:\视觉\投币口\01_AIGC\whitebox_renders_v2\B01\WB2_COMPOUND_MSB011.png,"(-20.85, -4.25, 1.2)",40.0mm,小满更小，浅色大衬衫，抓衣角，脚尖内扣地跟上,贴着小川的路线走,rendered
WB2_COMPOUND_MSB012,MSB012,B01,02,SCN_COMPOUND,CAM_COMPOUND_02_BROTHERS_APPROACH,E:\视觉\投币口\01_AIGC\whitebox_renders_v2\B01\WB2_COMPOUND_MSB012.png,"(-20.2, -5.35, 1.05)",28.0mm,三兄弟同框，阿磊高一头，小川中间，小满明显更小,三角形站位建立,rendered
WB2_COMPOUND_MSB013,MSB013,B01,02,SCN_COMPOUND,CAM_COMPOUND_02_BROTHERS_APPROACH,E:\视觉\投币口\01_AIGC\whitebox_renders_v2\B01\WB2_COMPOUND_MSB013.png,"(-19.55, -4.8, 1.2)",32.0mm,阿磊半回头催弟弟，手背蹭鼻尖，小川抬眼看他,轻微回头，不改变路线,rendered
WB2_COMPOUND_MSB014,MSB014,B01,02,SCN_COMPOUND,CAM_COMPOUND_02_BROTHERS_APPROACH,E:\视觉\投币口\01_AIGC\whitebox_renders_v2\B01\WB2_COMPOUND_MSB014.png,"(-18.9, -4.25, 1.05)",36.0mm,CRT 光照到小川眼睛和红领巾，小川嘴微张,手仍攥书包带,rendered
WB2_COMPOUND_MSB015,MSB015,B01,02,SCN_COMPOUND,CAM_COMPOUND_02_BROTHERS_APPROACH,E:\视觉\投币口\01_AIGC\whitebox_renders_v2\B01\WB2_COMPOUND_MSB015.png,"(-21.5, -5.35, 1.2)",40.0mm,小满在后面眨眼，抓衣角更紧，身体往小川背后缩,脚尖内扣停一下,rendered
WB2_COMPOUND_MSB016,MSB016,B01,02,SCN_COMPOUND,CAM_COMPOUND_02_BROTHERS_APPROACH,E:\视觉\投币口\01_AIGC\whitebox_renders_v2\B01\WB2_COMPOUND_MSB016.png,"(-20.85, -4.8, 1.05)",28.0mm,三兄弟停在门口，门缝光打到鞋尖，阿磊站最前,队形稳定,rendered
WB2_COMPOUND_MSB017,MSB017,B01,02,SCN_COMPOUND,CAM_COMPOUND_02_BROTHERS_APPROACH,E:\视觉\投币口\01_AIGC\whitebox_renders_v2\B01\WB2_COMPOUND_MSB017.png,"(-20.2, -4.25, 1.2)",32.0mm,阿磊的手伸向脏门帘或门边，袖口磨毛清楚,手从口袋抽出,rendered
WB2_COMPOUND_MSB018,MSB018,B01,02,SCN_COMPOUND,CAM_COMPOUND_02_BROTHERS_APPROACH,E:\视觉\投币口\01_AIGC\whitebox_renders_v2\B01\WB2_COMPOUND_MSB018.png,"(-19.55, -5.35, 1.05)",36.0mm,门帘在三兄弟面前轻晃，三张不同年龄的脸被 CRT 光分层照亮,静止一拍,rendered
WB2_ARCADE_MSB019,MSB019,B01,03,SCN_ARCADE,CAM_ARCADE_01_ENTRANCE_WIDE,E:\视觉\投币口\01_AIGC\whitebox_renders_v2\B01\WB2_ARCADE_MSB019.png,"(0.32, -5.4, 1.2)",22.0mm,脏塑料门帘贴着镜头擦过，后面露出旧街机彩光,门帘晃动作为隐藏剪辑,rendered
WB2_ARCADE_MSB020,MSB020,B01,03,SCN_ARCADE,CAM_ARCADE_01_ENTRANCE_WIDE,E:\视觉\投币口\01_AIGC\whitebox_renders_v2\B01\WB2_ARCADE_MSB020.png,"(-0.32, -5.22, 1.24)",22.0mm,三兄弟站在入口下方，室内低天花和两侧街机压住他们,站位保持阿磊前、小川中、小满后,rendered
WB2_ARCADE_MSB021,MSB021,B01,03,SCN_ARCADE,CAM_ARCADE_01_ENTRANCE_WIDE,E:\视觉\投币口\01_AIGC\whitebox_renders_v2\B01\WB2_ARCADE_MSB021.png,"(-0.16, -5.58, 1.16)",22.0mm,阿磊向前迈一步，肩膀故意撑开，小川和小满还在门口,向前一步后停,rendered
WB2_ARCADE_MSB022,MSB022,B01,03,SCN_ARCADE,CAM_ARCADE_01_ENTRANCE_WIDE,E:\视觉\投币口\01_AIGC\whitebox_renders_v2\B01\WB2_ARCADE_MSB022.png,"(0.0, -5.4, 1.2)",22.0mm,小川侧脸被蓝绿屏幕光照亮，红领巾和书包边缘清楚,头部小幅转向街机,rendered
WB2_ARCADE_MSB023,MSB023,B01,03,SCN_ARCADE,CAM_ARCADE_01_ENTRANCE_WIDE,E:\视觉\投币口\01_AIGC\whitebox_renders_v2\B01\WB2_ARCADE_MSB023.png,"(0.16, -5.22, 1.24)",22.0mm,小满靠近小川身后，只露半个身体，看向发光屏幕,抓衣角，跟半步,rendered
WB2_ARCADE_MSB024,MSB024,B01,03,SCN_ARCADE,CAM_ARCADE_01_ENTRANCE_WIDE,E:\视觉\投币口\01_AIGC\whitebox_renders_v2\B01\WB2_ARCADE_MSB024.png,"(0.32, -5.58, 1.16)",22.0mm,两排旧街机形成狭窄通道，远处有人影但不抢主体,slow dolly in,rendered
WB2_ARCADE_MSB025,MSB025,B01,03,SCN_ARCADE,CAM_ARCADE_01_ENTRANCE_WIDE,E:\视觉\投币口\01_AIGC\whitebox_renders_v2\B01\WB2_ARCADE_MSB025.png,"(-0.32, -5.4, 1.2)",50.0mm,磨损摇杆、彩色按钮、硬币槽，孩子的手和旧机器比例对比,固定近景,rendered
WB2_ARCADE_MSB026,MSB026,B01,03,SCN_ARCADE,CAM_ARCADE_01_ENTRANCE_WIDE,E:\视觉\投币口\01_AIGC\whitebox_renders_v2\B01\WB2_ARCADE_MSB026.png,"(-0.16, -5.22, 1.24)",22.0mm,昏暗顶灯、烟雾、墙上海报和老旧天花板形成密闭感,只允许烟雾轻动,rendered
WB2_ARCADE_MSB027,MSB027,B01,03,SCN_ARCADE,CAM_ARCADE_01_ENTRANCE_WIDE,E:\视觉\投币口\01_AIGC\whitebox_renders_v2\B01\WB2_ARCADE_MSB027.png,"(0.0, -5.58, 1.16)",22.0mm,三人沿街机通道向里走，阿磊被机器吸引，小川跟着看，小满被拉着走,前进方向清楚,rendered
WB2_ARCADE_MSB028,MSB028,B01,03,SCN_ARCADE,CAM_ARCADE_01_ENTRANCE_WIDE,E:\视觉\投币口\01_AIGC\whitebox_renders_v2\B01\WB2_ARCADE_MSB028.png,"(0.16, -5.4, 1.2)",22.0mm,远处一台街头霸王机器的屏幕更亮，像目标点,镜头停在机器方向,rendered
WB2_ARCADE_MSB029,MSB029,B02,04,SCN_ARCADE,CAM_ARCADE_02_STREET_FIGHTER_CABINET,E:\视觉\投币口\01_AIGC\whitebox_renders_v2\B02\WB2_ARCADE_MSB029.png,"(-2.55, -3.25, 1.18)",24.0mm,街头霸王街机占画面中心，屏幕和操作台磨损清楚,固定构图,rendered
WB2_ARCADE_MSB030,MSB030,B02,04,SCN_ARCADE,CAM_ARCADE_02_STREET_FIGHTER_CABINET,E:\视觉\投币口\01_AIGC\whitebox_renders_v2\B02\WB2_ARCADE_MSB030.png,"(-2.22, -3.18, 1.06)",34.0mm,阿磊站到操作位，手放在摇杆旁，下巴微扬,身体前倾，肩膀撑开,rendered
WB2_ARCADE_MSB031,MSB031,B02,04,SCN_ARCADE,CAM_ARCADE_02_STREET_FIGHTER_CABINET,E:\视觉\投币口\01_AIGC\whitebox_renders_v2\B02\WB2_ARCADE_MSB031.png,"(-2.06, -3.0, 1.1)",34.0mm,小川站在阿磊侧后，红领巾被屏幕光照亮，手还抓书包带,不碰机器，只看,rendered
WB2_ARCADE_MSB032,MSB032,B02,04,SCN_ARCADE,CAM_ARCADE_02_STREET_FIGHTER_CABINET,E:\视觉\投币口\01_AIGC\whitebox_renders_v2\B02\WB2_ARCADE_MSB032.png,"(-1.9, -2.82, 1.14)",34.0mm,小满只露出半张脸和浅色衬衫，躲在小川身后看屏幕,贴近小川,rendered
WB2_ARCADE_MSB033,MSB033,B02,04,SCN_ARCADE,CAM_ARCADE_02_STREET_FIGHTER_CABINET,E:\视觉\投币口\01_AIGC\whitebox_renders_v2\B02\WB2_ARCADE_MSB033.png,"(-1.74, -3.18, 1.06)",34.0mm,阿磊的儿童手指放到彩色按钮上，袖口磨毛和按钮划痕同框,手开始操作前的准备,rendered
WB2_ARCADE_MSB034,MSB034,B02,04,SCN_ARCADE,CAM_ARCADE_02_STREET_FIGHTER_CABINET,E:\视觉\投币口\01_AIGC\whitebox_renders_v2\B02\WB2_ARCADE_MSB034.png,"(1.95, -2.7, 1.18)",42.0mm,彬子从机器另一侧进入画面，黄发梢和黑夹克先被看见,下巴前顶，靠近机器,rendered
WB2_ARCADE_MSB035,MSB035,B02,04,SCN_ARCADE,CAM_ARCADE_02_STREET_FIGHTER_CABINET,E:\视觉\投币口\01_AIGC\whitebox_renders_v2\B02\WB2_ARCADE_MSB035.png,"(-2.22, -2.82, 1.14)",34.0mm,阿磊和彬子分别站在机器两侧，屏幕在中间，身高差和气势差清楚,对战站位锁定,rendered
WB2_ARCADE_MSB036,MSB036,B02,04,SCN_ARCADE,CAM_ARCADE_02_STREET_FIGHTER_CABINET,E:\视觉\投币口\01_AIGC\whitebox_renders_v2\B02\WB2_ARCADE_MSB036.png,"(-2.06, -3.18, 1.06)",34.0mm,小川看见彬子，笑意收住，眼睛从屏幕移到彬子脸上,头部小幅转移,rendered
WB2_ARCADE_MSB037,MSB037,B02,04,SCN_ARCADE,CAM_ARCADE_02_STREET_FIGHTER_CABINET,E:\视觉\投币口\01_AIGC\whitebox_renders_v2\B02\WB2_ARCADE_MSB037.png,"(-1.9, -3.0, 1.1)",34.0mm,硬币投入街机槽，金属声和 CRT 光形成对战开始点,手离开硬币槽,rendered
WB2_ARCADE_MSB038,MSB038,B02,05,SCN_ARCADE,CAM_ARCADE_03_DUEL_OVER_SHOULDER,E:\视觉\投币口\01_AIGC\whitebox_renders_v2\B02\WB2_ARCADE_MSB038.png,"(-1.09, -2.02, 1.29)",41.0mm,阿磊左前景肩背、彬子右侧，街霸屏幕夹在中间,镜头固定在屏幕和肩背之间,rendered
WB2_ARCADE_MSB039,MSB039,B02,05,SCN_ARCADE,CAM_ARCADE_03_DUEL_OVER_SHOULDER,E:\视觉\投币口\01_AIGC\whitebox_renders_v2\B02\WB2_ARCADE_MSB039.png,"(-0.93, -2.38, 1.21)",41.0mm,阿磊手指在彩色按钮上快速动作，袖口磨毛明显,只拍手和按钮,rendered
WB2_ARCADE_MSB040,MSB040,B02,05,SCN_ARCADE,CAM_ARCADE_03_DUEL_OVER_SHOULDER,E:\视觉\投币口\01_AIGC\whitebox_renders_v2\B02\WB2_ARCADE_MSB040.png,"(-1.57, -2.2, 1.25)",41.0mm,彬子侧脸被 CRT 光照亮，嘴角歪，眼睛从下往上瞪,下巴前顶,rendered
WB2_ARCADE_MSB041,MSB041,B02,05,SCN_ARCADE,CAM_ARCADE_03_DUEL_OVER_SHOULDER,E:\视觉\投币口\01_AIGC\whitebox_renders_v2\B02\WB2_ARCADE_MSB041.png,"(-1.41, -2.02, 1.29)",41.0mm,小川不看屏幕，先看阿磊脸色，试图判断能不能高兴,攥书包带更紧,rendered
WB2_ARCADE_MSB042,MSB042,B02,05,SCN_ARCADE,CAM_ARCADE_03_DUEL_OVER_SHOULDER,E:\视觉\投币口\01_AIGC\whitebox_renders_v2\B02\WB2_ARCADE_MSB042.png,"(-1.25, -2.38, 1.21)",41.0mm,街霸屏幕出现强烈攻击闪光，不需要真实游戏版权细节,CRT 闪烁,rendered
WB2_ARCADE_MSB043,MSB043,B02,05,SCN_ARCADE,CAM_ARCADE_03_DUEL_OVER_SHOULDER,E:\视觉\投币口\01_AIGC\whitebox_renders_v2\B02\WB2_ARCADE_MSB043.png,"(-1.09, -2.2, 1.25)",41.0mm,阿磊嘴角轻微上扬但不敢太明显，肩膀一抖,手继续操作,rendered
WB2_ARCADE_MSB044,MSB044,B02,05,SCN_ARCADE,CAM_ARCADE_03_DUEL_OVER_SHOULDER,E:\视觉\投币口\01_AIGC\whitebox_renders_v2\B02\WB2_ARCADE_MSB044.png,"(-0.93, -2.02, 1.29)",41.0mm,彬子笑意消失，眨眼变少，鼻翼绷紧,身体僵住,rendered
WB2_ARCADE_MSB045,MSB045,B02,05,SCN_ARCADE,CAM_ARCADE_03_DUEL_OVER_SHOULDER,E:\视觉\投币口\01_AIGC\whitebox_renders_v2\B02\WB2_ARCADE_MSB045.png,"(-1.57, -2.38, 1.21)",41.0mm,CRT 胜利画面红光爆亮，屏幕边缘反射在机身上,画面闪红,rendered
WB2_ARCADE_MSB046,MSB046,B02,05,SCN_ARCADE,CAM_ARCADE_03_DUEL_OVER_SHOULDER,E:\视觉\投币口\01_AIGC\whitebox_renders_v2\B02\WB2_ARCADE_MSB046.png,"(-1.41, -2.2, 1.25)",41.0mm,胜利红光照到彬子脸，黄发梢和嘴角小痣清楚,完全停住一拍,rendered
WB2_ARCADE_MSB047,MSB047,B02,05,SCN_ARCADE,CAM_ARCADE_03_DUEL_OVER_SHOULDER,E:\视觉\投币口\01_AIGC\whitebox_renders_v2\B02\WB2_ARCADE_MSB047.png,"(-1.25, -2.02, 1.29)",41.0mm,阿磊想笑又忍住，手从按钮上离开，下巴更高,肩膀轻抖,rendered
WB2_ARCADE_MSB048,MSB048,B02,05,SCN_ARCADE,CAM_ARCADE_03_DUEL_OVER_SHOULDER,E:\视觉\投币口\01_AIGC\whitebox_renders_v2\B02\WB2_ARCADE_MSB048.png,"(-1.09, -2.38, 1.21)",41.0mm,小川看到哥哥赢，嘴角刚要笑，眼睛还看彬子反应,身体没有靠前,rendered
WB2_ARCADE_MSB049,MSB049,B02,05,SCN_ARCADE,CAM_ARCADE_03_DUEL_OVER_SHOULDER,E:\视觉\投币口\01_AIGC\whitebox_renders_v2\B02\WB2_ARCADE_MSB049.png,"(-0.93, -2.2, 1.25)",41.0mm,彬子越过街机盯住阿磊，背景三同伙模糊出现,彬子不动，只看,rendered
WB2_ARCADE_MSB050,MSB050,B02,06,SCN_ARCADE,CAM_ARCADE_04_BOSS_LOSES_REACTION,E:\视觉\投币口\01_AIGC\whitebox_renders_v2\B02\WB2_ARCADE_MSB050.png,"(1.63, -2.07, 1.19)",40.0mm,彬子脸在红光里僵住，嘴角歪笑消失，下颌咬紧,只允许眼神变化,rendered
WB2_ARCADE_MSB051,MSB051,B02,06,SCN_ARCADE,CAM_ARCADE_04_BOSS_LOSES_REACTION,E:\视觉\投币口\01_AIGC\whitebox_renders_v2\B02\WB2_ARCADE_MSB051.png,"(2.77, -3.15, 1.22)",30.0mm,高杆从背景一侧靠近，灰白夹克和长手臂先形成剪影,慢慢站到边缘,rendered
WB2_ARCADE_MSB052,MSB052,B02,06,SCN_ARCADE,CAM_ARCADE_04_BOSS_LOSES_REACTION,E:\视觉\投币口\01_AIGC\whitebox_renders_v2\B02\WB2_ARCADE_MSB052.png,"(2.85, -3.15, 1.22)",30.0mm,大海宽身体进入背景，褪色 T 恤和宽站姿把空间堵住,脚站宽，抹汗,rendered
WB2_ARCADE_MSB053,MSB053,B02,06,SCN_ARCADE,CAM_ARCADE_04_BOSS_LOSES_REACTION,E:\视觉\投币口\01_AIGC\whitebox_renders_v2\B02\WB2_ARCADE_MSB053.png,"(2.93, -3.15, 1.22)",30.0mm,小齐本来想笑，看到彬子脸色后笑收住，手抠袖口,身体前探又缩回,rendered
WB2_ARCADE_MSB054,MSB054,B02,06,SCN_ARCADE,CAM_ARCADE_04_BOSS_LOSES_REACTION,E:\视觉\投币口\01_AIGC\whitebox_renders_v2\B02\WB2_ARCADE_MSB054.png,"(2.77, -3.15, 1.22)",30.0mm,彬子矮在前，高杆高瘦、大海宽、小齐飘在边缘，轮廓差异清楚,slow push-in,rendered
WB2_ARCADE_MSB055,MSB055,B02,06,SCN_ARCADE,CAM_ARCADE_04_BOSS_LOSES_REACTION,E:\视觉\投币口\01_AIGC\whitebox_renders_v2\B02\WB2_ARCADE_MSB055.png,"(2.85, -3.15, 1.22)",30.0mm,阿磊带着弟弟准备离开，还在压住笑意,向门口方向转身,rendered
WB2_ARCADE_MSB056,MSB056,B02,06,SCN_ARCADE,CAM_ARCADE_04_BOSS_LOSES_REACTION,E:\视觉\投币口\01_AIGC\whitebox_renders_v2\B02\WB2_ARCADE_MSB056.png,"(2.93, -3.15, 1.22)",30.0mm,彬子盯着阿磊背影，手把腰包往上一拽,手部动作短促,rendered
WB2_ARCADE_MSB057,MSB057,B02,06,SCN_ARCADE,CAM_ARCADE_04_BOSS_LOSES_REACTION,E:\视觉\投币口\01_AIGC\whitebox_renders_v2\B02\WB2_ARCADE_MSB057.png,"(2.77, -3.15, 1.22)",30.0mm,游戏厅仍热闹，但四人组所在区域像被声音抽空,背景人模糊不抢主体,rendered
WB2_EXIT_MSB058,MSB058,B03,07,SCN_EXIT,CAM_ARCADE_EXIT_01_LEAVING,E:\视觉\投币口\01_AIGC\whitebox_renders_v2\B03\WB2_EXIT_MSB058.png,"(13.15, -5.6, 1.35)",32.0mm,三兄弟从门内 CRT 彩光走进门外黄路灯，色温切换清楚,从室内到门口,rendered
WB2_EXIT_MSB059,MSB059,B03,07,SCN_EXIT,CAM_ARCADE_EXIT_01_LEAVING,E:\视觉\投币口\01_AIGC\whitebox_renders_v2\B03\WB2_EXIT_MSB059.png,"(13.7, -5.4, 1.35)",36.0mm,阿磊边走边用手模仿刚才的操作，肩膀抖一下,手部比划小幅,rendered
WB2_EXIT_MSB060,MSB060,B03,07,SCN_EXIT,CAM_ARCADE_EXIT_01_LEAVING,E:\视觉\投币口\01_AIGC\whitebox_renders_v2\B03\WB2_EXIT_MSB060.png,"(11.5, -5.8, 1.35)",24.0mm,小川偷偷学阿磊按键动作，马上又攥回书包带,动作小而短,rendered
WB2_EXIT_MSB061,MSB061,B03,07,SCN_EXIT,CAM_ARCADE_EXIT_01_LEAVING,E:\视觉\投币口\01_AIGC\whitebox_renders_v2\B03\WB2_EXIT_MSB061.png,"(12.05, -5.6, 1.35)",28.0mm,小满看小川笑才跟着笑，衣角还攥在手里,脚步慢半拍,rendered
WB2_EXIT_MSB062,MSB062,B03,07,SCN_EXIT,CAM_ARCADE_EXIT_01_LEAVING,E:\视觉\投币口\01_AIGC\whitebox_renders_v2\B03\WB2_EXIT_MSB062.png,"(12.6, -5.4, 1.35)",32.0mm,游戏机房门口缩在老楼角落里，三兄弟走向小路方向,低机位跟拍,rendered
WB2_EXIT_MSB063,MSB063,B03,07,SCN_EXIT,CAM_ARCADE_EXIT_01_LEAVING,E:\视觉\投币口\01_AIGC\whitebox_renders_v2\B03\WB2_EXIT_MSB063.png,"(13.15, -5.8, 1.35)",36.0mm,门口旧招牌和漏出的彩光逐渐留在后景，街机声远去,镜头被暗处遮挡,rendered
WB2_EXIT_MSB064,MSB064,B03,07,SCN_EXIT,CAM_ARCADE_EXIT_01_LEAVING,E:\视觉\投币口\01_AIGC\whitebox_renders_v2\B03\WB2_EXIT_MSB064.png,"(13.7, -5.6, 1.35)",24.0mm,阿磊保持前方，小川半步后，小满最后，队形回到初始但更放松,向小路方向走,rendered
WB2_EXIT_MSB065,MSB065,B03,07,SCN_EXIT,CAM_ARCADE_EXIT_01_LEAVING,E:\视觉\投币口\01_AIGC\whitebox_renders_v2\B03\WB2_EXIT_MSB065.png,"(11.5, -5.4, 1.35)",28.0mm,三兄弟走进老小区背后的暗巷入口，黄路灯把影子拉长,影子变长,rendered
WB2_ALLEY_MSB066,MSB066,B03,08,SCN_ALLEY,CAM_ALLEY_01_WALK_HOME,E:\视觉\投币口\01_AIGC\whitebox_renders_v2\B03\WB2_ALLEY_MSB066.png,"(31.82, -10.08, 1.53)",24.0mm,狭窄小路两侧围墙和杂草，远处旧路灯，路面湿而空,locked-off,rendered
WB2_ALLEY_MSB067,MSB067,B03,08,SCN_ALLEY,CAM_ALLEY_01_WALK_HOME,E:\视觉\投币口\01_AIGC\whitebox_renders_v2\B03\WB2_ALLEY_MSB067.png,"(32.0, -9.8, 1.55)",24.0mm,三兄弟从画面左侧进入，小路深处留出危险空间,低机位 tracking,rendered
WB2_ALLEY_MSB068,MSB068,B03,08,SCN_ALLEY,CAM_ALLEY_01_WALK_HOME,E:\视觉\投币口\01_AIGC\whitebox_renders_v2\B03\WB2_ALLEY_MSB068.png,"(32.18, -9.52, 1.57)",24.0mm,阿磊边走边比划摇杆，小川抬头认真听,向前走，手比划,rendered
WB2_ALLEY_MSB069,MSB069,B03,08,SCN_ALLEY,CAM_ALLEY_01_WALK_HOME,E:\视觉\投币口\01_AIGC\whitebox_renders_v2\B03\WB2_ALLEY_MSB069.png,"(32.36, -10.08, 1.53)",24.0mm,小满落后半步，脚尖内扣，努力跟上哥哥节奏,小跑两步追上,rendered
WB2_ALLEY_MSB070,MSB070,B03,08,SCN_ALLEY,CAM_ALLEY_01_WALK_HOME,E:\视觉\投币口\01_AIGC\whitebox_renders_v2\B03\WB2_ALLEY_MSB070.png,"(31.64, -9.8, 1.55)",24.0mm,路边碎砖石和一块普通石块在画面角落出现，不被强调成武器,固定低角度,rendered
WB2_ALLEY_MSB071,MSB071,B03,08,SCN_ALLEY,CAM_ALLEY_01_WALK_HOME,E:\视觉\投币口\01_AIGC\whitebox_renders_v2\B03\WB2_ALLEY_MSB071.png,"(31.82, -9.52, 1.57)",24.0mm,小川从石块旁走过，完全没注意，书包甩过前景,石块作为环境锚点,rendered
WB2_ALLEY_MSB072,MSB072,B03,08,SCN_ALLEY,CAM_ALLEY_01_WALK_HOME,E:\视觉\投币口\01_AIGC\whitebox_renders_v2\B03\WB2_ALLEY_MSB072.png,"(32.0, -10.08, 1.53)",24.0mm,小路前方灯下出现几个人影，三兄弟还未完全意识到,人物在远处不清晰,rendered
WB2_ALLEY_MSB073,MSB073,B03,08,SCN_ALLEY,CAM_ALLEY_01_WALK_HOME,E:\视觉\投币口\01_AIGC\whitebox_renders_v2\B03\WB2_ALLEY_MSB073.png,"(32.18, -9.8, 1.55)",24.0mm,阿磊的比划停住，身体略挡到小川前面,步子慢下来,rendered
WB2_ALLEY_MSB074,MSB074,B03,08,SCN_ALLEY,CAM_ALLEY_01_WALK_HOME,E:\视觉\投币口\01_AIGC\whitebox_renders_v2\B03\WB2_ALLEY_MSB074.png,"(32.36, -9.52, 1.57)",24.0mm,小川不看前方，先看阿磊脸色，笑收住,头转向阿磊,rendered
WB2_ALLEY_MSB075,MSB075,B03,08,SCN_ALLEY,CAM_ALLEY_01_WALK_HOME,E:\视觉\投币口\01_AIGC\whitebox_renders_v2\B03\WB2_ALLEY_MSB075.png,"(31.64, -10.08, 1.53)",24.0mm,三兄弟停住，前方阴影更清楚，后方路变暗,左右空间锁定,rendered
WB2_ALLEY_MSB076,MSB076,B03,09,SCN_ALLEY,CAM_ALLEY_02_BLOCKED,E:\视觉\投币口\01_AIGC\whitebox_renders_v2\B03\WB2_ALLEY_MSB076.png,"(31.82, -8.6, 1.65)",24.0mm,彬子带三人从小路前方堵住去路，四人剪影差异明显,locked-off,rendered
WB2_ALLEY_MSB077,MSB077,B03,09,SCN_ALLEY,CAM_ALLEY_02_BLOCKED,E:\视觉\投币口\01_AIGC\whitebox_renders_v2\B03\WB2_ALLEY_MSB077.png,"(32.0, -8.32, 1.67)",24.0mm,彬子短小身形向前压，下巴顶出，手拽腰包,向前半步后停,rendered
WB2_ALLEY_MSB078,MSB078,B03,09,SCN_ALLEY,CAM_ALLEY_02_BLOCKED,E:\视觉\投币口\01_AIGC\whitebox_renders_v2\B03\WB2_ALLEY_MSB078.png,"(30.55, -4.95, 1.2)",40.0mm,高杆站在路边，长手臂横住墙边空隙,横臂封路,rendered
WB2_ALLEY_MSB079,MSB079,B03,09,SCN_ALLEY,CAM_ALLEY_02_BLOCKED,E:\视觉\投币口\01_AIGC\whitebox_renders_v2\B03\WB2_ALLEY_MSB079.png,"(33.2, -4.7, 1.08)",42.0mm,大海宽脚站在路中，褪色 T 恤汗湿领口，身体像墙,宽站姿不动,rendered
WB2_ALLEY_MSB080,MSB080,B03,09,SCN_ALLEY,CAM_ALLEY_02_BLOCKED,E:\视觉\投币口\01_AIGC\whitebox_renders_v2\B03\WB2_ALLEY_MSB080.png,"(31.64, -8.32, 1.67)",24.0mm,小齐在边缘前探，嘴角快笑，手还抠袖口,换重心,rendered
WB2_ALLEY_MSB081,MSB081,B03,09,SCN_ALLEY,CAM_ALLEY_02_BLOCKED,E:\视觉\投币口\01_AIGC\whitebox_renders_v2\B03\WB2_ALLEY_MSB081.png,"(31.82, -8.88, 1.63)",24.0mm,阿磊迈到小川和小满前面，三兄弟左侧队形收紧,身体挡前,rendered
WB2_ALLEY_MSB082,MSB082,B03,09,SCN_ALLEY,CAM_ALLEY_02_BLOCKED,E:\视觉\投币口\01_AIGC\whitebox_renders_v2\B03\WB2_ALLEY_MSB082.png,"(32.0, -8.6, 1.65)",24.0mm,小川站在阿磊背后半个身位，眼睛越过哥哥看彬子,攥书包带,rendered
WB2_ALLEY_MSB083,MSB083,B03,09,SCN_ALLEY,CAM_ALLEY_02_BLOCKED,E:\视觉\投币口\01_AIGC\whitebox_renders_v2\B03\WB2_ALLEY_MSB083.png,"(32.18, -8.32, 1.67)",24.0mm,小满退到墙边，抓衣角，脚尖内扣，不知道该跑还是站,僵住,rendered
WB2_ALLEY_MSB084,MSB084,B03,09,SCN_ALLEY,CAM_ALLEY_02_BLOCKED,E:\视觉\投币口\01_AIGC\whitebox_renders_v2\B03\WB2_ALLEY_MSB084.png,"(32.36, -8.88, 1.63)",24.0mm,小路像被两组人堵成死巷，三兄弟后方也变暗,不翻轴,rendered
WB2_ALLEY_MSB085,MSB085,B03,09,SCN_ALLEY,CAM_ALLEY_02_BLOCKED,E:\视觉\投币口\01_AIGC\whitebox_renders_v2\B03\WB2_ALLEY_MSB085.png,"(31.64, -8.6, 1.65)",24.0mm,彬子越过小路盯住阿磊，旧街机红光记忆从脸上隐约回响,眼神锁定,rendered
WB2_ALLEY_MSB086,MSB086,B04,10,SCN_ALLEY,CAM_ALLEY_03_BROTHER_BEATEN,E:\视觉\投币口\01_AIGC\whitebox_renders_v2\B04\WB2_ALLEY_MSB086.png,"(33.82, -4.72, 1.42)",32.0mm,混混四人从半圆收拢，阿磊被挤到画面中心,向中心挤压,rendered
WB2_ALLEY_MSB087,MSB087,B04,10,SCN_ALLEY,CAM_ALLEY_03_BROTHER_BEATEN,E:\视觉\投币口\01_AIGC\whitebox_renders_v2\B04\WB2_ALLEY_MSB087.png,"(34.0, -5.28, 1.38)",32.0mm,阿磊下巴抬着说话，手却从口袋里抽出来挡在身前,后退半步,rendered
WB2_ALLEY_MSB088,MSB088,B04,10,SCN_ALLEY,CAM_ALLEY_03_BROTHER_BEATEN,E:\视觉\投币口\01_AIGC\whitebox_renders_v2\B04\WB2_ALLEY_MSB088.png,"(34.18, -5.0, 1.4)",32.0mm,高杆长手臂挡住阿磊侧后，灰白袖子像横杠,横臂不大动,rendered
WB2_ALLEY_MSB089,MSB089,B04,10,SCN_ALLEY,CAM_ALLEY_03_BROTHER_BEATEN,E:\视觉\投币口\01_AIGC\whitebox_renders_v2\B04\WB2_ALLEY_MSB089.png,"(34.36, -4.72, 1.42)",32.0mm,大海用肩膀和身体把空间压小，不做漂亮拳脚,身体前压,rendered
WB2_ALLEY_MSB090,MSB090,B04,10,SCN_ALLEY,CAM_ALLEY_03_BROTHER_BEATEN,E:\视觉\投币口\01_AIGC\whitebox_renders_v2\B04\WB2_ALLEY_MSB090.png,"(33.64, -5.28, 1.38)",32.0mm,小齐在边上起哄，身体前探但脚随时想退,换重心,rendered
WB2_ALLEY_MSB091,MSB091,B04,10,SCN_ALLEY,CAM_ALLEY_03_BROTHER_BEATEN,E:\视觉\投币口\01_AIGC\whitebox_renders_v2\B04\WB2_ALLEY_MSB091.png,"(33.82, -5.0, 1.4)",32.0mm,彬子站到阿磊面前，短脖子前压，嘴角歪,下巴顶人,rendered
WB2_ALLEY_MSB092,MSB092,B04,10,SCN_ALLEY,CAM_ALLEY_03_BROTHER_BEATEN,E:\视觉\投币口\01_AIGC\whitebox_renders_v2\B04\WB2_ALLEY_MSB092.png,"(34.0, -4.72, 1.42)",32.0mm,阿磊被推得肩膀一歪，仍想站稳,身体失衡但没倒,rendered
WB2_ALLEY_MSB093,MSB093,B04,10,SCN_ALLEY,CAM_ALLEY_03_BROTHER_BEATEN,E:\视觉\投币口\01_AIGC\whitebox_renders_v2\B04\WB2_ALLEY_MSB093.png,"(34.18, -5.28, 1.38)",32.0mm,小川站在侧面，双手攥书包带，眼睛在哥哥和彬子之间跳,身体收紧,rendered
WB2_ALLEY_MSB094,MSB094,B04,10,SCN_ALLEY,CAM_ALLEY_03_BROTHER_BEATEN,E:\视觉\投币口\01_AIGC\whitebox_renders_v2\B04\WB2_ALLEY_MSB094.png,"(34.36, -5.0, 1.4)",32.0mm,小满靠墙，嘴角下压，抓衣角，不哭也不喊,脚尖内扣，冻结,rendered
WB2_ALLEY_MSB095,MSB095,B04,10,SCN_ALLEY,CAM_ALLEY_03_BROTHER_BEATEN,E:\视觉\投币口\01_AIGC\whitebox_renders_v2\B04\WB2_ALLEY_MSB095.png,"(33.64, -4.72, 1.42)",32.0mm,阿磊被推到更低位置，混混身体变成画面边框,手持轻晃后停,rendered
WB2_ALLEY_MSB096,MSB096,B04,10,SCN_ALLEY,CAM_ALLEY_03_BROTHER_BEATEN,E:\视觉\投币口\01_AIGC\whitebox_renders_v2\B04\WB2_ALLEY_MSB096.png,"(33.82, -5.28, 1.38)",32.0mm,彬子表情变空，手臂或身体准备进一步动作，但不展示暴力细节,动作停在准备阶段,rendered
WB2_ALLEY_MSB097,MSB097,B04,10,SCN_ALLEY,CAM_ALLEY_03_BROTHER_BEATEN,E:\视觉\投币口\01_AIGC\whitebox_renders_v2\B04\WB2_ALLEY_MSB097.png,"(34.0, -5.0, 1.4)",32.0mm,小川看到彬子的准备动作，脸僵住，眼神即将落向地面,头部开始下移,rendered
WB2_ALLEY_MSB098,MSB098,B04,11,SCN_ALLEY,CAM_ALLEY_04_STONE_HIT,E:\视觉\投币口\01_AIGC\whitebox_renders_v2\B04\WB2_ALLEY_MSB098.png,"(29.93, -5.72, 1.12)",36.0mm,路边普通石块在湿地边缘，旁边碎砖和杂草说明它属于环境,固定低角度,rendered
WB2_ALLEY_MSB099,MSB099,B04,11,SCN_ALLEY,CAM_ALLEY_04_STONE_HIT,E:\视觉\投币口\01_AIGC\whitebox_renders_v2\B04\WB2_ALLEY_MSB099.png,"(30.11, -6.28, 1.08)",36.0mm,小川眼神从哥哥和彬子之间突然落到地面石块,只有眼神变化,rendered
WB2_ALLEY_MSB100,MSB100,B04,11,SCN_ALLEY,CAM_ALLEY_04_STONE_HIT,E:\视觉\投币口\01_AIGC\whitebox_renders_v2\B04\WB2_ALLEY_MSB100.png,"(29.9, -6.0, 1.1)",36.0mm,小川一只手从书包带上松开，指节发白,手部松开,rendered
WB2_ALLEY_MSB101,MSB101,B04,11,SCN_ALLEY,CAM_ALLEY_04_STONE_HIT,E:\视觉\投币口\01_AIGC\whitebox_renders_v2\B04\WB2_ALLEY_MSB101.png,"(29.9, -5.72, 1.12)",36.0mm,小川身体歪斜向下，不是漂亮下蹲，书包失去平衡,身体向下折,rendered
WB2_ALLEY_MSB102,MSB102,B04,11,SCN_ALLEY,CAM_ALLEY_04_STONE_HIT,E:\视觉\投币口\01_AIGC\whitebox_renders_v2\B04\WB2_ALLEY_MSB102.png,"(29.9, -6.28, 1.08)",36.0mm,小川的手碰到湿石块，泥水和小手比例清楚,手抓住石块,rendered
WB2_ALLEY_MSB103,MSB103,B04,11,SCN_ALLEY,CAM_ALLEY_04_STONE_HIT,E:\视觉\投币口\01_AIGC\whitebox_renders_v2\B04\WB2_ALLEY_MSB103.png,"(29.93, -6.0, 1.1)",36.0mm,彬子准备动作继续靠近阿磊，画面边缘小川弯身,两条动作线并置,rendered
WB2_ALLEY_MSB104,MSB104,B04,11,SCN_ALLEY,CAM_ALLEY_04_STONE_HIT,E:\视觉\投币口\01_AIGC\whitebox_renders_v2\B04\WB2_ALLEY_MSB104.png,"(30.11, -5.72, 1.12)",36.0mm,小川抓着石块猛地起身，身体歪，动作短促混乱,起身+甩动合一,rendered
WB2_ALLEY_MSB105,MSB105,B04,11,SCN_ALLEY,CAM_ALLEY_04_STONE_HIT,E:\视觉\投币口\01_AIGC\whitebox_renders_v2\B04\WB2_ALLEY_MSB105.png,"(29.9, -6.28, 1.08)",36.0mm,前景人影或路灯柱遮住冲击瞬间，只看到众人身体突然停住,动作后突然 locked-off,rendered
WB2_ALLEY_MSB106,MSB106,B04,11,SCN_ALLEY,CAM_ALLEY_04_STONE_HIT,E:\视觉\投币口\01_AIGC\whitebox_renders_v2\B04\WB2_ALLEY_MSB106.png,"(29.9, -6.0, 1.1)",36.0mm,彬子不做血腥表现，只拍脸上不可置信和失去凶相的空白,停住不动,rendered
WB2_ALLEY_MSB107,MSB107,B04,11,SCN_ALLEY,CAM_ALLEY_04_STONE_HIT,E:\视觉\投币口\01_AIGC\whitebox_renders_v2\B04\WB2_ALLEY_MSB107.png,"(29.9, -5.72, 1.12)",36.0mm,小川手还悬着，嘴张开但发不出声，浅绿书包歪到一边,冻结一拍,rendered
WB2_ALLEY_MSB108,MSB108,B04,12,SCN_ALLEY,CAM_ALLEY_05_ESCAPE_VECTOR,E:\视觉\投币口\01_AIGC\whitebox_renders_v2\B04\WB2_ALLEY_MSB108.png,"(29.95, -7.35, 1.05)",34.0mm,小川从冻结中突然歪出去，脚步不是标准起跑,身体先歪，脚才跟上,rendered
WB2_ALLEY_MSB109,MSB109,B04,12,SCN_ALLEY,CAM_ALLEY_05_ESCAPE_VECTOR,E:\视觉\投币口\01_AIGC\whitebox_renders_v2\B04\WB2_ALLEY_MSB109.png,"(30.05, -6.95, 0.78)",42.0mm,浅绿色书包斜甩，红领巾被带起，证明是同一个主角,低位跟拍,rendered
WB2_ALLEY_MSB110,MSB110,B04,12,SCN_ALLEY,CAM_ALLEY_05_ESCAPE_VECTOR,E:\视觉\投币口\01_AIGC\whitebox_renders_v2\B04\WB2_ALLEY_MSB110.png,"(29.69, -8.77, 1.19)",26.0mm,阿磊和小满留在混乱后方，阿磊半起身想喊，小满仍僵,不跟跑,rendered
WB2_ALLEY_MSB111,MSB111,B04,12,SCN_ALLEY,CAM_ALLEY_05_ESCAPE_VECTOR,E:\视觉\投币口\01_AIGC\whitebox_renders_v2\B04\WB2_ALLEY_MSB111.png,"(29.87, -9.33, 1.15)",26.0mm,高杆和大海先愣住，小齐收声，彬子状态不清,动作延迟,rendered
WB2_ALLEY_MSB112,MSB112,B04,12,SCN_ALLEY,CAM_ALLEY_05_ESCAPE_VECTOR,E:\视觉\投币口\01_AIGC\whitebox_renders_v2\B04\WB2_ALLEY_MSB112.png,"(30.05, -9.05, 1.17)",26.0mm,小川跑过刚才石块所在位置，湿地反光拉长,沿同一轴线向深处,rendered
WB2_ALLEY_MSB113,MSB113,B04,12,SCN_ALLEY,CAM_ALLEY_05_ESCAPE_VECTOR,E:\视觉\投币口\01_AIGC\whitebox_renders_v2\B04\WB2_ALLEY_MSB113.png,"(30.23, -8.77, 1.19)",26.0mm,后方混混开始反应追，但与小川保持距离,同方向，不翻轴,rendered
WB2_ALLEY_MSB114,MSB114,B04,12,SCN_ALLEY,CAM_ALLEY_05_ESCAPE_VECTOR,E:\视觉\投币口\01_AIGC\whitebox_renders_v2\B04\WB2_ALLEY_MSB114.png,"(30.41, -9.33, 1.15)",26.0mm,黑暗墙面快速擦过镜头，作为逃跑隐藏剪辑,横向擦镜,rendered
WB2_ALLEY_MSB115,MSB115,B04,12,SCN_ALLEY,CAM_ALLEY_05_ESCAPE_VECTOR,E:\视觉\投币口\01_AIGC\whitebox_renders_v2\B04\WB2_ALLEY_MSB115.png,"(29.69, -9.05, 1.17)",26.0mm,旧路灯在小川头顶拉成长条，像 CRT 扫描线预兆,低位跟拍,rendered
WB2_ALLEY_MSB116,MSB116,B04,12,SCN_ALLEY,CAM_ALLEY_05_ESCAPE_VECTOR,E:\视觉\投币口\01_AIGC\whitebox_renders_v2\B04\WB2_ALLEY_MSB116.png,"(29.87, -8.77, 1.19)",26.0mm,小川边跑边短促回头，圆眼睛睁大，嘴还张着,头部快速回看,rendered
WB2_ALLEY_MSB117,MSB117,B04,12,SCN_ALLEY,CAM_ALLEY_05_ESCAPE_VECTOR,E:\视觉\投币口\01_AIGC\whitebox_renders_v2\B04\WB2_ALLEY_MSB117.png,"(30.05, -9.33, 1.15)",26.0mm,小路尽头出现废楼暗入口，像唯一可逃方向,镜头前方显露入口,rendered
WB2_ALLEY_MSB118,MSB118,B04,12,SCN_ALLEY,CAM_ALLEY_05_ESCAPE_VECTOR,E:\视觉\投币口\01_AIGC\whitebox_renders_v2\B04\WB2_ALLEY_MSB118.png,"(30.23, -9.05, 1.17)",26.0mm,小川朝废楼入口跑去，追兵声音留在后方,方向锁定废楼,rendered
WB2_ALLEY_MSB119,MSB119,B04,12,SCN_ALLEY,CAM_ALLEY_05_ESCAPE_VECTOR,E:\视觉\投币口\01_AIGC\whitebox_renders_v2\B04\WB2_ALLEY_MSB119.png,"(30.41, -8.77, 1.19)",26.0mm,小川身影被废楼入口暗处吞进去，路灯黄留在外面,暗处过门,rendered
WB2_CORRIDOR_MSB120,MSB120,B05,13,SCN_CORRIDOR,CAM_CORRIDOR_01_ENTRY_LONG,E:\视觉\投币口\01_AIGC\whitebox_renders_v2\B05\WB2_CORRIDOR_MSB120.png,"(-1.32, 3.5, 0.95)",24.0mm,从废楼内部看小川冲进来，外面小路黄光在身后变小,由外到内,rendered
WB2_CORRIDOR_MSB121,MSB121,B05,13,SCN_CORRIDOR,CAM_CORRIDOR_01_ENTRY_LONG,E:\视觉\投币口\01_AIGC\whitebox_renders_v2\B05\WB2_CORRIDOR_MSB121.png,"(-1.16, 3.5, 1.03)",27.0mm,冷绿灯管照到小川脸和红领巾，颜色从黄路灯切换,停顿半拍,rendered
WB2_CORRIDOR_MSB122,MSB122,B05,13,SCN_CORRIDOR,CAM_CORRIDOR_01_ENTRY_LONG,E:\视觉\投币口\01_AIGC\whitebox_renders_v2\B05\WB2_CORRIDOR_MSB122.png,"(-1.25, 22.7, 1.05)",42.0mm,长走廊重复门洞和消防箱清楚，小川站在近处很小,中轴透视,rendered
WB2_CORRIDOR_MSB123,MSB123,B05,13,SCN_CORRIDOR,CAM_CORRIDOR_01_ENTRY_LONG,E:\视觉\投币口\01_AIGC\whitebox_renders_v2\B05\WB2_CORRIDOR_MSB123.png,"(-0.84, 3.5, 1.03)",33.0mm,小川沿走廊深处跑，书包晃动变小,向深处奔跑,rendered
WB2_CORRIDOR_MSB124,MSB124,B05,13,SCN_CORRIDOR,CAM_CORRIDOR_01_ENTRY_LONG,E:\视觉\投币口\01_AIGC\whitebox_renders_v2\B05\WB2_CORRIDOR_MSB124.png,"(-0.68, 3.5, 0.95)",36.0mm,白鞋踩过湿冷地面，回声拉长,脚步快速不稳,rendered
WB2_CORRIDOR_MSB125,MSB125,B05,13,SCN_CORRIDOR,CAM_CORRIDOR_01_ENTRY_LONG,E:\视觉\投币口\01_AIGC\whitebox_renders_v2\B05\WB2_CORRIDOR_MSB125.png,"(-1.32, 5.1, 1.03)",24.0mm,小川回头看入口，追兵声像被门口吞掉,头部回看,rendered
WB2_CORRIDOR_MSB126,MSB126,B05,13,SCN_CORRIDOR,CAM_CORRIDOR_01_ENTRY_LONG,E:\视觉\投币口\01_AIGC\whitebox_renders_v2\B05\WB2_CORRIDOR_MSB126.png,"(-1.35, 22.7, 1.05)",42.0mm,发霉墙、旧标语残片、消防箱红色块，建立废楼质感,固定细节,rendered
WB2_CORRIDOR_MSB127,MSB127,B05,13,SCN_CORRIDOR,CAM_CORRIDOR_01_ENTRY_LONG,E:\视觉\投币口\01_AIGC\whitebox_renders_v2\B05\WB2_CORRIDOR_MSB127.png,"(-1.0, 7.25, 1.03)",30.0mm,小川跑向深处，身影被重复门洞切碎,低机位慢推,rendered
WB2_CORRIDOR_MSB128,MSB128,B05,13,SCN_CORRIDOR,CAM_CORRIDOR_01_ENTRY_LONG,E:\视觉\投币口\01_AIGC\whitebox_renders_v2\B05\WB2_CORRIDOR_MSB128.png,"(-0.84, 8.85, 0.95)",33.0mm,小川刚跑出画面，走廊空着，只剩冷绿灯闪,locked-off,rendered
WB2_CORRIDOR_MSB129,MSB129,B05,14,SCN_CORRIDOR,CAM_CORRIDOR_02_LOW_TRACK,E:\视觉\投币口\01_AIGC\whitebox_renders_v2\B05\WB2_CORRIDOR_MSB129.png,"(-1.05, 12.45, 1.05)",42.0mm,镜头贴着墙面跟小川跑，墙皮近到压迫画面,低位 tracking,rendered
WB2_CORRIDOR_MSB130,MSB130,B05,14,SCN_CORRIDOR,CAM_CORRIDOR_02_LOW_TRACK,E:\视觉\投币口\01_AIGC\whitebox_renders_v2\B05\WB2_CORRIDOR_MSB130.png,"(-1.45, 13.7, 1.05)",42.0mm,小川一只手扶墙，另一只手抓书包带，呼吸乱,手擦过发霉墙,rendered
WB2_CORRIDOR_MSB131,MSB131,B05,14,SCN_CORRIDOR,CAM_CORRIDOR_02_LOW_TRACK,E:\视觉\投币口\01_AIGC\whitebox_renders_v2\B05\WB2_CORRIDOR_MSB131.png,"(-1.16, 12.6, 1.03)",27.0mm,小川猛回头，远处没有清晰追兵，只有灯管闪,头部快速回看,rendered
WB2_CORRIDOR_MSB132,MSB132,B05,14,SCN_CORRIDOR,CAM_CORRIDOR_02_LOW_TRACK,E:\视觉\投币口\01_AIGC\whitebox_renders_v2\B05\WB2_CORRIDOR_MSB132.png,"(-1.0, 16.55, 0.95)",30.0mm,重复门洞看起来比上一镜更多，但结构仍真实,slow dolly in,rendered
WB2_CORRIDOR_MSB133,MSB133,B05,14,SCN_CORRIDOR,CAM_CORRIDOR_02_LOW_TRACK,E:\视觉\投币口\01_AIGC\whitebox_renders_v2\B05\WB2_CORRIDOR_MSB133.png,"(-0.84, 17.85, 1.03)",33.0mm,冷绿灯管闪烁，节奏慢慢接近电话铃,灯光闪动,rendered
WB2_CORRIDOR_MSB134,MSB134,B05,14,SCN_CORRIDOR,CAM_CORRIDOR_02_LOW_TRACK,E:\视觉\投币口\01_AIGC\whitebox_renders_v2\B05\WB2_CORRIDOR_MSB134.png,"(-0.68, 16.35, 0.95)",36.0mm,小川停在走廊边，嘴张开，试图听声音,停住，身体仍绷,rendered
WB2_CORRIDOR_MSB135,MSB135,B05,14,SCN_CORRIDOR,CAM_CORRIDOR_02_LOW_TRACK,E:\视觉\投币口\01_AIGC\whitebox_renders_v2\B05\WB2_CORRIDOR_MSB135.png,"(-1.32, 19.4, 1.03)",24.0mm,走廊尽头仍是暗门，没有出口，空间像循环,中轴固定,rendered
WB2_CORRIDOR_MSB136,MSB136,B05,14,SCN_CORRIDOR,CAM_CORRIDOR_02_LOW_TRACK,E:\视觉\投币口\01_AIGC\whitebox_renders_v2\B05\WB2_CORRIDOR_MSB136.png,"(-1.16, 18.5, 0.95)",27.0mm,小川从跑变成慢走，书包歪着，脚步变轻,速度减慢,rendered
WB2_CORRIDOR_MSB137,MSB137,B05,14,SCN_CORRIDOR,CAM_CORRIDOR_02_LOW_TRACK,E:\视觉\投币口\01_AIGC\whitebox_renders_v2\B05\WB2_CORRIDOR_MSB137.png,"(-1.0, 25.65, 1.03)",30.0mm,小川听到远处铃声，眼睛抬起但不知来源,头微抬,rendered
WB2_CORRIDOR_MSB138,MSB138,B05,14,SCN_CORRIDOR,CAM_CORRIDOR_02_LOW_TRACK,E:\视觉\投币口\01_AIGC\whitebox_renders_v2\B05\WB2_CORRIDOR_MSB138.png,"(-0.84, 24.95, 0.95)",33.0mm,走廊深处出现极弱暖点，还不像电话亭,远处暖光一点,rendered
WB2_PHONE_MSB139,MSB139,B05,15,SCN_PHONE,CAM_PHONE_01_DISTANT_GLOW,E:\视觉\投币口\01_AIGC\whitebox_renders_v2\B05\WB2_PHONE_MSB139.png,"(0.16, 15.0, 1.35)",35.0mm,走廊尽头暖白光变清楚，电话亭轮廓第一次可辨,locked-off,rendered
WB2_PHONE_MSB140,MSB140,B05,15,SCN_PHONE,CAM_PHONE_01_DISTANT_GLOW,E:\视觉\投币口\01_AIGC\whitebox_renders_v2\B05\WB2_PHONE_MSB140.png,"(-0.16, 15.22, 1.38)",35.0mm,小川在走廊中段停下，面对远处电话亭，比例很小,身体停住,rendered
WB2_PHONE_MSB141,MSB141,B05,15,SCN_PHONE,CAM_PHONE_01_DISTANT_GLOW,E:\视觉\投币口\01_AIGC\whitebox_renders_v2\B05\WB2_PHONE_MSB141.png,"(-0.08, 14.78, 1.32)",35.0mm,小川侧脸听铃声，眼睛看向暖光，红领巾微亮,头慢慢抬,rendered
WB2_PHONE_MSB142,MSB142,B05,15,SCN_PHONE,CAM_PHONE_01_DISTANT_GLOW,E:\视觉\投币口\01_AIGC\whitebox_renders_v2\B05\WB2_PHONE_MSB142.png,"(0.0, 15.0, 1.35)",35.0mm,电话亭不合理地嵌在废楼深处，但材质是旧玻璃和金属,不移动，只发光,rendered
WB2_PHONE_MSB143,MSB143,B05,15,SCN_PHONE,CAM_PHONE_01_DISTANT_GLOW,E:\视觉\投币口\01_AIGC\whitebox_renders_v2\B05\WB2_PHONE_MSB143.png,"(-0.35, 17.65, 1.18)",32.0mm,冷绿走廊和暖白电话亭形成明确色块，小川夹在中间,构图对称,rendered
WB2_PHONE_MSB144,MSB144,B05,15,SCN_PHONE,CAM_PHONE_01_DISTANT_GLOW,E:\视觉\投币口\01_AIGC\whitebox_renders_v2\B05\WB2_PHONE_MSB144.png,"(-0.45, 19.2, 1.12)",38.0mm,小川很慢地向电话亭方向迈一步，不是逃跑,慢步向前,rendered
WB2_PHONE_MSB145,MSB145,B05,15,SCN_PHONE,CAM_PHONE_01_DISTANT_GLOW,E:\视觉\投币口\01_AIGC\whitebox_renders_v2\B05\WB2_PHONE_MSB145.png,"(-0.16, 15.0, 1.35)",35.0mm,电话亭内旧电话和垂下电话线隐约可见,微 push-in,rendered
WB2_PHONE_MSB146,MSB146,B05,15,SCN_PHONE,CAM_PHONE_01_DISTANT_GLOW,E:\视觉\投币口\01_AIGC\whitebox_renders_v2\B05\WB2_PHONE_MSB146.png,"(-0.08, 15.22, 1.38)",35.0mm,小川在电话亭前方一段距离停下，暖光照到鞋尖,停顿一拍,rendered
WB2_PHONE_MSB147,MSB147,B05,16,SCN_PHONE,CAM_PHONE_02_APPROACH_CLOSE,E:\视觉\投币口\01_AIGC\whitebox_renders_v2\B05\WB2_PHONE_MSB147.png,"(-1.15, 28.78, 1.32)",35.0mm,电话亭门框占前景，小川从左侧黑暗靠近,slow dolly in,rendered
WB2_PHONE_MSB148,MSB148,B05,16,SCN_PHONE,CAM_PHONE_02_APPROACH_CLOSE,E:\视觉\投币口\01_AIGC\whitebox_renders_v2\B05\WB2_PHONE_MSB148.png,"(-1.07, 29.0, 1.35)",35.0mm,暖白光先照到小川红领巾和脸下半部，眼睛仍在阴影里,慢慢前进,rendered
WB2_PHONE_MSB149,MSB149,B05,16,SCN_PHONE,CAM_PHONE_02_APPROACH_CLOSE,E:\视觉\投币口\01_AIGC\whitebox_renders_v2\B05\WB2_PHONE_MSB149.png,"(-0.99, 29.22, 1.38)",35.0mm,浅绿色书包边缘被电话亭光勾出来，肩带一松一紧,小步靠近,rendered
WB2_PHONE_MSB150,MSB150,B05,16,SCN_PHONE,CAM_PHONE_02_APPROACH_CLOSE,E:\视觉\投币口\01_AIGC\whitebox_renders_v2\B05\WB2_PHONE_MSB150.png,"(-1.31, 28.78, 1.32)",35.0mm,小川眼睛看向旧听筒，不看镜头，嘴唇半张,头微转,rendered
WB2_PHONE_MSB151,MSB151,B05,16,SCN_PHONE,CAM_PHONE_02_APPROACH_CLOSE,E:\视觉\投币口\01_AIGC\whitebox_renders_v2\B05\WB2_PHONE_MSB151.png,"(-1.23, 29.0, 1.35)",35.0mm,小川手伸向电话亭边缘又缩回一点，指尖颤,伸手-停-缩,rendered
WB2_PHONE_MSB152,MSB152,B05,16,SCN_PHONE,CAM_PHONE_02_APPROACH_CLOSE,E:\视觉\投币口\01_AIGC\whitebox_renders_v2\B05\WB2_PHONE_MSB152.png,"(-1.15, 29.22, 1.38)",35.0mm,小川站在电话亭前，小身体被暖光包住，背后仍是冷绿走廊,停住,rendered
WB2_PHONE_MSB153,MSB153,B05,16,SCN_PHONE,CAM_PHONE_02_APPROACH_CLOSE,E:\视觉\投币口\01_AIGC\whitebox_renders_v2\B05\WB2_PHONE_MSB153.png,"(-1.35, 28.85, 1.35)",32.0mm,旧电话听筒轻微震动或铃声源头被强调，塑料旧化清楚,固定特写,rendered
WB2_PHONE_MSB154,MSB154,B05,16,SCN_PHONE,CAM_PHONE_02_APPROACH_CLOSE,E:\视觉\投币口\01_AIGC\whitebox_renders_v2\B05\WB2_PHONE_MSB154.png,"(-0.99, 29.0, 1.35)",35.0mm,小川手悬在听筒旁，眼泪没落，呼吸压住,手悬停,rendered
WB2_PHONE_MSB155,MSB155,B06,17,SCN_PHONE,CAM_PHONE_03_RECEIVER_INSERT,E:\视觉\投币口\01_AIGC\whitebox_renders_v2\B06\WB2_PHONE_MSB155.png,"(-0.81, 31.07, 1.48)",67.0mm,旧电话听筒安静挂着，暖白光照出塑料划痕,fixed close-up,rendered
WB2_PHONE_MSB156,MSB156,B06,17,SCN_PHONE,CAM_PHONE_03_RECEIVER_INSERT,E:\视觉\投币口\01_AIGC\whitebox_renders_v2\B06\WB2_PHONE_MSB156.png,"(-1.22, 30.12, 1.43)",42.0mm,小川的小手从下方进入画面，指尖犹豫,手慢慢靠近,rendered
WB2_PHONE_MSB157,MSB157,B06,17,SCN_PHONE,CAM_PHONE_03_RECEIVER_INSERT,E:\视觉\投币口\01_AIGC\whitebox_renders_v2\B06\WB2_PHONE_MSB157.png,"(-0.65, 30.85, 1.45)",67.0mm,指尖刚碰到旧听筒，手指发僵,微颤,rendered
WB2_PHONE_MSB158,MSB158,B06,17,SCN_PHONE,CAM_PHONE_03_RECEIVER_INSERT,E:\视觉\投币口\01_AIGC\whitebox_renders_v2\B06\WB2_PHONE_MSB158.png,"(-0.57, 31.07, 1.48)",67.0mm,听筒被轻轻拿起，底座弹起，电话线开始晃,向上拿起,rendered
WB2_PHONE_MSB159,MSB159,B06,17,SCN_PHONE,CAM_PHONE_03_RECEIVER_INSERT,E:\视觉\投币口\01_AIGC\whitebox_renders_v2\B06\WB2_PHONE_MSB159.png,"(-1.14, 30.12, 1.43)",42.0mm,旧电话线轻轻晃，形状像之后的像素线条,轻摆,rendered
WB2_PHONE_MSB160,MSB160,B06,17,SCN_PHONE,CAM_PHONE_03_RECEIVER_INSERT,E:\视觉\投币口\01_AIGC\whitebox_renders_v2\B06\WB2_PHONE_MSB160.png,"(-0.81, 30.85, 1.45)",67.0mm,小川把听筒贴近耳边，眼睛看向空处,手停在耳边,rendered
WB2_PHONE_MSB161,MSB161,B06,17,SCN_PHONE,CAM_PHONE_03_RECEIVER_INSERT,E:\视觉\投币口\01_AIGC\whitebox_renders_v2\B06\WB2_PHONE_MSB161.png,"(-0.73, 31.07, 1.48)",67.0mm,小川脸部微微僵住，暖光与冷绿在脸上分裂,完全静止一拍,rendered
WB2_PHONE_MSB162,MSB162,B06,18,SCN_PHONE,CAM_PHONE_02_APPROACH_CLOSE,E:\视觉\投币口\01_AIGC\whitebox_renders_v2\B06\WB2_PHONE_MSB162.png,"(-1.15, 28.78, 1.32)",35.0mm,电话线表面出现细微 CRT 扫描线，不是科幻电流,线条轻闪,rendered
WB2_PHONE_MSB163,MSB163,B06,18,SCN_PHONE,CAM_PHONE_02_APPROACH_CLOSE,E:\视觉\投币口\01_AIGC\whitebox_renders_v2\B06\WB2_PHONE_MSB163.png,"(-1.07, 29.0, 1.35)",35.0mm,扫描线从听筒沿电话线到小川手腕，手仍颤,不移动位置,rendered
WB2_PHONE_MSB164,MSB164,B06,18,SCN_PHONE,CAM_PHONE_02_APPROACH_CLOSE,E:\视觉\投币口\01_AIGC\whitebox_renders_v2\B06\WB2_PHONE_MSB164.png,"(-0.99, 29.22, 1.38)",35.0mm,小川红领巾边缘出现低分辨率色块，但脸仍真实,像素从边缘开始,rendered
WB2_PHONE_MSB165,MSB165,B06,18,SCN_PHONE,CAM_PHONE_02_APPROACH_CLOSE,E:\视觉\投币口\01_AIGC\whitebox_renders_v2\B06\WB2_PHONE_MSB165.png,"(-1.31, 28.78, 1.32)",35.0mm,浅绿色书包边缘被像素块切开，身份锚点保留,身体不动,rendered
WB2_PHONE_MSB166,MSB166,B06,18,SCN_PHONE,CAM_PHONE_02_APPROACH_CLOSE,E:\视觉\投币口\01_AIGC\whitebox_renders_v2\B06\WB2_PHONE_MSB166.png,"(-1.23, 29.0, 1.35)",35.0mm,电话亭后方走廊墙砖和灯管边缘开始色彩错位,locked-off,rendered
WB2_PHONE_MSB167,MSB167,B06,18,SCN_PHONE,CAM_PHONE_02_APPROACH_CLOSE,E:\视觉\投币口\01_AIGC\whitebox_renders_v2\B06\WB2_PHONE_MSB167.png,"(-1.15, 29.22, 1.38)",35.0mm,小川半张脸仍真实，半张脸被扫描线切割,保持同一脸,rendered
WB2_PHONE_MSB168,MSB168,B06,18,SCN_PHONE,CAM_PHONE_02_APPROACH_CLOSE,E:\视觉\投币口\01_AIGC\whitebox_renders_v2\B06\WB2_PHONE_MSB168.png,"(-1.07, 28.78, 1.32)",35.0mm,走廊纵深像纸片一样被压平，电话亭位置仍在深处,空间压平,rendered
WB2_PHONE_MSB169,MSB169,B06,18,SCN_PHONE,CAM_PHONE_02_APPROACH_CLOSE,E:\视觉\投币口\01_AIGC\whitebox_renders_v2\B06\WB2_PHONE_MSB169.png,"(-0.99, 29.0, 1.35)",35.0mm,CRT 扫描线和像素块闪白，作为进入 8-bit 的隐藏剪辑,强光但不换主题,rendered
WB2_8BIT_MSB170,MSB170,B06,19,SCN_8BIT,CAM_8BIT_01_STAGE_WIDE,E:\视觉\投币口\01_AIGC\whitebox_renders_v2\B06\WB2_8BIT_MSB170.png,"(14.56, 27.4, 2.06)",ortho 7.40,废楼走廊变成像素横版舞台，电话亭在背景中右,orthographic fixed,rendered
WB2_8BIT_MSB171,MSB171,B06,19,SCN_8BIT,CAM_8BIT_01_STAGE_WIDE,E:\视觉\投币口\01_AIGC\whitebox_renders_v2\B06\WB2_8BIT_MSB171.png,"(14.78, 27.85, 1.94)",ortho 7.30,像素小川站在左侧，蓝白外套、红领巾、浅绿书包色块清楚,小幅 idle,rendered
WB2_8BIT_MSB172,MSB172,B06,19,SCN_8BIT,CAM_8BIT_01_STAGE_WIDE,E:\视觉\投币口\01_AIGC\whitebox_renders_v2\B06\WB2_8BIT_MSB172.png,"(15.0, 26.5, 2.0)",ortho 7.20,老街机 UI 边缘出现，血条/分数有限色盘，不遮挡角色,UI 静止,rendered
WB2_8BIT_MSB173,MSB173,B06,19,SCN_8BIT,CAM_8BIT_01_STAGE_WIDE,E:\视觉\投币口\01_AIGC\whitebox_renders_v2\B06\WB2_8BIT_MSB173.png,"(15.22, 26.95, 2.06)",ortho 7.10,四个像素敌人的影子从右侧进入，轮廓差异先出现,右到左入场,rendered
WB2_8BIT_MSB174,MSB174,B06,19,SCN_8BIT,CAM_8BIT_01_STAGE_WIDE,E:\视觉\投币口\01_AIGC\whitebox_renders_v2\B06\WB2_8BIT_MSB174.png,"(15.44, 27.4, 1.94)",ortho 7.00,短小黑夹克黄发像素敌人站在前方，腰包小色块可读,前压 idle,rendered
WB2_8BIT_MSB175,MSB175,B06,19,SCN_8BIT,CAM_8BIT_01_STAGE_WIDE,E:\视觉\投币口\01_AIGC\whitebox_renders_v2\B06\WB2_8BIT_MSB175.png,"(14.56, 27.85, 2.0)",ortho 6.90,高杆像素敌人长条身形，横臂封路动作保留,横臂待机,rendered
WB2_8BIT_MSB176,MSB176,B06,19,SCN_8BIT,CAM_8BIT_01_STAGE_WIDE,E:\视觉\投币口\01_AIGC\whitebox_renders_v2\B06\WB2_8BIT_MSB176.png,"(14.78, 26.5, 2.06)",ortho 6.80,宽体块大海和抖动小齐进入队形，四人功能清楚,右侧站位,rendered
WB2_8BIT_MSB177,MSB177,B06,19,SCN_8BIT,CAM_8BIT_01_STAGE_WIDE,E:\视觉\投币口\01_AIGC\whitebox_renders_v2\B06\WB2_8BIT_MSB177.png,"(15.0, 26.95, 1.94)",ortho 6.70,像素小川左侧，四个敌人右侧，电话亭仍在背景，开战前停一拍,全体 idle,rendered
WB2_8BIT_MSB178,MSB178,B06,20,SCN_8BIT,CAM_8BIT_02_WIN_SCREEN,E:\视觉\投币口\01_AIGC\whitebox_renders_v2\B06\WB2_8BIT_MSB178.png,"(15.18, 28.95, 2.35)",ortho 5.70,像素小川用浅绿书包色块形成短促旋风，击退最近敌人,动作不超过一拍,rendered
WB2_8BIT_MSB179,MSB179,B06,20,SCN_8BIT,CAM_8BIT_02_WIN_SCREEN,E:\视觉\投币口\01_AIGC\whitebox_renders_v2\B06\WB2_8BIT_MSB179.png,"(15.36, 29.3, 2.4)",ortho 5.62,一枚像素硬币从小川方向弹出，形成低分辨率冲击波,左到右短促,rendered
WB2_8BIT_MSB180,MSB180,B06,20,SCN_8BIT,CAM_8BIT_02_WIN_SCREEN,E:\视觉\投币口\01_AIGC\whitebox_renders_v2\B06\WB2_8BIT_MSB180.png,"(14.64, 28.6, 2.3)",ortho 5.54,高杆长条像素敌人向后滑，横臂封路姿态瓦解,右侧后退,rendered
WB2_8BIT_MSB181,MSB181,B06,20,SCN_8BIT,CAM_8BIT_02_WIN_SCREEN,E:\视觉\投币口\01_AIGC\whitebox_renders_v2\B06\WB2_8BIT_MSB181.png,"(14.82, 28.95, 2.35)",ortho 5.46,大海宽体块敌人被推回，挡路墙感消失,后退两格,rendered
WB2_8BIT_MSB182,MSB182,B06,20,SCN_8BIT,CAM_8BIT_02_WIN_SCREEN,E:\视觉\投币口\01_AIGC\whitebox_renders_v2\B06\WB2_8BIT_MSB182.png,"(15.0, 29.3, 2.4)",ortho 5.38,小齐小像素敌人第一个慌张后跳，条纹色块抖动,快速后跳,rendered
WB2_8BIT_MSB183,MSB183,B06,20,SCN_8BIT,CAM_8BIT_02_WIN_SCREEN,E:\视觉\投币口\01_AIGC\whitebox_renders_v2\B06\WB2_8BIT_MSB183.png,"(15.18, 28.6, 2.3)",ortho 5.30,彬子像素敌人最后停住，黄发黑夹克色块仍清楚,短暂停住,rendered
WB2_8BIT_MSB184,MSB184,B06,20,SCN_8BIT,CAM_8BIT_02_WIN_SCREEN,E:\视觉\投币口\01_AIGC\whitebox_renders_v2\B06\WB2_8BIT_MSB184.png,"(15.36, 28.95, 2.35)",ortho 5.22,敌人全部消失或倒地成低分辨率闪烁，不做血腥表现,画面短促闪白,rendered
WB2_8BIT_MSB185,MSB185,B06,20,SCN_8BIT,CAM_8BIT_02_WIN_SCREEN,E:\视觉\投币口\01_AIGC\whitebox_renders_v2\B06\WB2_8BIT_MSB185.png,"(14.64, 29.3, 2.4)",ortho 5.14,像素小川站在左中，仍是紧张待机动作，没有胜利姿势,静止,rendered
WB2_8BIT_MSB186,MSB186,B06,20,SCN_8BIT,CAM_8BIT_02_WIN_SCREEN,E:\视觉\投币口\01_AIGC\whitebox_renders_v2\B06\WB2_8BIT_MSB186.png,"(14.82, 28.6, 2.3)",ortho 5.06,巨大黄色像素字 WIN 出现在画面中央，背景仍是废楼像素走廊,UI 弹出,rendered
WB2_8BIT_MSB187,MSB187,B06,20,SCN_8BIT,CAM_8BIT_02_WIN_SCREEN,E:\视觉\投币口\01_AIGC\whitebox_renders_v2\B06\WB2_8BIT_MSB187.png,"(15.0, 28.95, 2.35)",ortho 5.06,WIN 保持不动，像街机卡住一样安静，电话亭轮廓仍在背景,几乎静止,rendered
WB2_8BIT_MSB188,MSB188,B06,20,SCN_8BIT,CAM_8BIT_02_WIN_SCREEN,E:\视觉\投币口\01_AIGC\whitebox_renders_v2\B06\WB2_8BIT_MSB188.png,"(15.18, 29.3, 2.4)",ortho 5.06,画面角落闪出 INSERT COIN，WIN 仍在，街机待机感吞掉结局,文字闪烁,rendered
