asset_id,category,batch,pure_path,annotated_path,pure_exists,no_text_or_labels,identity_ok,space_ok,lighting_ok,whitebox_ok,overall_status,issue_summary,root_cause,replacement_needed,replacement_path
MSB001,micro_storyboard,B01,visual_assets/pure/micro_storyboard/B01/MSB001_v002.png,visual_assets/annotated/micro_storyboard/B01/MSB001_v002_annotated.png,pass,review,not_applicable,pass,pass,pass,pure_generated_needs_human_review,possible tiny wall marks near doorway/window need no-text human review,,no,
MSB002,micro_storyboard,B01,visual_assets/pure/micro_storyboard/B01/MSB002_v002.png,visual_assets/annotated/micro_storyboard/B01/MSB002_v002_annotated.png,pass,pass,not_applicable,pass,pass,pass,pure_generated_needs_human_review,needs director review before annotated copy,,no,
MSB003,micro_storyboard,B01,visual_assets/pure/micro_storyboard/B01/MSB003_v002.png,visual_assets/annotated/micro_storyboard/B01/MSB003_v002_annotated.png,pass,pass,not_applicable,pass,pass,pass,pure_generated_needs_human_review,needs director review before annotated copy,,no,
MSB004,micro_storyboard,B01,visual_assets/pure/micro_storyboard/B01/MSB004_v001.png,visual_assets/annotated/micro_storyboard/B01/MSB004_v001_annotated.png,pending,pending,pending,pending,pending,pending,planned,,,,
MSB005,micro_storyboard,B01,visual_assets/pure/micro_storyboard/B01/MSB005_v001.png,visual_assets/annotated/micro_storyboard/B01/MSB005_v001_annotated.png,pending,pending,pending,pending,pending,pending,planned,,,,
MSB006,micro_storyboard,B01,visual_assets/pure/micro_storyboard/B01/MSB006_v001.png,visual_assets/annotated/micro_storyboard/B01/MSB006_v001_annotated.png,pending,pending,pending,pending,pending,pending,planned,,,,
MSB007,micro_storyboard,B01,visual_assets/pure/micro_storyboard/B01/MSB007_v001.png,visual_assets/annotated/micro_storyboard/B01/MSB007_v001_annotated.png,pending,pending,pending,pending,pending,pending,planned,,,,
MSB008,micro_storyboard,B01,visual_assets/pure/micro_storyboard/B01/MSB008_v001.png,visual_assets/annotated/micro_storyboard/B01/MSB008_v001_annotated.png,pending,pending,pending,pending,pending,pending,planned,,,,
MSB009,micro_storyboard,B01,visual_assets/pure/micro_storyboard/B01/MSB009_v001.png,visual_assets/annotated/micro_storyboard/B01/MSB009_v001_annotated.png,pending,pending,pending,pending,pending,pending,planned,,,,
MSB010,micro_storyboard,B01,visual_assets/pure/micro_storyboard/B01/MSB010_v001.png,visual_assets/annotated/micro_storyboard/B01/MSB010_v001_annotated.png,pending,pending,pending,pending,pending,pending,planned,,,,
MSB011,micro_storyboard,B01,visual_assets/pure/micro_storyboard/B01/MSB011_v001.png,visual_assets/annotated/micro_storyboard/B01/MSB011_v001_annotated.png,pending,pending,pending,pending,pending,pending,planned,,,,
MSB012,micro_storyboard,B01,visual_assets/pure/micro_storyboard/B01/MSB012_v003.png,visual_assets/annotated/micro_storyboard/B01/MSB012_v003_annotated.png,pass,review,review,pass,pass,pass,pure_generated_needs_human_review,v003 fixes v002 empty-open-curtain causality; right-wall tiny paper/sign detail needs no-text human review before annotation,v002 rejected because distant curtain was pulled open with no visible actor causing it,no,
MSB013,micro_storyboard,B01,visual_assets/pure/micro_storyboard/B01/MSB013_v001.png,visual_assets/annotated/micro_storyboard/B01/MSB013_v001_annotated.png,pending,pending,pending,pending,pending,pending,planned,,,,
MSB014,micro_storyboard,B01,visual_assets/pure/micro_storyboard/B01/MSB014_v001.png,visual_assets/annotated/micro_storyboard/B01/MSB014_v001_annotated.png,pending,pending,pending,pending,pending,pending,planned,,,,
MSB015,micro_storyboard,B01,visual_assets/pure/micro_storyboard/B01/MSB015_v001.png,visual_assets/annotated/micro_storyboard/B01/MSB015_v001_annotated.png,pending,pending,pending,pending,pending,pending,planned,,,,
MSB016,micro_storyboard,B01,visual_assets/pure/micro_storyboard/B01/MSB016_v001.png,visual_assets/annotated/micro_storyboard/B01/MSB016_v001_annotated.png,pending,pending,pending,pending,pending,pending,planned,,,,
MSB017,micro_storyboard,B01,visual_assets/pure/micro_storyboard/B01/MSB017_v001.png,visual_assets/annotated/micro_storyboard/B01/MSB017_v001_annotated.png,pending,pending,pending,pending,pending,pending,planned,,,,
MSB018,micro_storyboard,B01,visual_assets/pure/micro_storyboard/B01/MSB018_v001.png,visual_assets/annotated/micro_storyboard/B01/MSB018_v001_annotated.png,pending,pending,pending,pending,pending,pending,planned,,,,
MSB019,micro_storyboard,B01,visual_assets/pure/micro_storyboard/B01/MSB019_v002.png,visual_assets/annotated/micro_storyboard/B01/MSB019_v002_annotated.png,pending,pending,pending,pending,pending,pending,planned,v001 sparse arcade rejected; regenerate with very crowded smoky arcade density,,yes,visual_assets/pure/micro_storyboard/B01/MSB019_v002.png
MSB020,micro_storyboard,B01,visual_assets/pure/micro_storyboard/B01/MSB020_v003.png,visual_assets/annotated/micro_storyboard/B01/MSB020_v003_annotated.png,pending,pending,pending,pending,pending,pending,planned,v002 rejected: wrong_camera_subject_relation; rear-follow entrance shot must show backs/three-quarter backs and gaze into crowded arcade,character-sheet/front-facing bias in storyboard prompt,yes,visual_assets/pure/micro_storyboard/B01/MSB020_v003.png
MSB021,micro_storyboard,B01,visual_assets/pure/micro_storyboard/B01/MSB021_v003.png,visual_assets/annotated/micro_storyboard/B01/MSB021_v003_annotated.png,pending,pending,pending,pending,pending,pending,planned,v002 rejected: wrong_camera_subject_relation; rear-follow entrance shot must show backs/three-quarter backs and gaze into crowded arcade,character-sheet/front-facing bias in storyboard prompt,yes,visual_assets/pure/micro_storyboard/B01/MSB021_v003.png
MSB022,micro_storyboard,B01,visual_assets/pure/micro_storyboard/B01/MSB022_v001.png,visual_assets/annotated/micro_storyboard/B01/MSB022_v001_annotated.png,pending,pending,pending,pending,pending,pending,planned,,,,
MSB023,micro_storyboard,B01,visual_assets/pure/micro_storyboard/B01/MSB023_v001.png,visual_assets/annotated/micro_storyboard/B01/MSB023_v001_annotated.png,pending,pending,pending,pending,pending,pending,planned,,,,
MSB024,micro_storyboard,B01,visual_assets/pure/micro_storyboard/B01/MSB024_v001.png,visual_assets/annotated/micro_storyboard/B01/MSB024_v001_annotated.png,pending,pending,pending,pending,pending,pending,planned,,,,
MSB025,micro_storyboard,B01,visual_assets/pure/micro_storyboard/B01/MSB025_v001.png,visual_assets/annotated/micro_storyboard/B01/MSB025_v001_annotated.png,pending,pending,pending,pending,pending,pending,planned,,,,
MSB026,micro_storyboard,B01,visual_assets/pure/micro_storyboard/B01/MSB026_v001.png,visual_assets/annotated/micro_storyboard/B01/MSB026_v001_annotated.png,pending,pending,pending,pending,pending,pending,planned,,,,
MSB027,micro_storyboard,B01,visual_assets/pure/micro_storyboard/B01/MSB027_v001.png,visual_assets/annotated/micro_storyboard/B01/MSB027_v001_annotated.png,pending,pending,pending,pending,pending,pending,planned,,,,
MSB028,micro_storyboard,B01,visual_assets/pure/micro_storyboard/B01/MSB028_v001.png,visual_assets/annotated/micro_storyboard/B01/MSB028_v001_annotated.png,pending,pending,pending,pending,pending,pending,planned,,,,
MSB029,micro_storyboard,B02,visual_assets/pure/micro_storyboard/B02/MSB029_v001.png,visual_assets/annotated/micro_storyboard/B02/MSB029_v001_annotated.png,pending,pending,pending,pending,pending,pending,planned,,,,
MSB030,micro_storyboard,B02,visual_assets/pure/micro_storyboard/B02/MSB030_v001.png,visual_assets/annotated/micro_storyboard/B02/MSB030_v001_annotated.png,pending,pending,pending,pending,pending,pending,planned,,,,
MSB031,micro_storyboard,B02,visual_assets/pure/micro_storyboard/B02/MSB031_v001.png,visual_assets/annotated/micro_storyboard/B02/MSB031_v001_annotated.png,pending,pending,pending,pending,pending,pending,planned,,,,
MSB032,micro_storyboard,B02,visual_assets/pure/micro_storyboard/B02/MSB032_v001.png,visual_assets/annotated/micro_storyboard/B02/MSB032_v001_annotated.png,pending,pending,pending,pending,pending,pending,planned,,,,
MSB033,micro_storyboard,B02,visual_assets/pure/micro_storyboard/B02/MSB033_v001.png,visual_assets/annotated/micro_storyboard/B02/MSB033_v001_annotated.png,pending,pending,pending,pending,pending,pending,planned,,,,
MSB034,micro_storyboard,B02,visual_assets/pure/micro_storyboard/B02/MSB034_v001.png,visual_assets/annotated/micro_storyboard/B02/MSB034_v001_annotated.png,pending,pending,pending,pending,pending,pending,planned,,,,
MSB035,micro_storyboard,B02,visual_assets/pure/micro_storyboard/B02/MSB035_v001.png,visual_assets/annotated/micro_storyboard/B02/MSB035_v001_annotated.png,pending,pending,pending,pending,pending,pending,planned,,,,
MSB036,micro_storyboard,B02,visual_assets/pure/micro_storyboard/B02/MSB036_v001.png,visual_assets/annotated/micro_storyboard/B02/MSB036_v001_annotated.png,pending,pending,pending,pending,pending,pending,planned,,,,
MSB037,micro_storyboard,B02,visual_assets/pure/micro_storyboard/B02/MSB037_v001.png,visual_assets/annotated/micro_storyboard/B02/MSB037_v001_annotated.png,pending,pending,pending,pending,pending,pending,planned,,,,
MSB038,micro_storyboard,B02,visual_assets/pure/micro_storyboard/B02/MSB038_v001.png,visual_assets/annotated/micro_storyboard/B02/MSB038_v001_annotated.png,pending,pending,pending,pending,pending,pending,planned,,,,
MSB039,micro_storyboard,B02,visual_assets/pure/micro_storyboard/B02/MSB039_v001.png,visual_assets/annotated/micro_storyboard/B02/MSB039_v001_annotated.png,pending,pending,pending,pending,pending,pending,planned,,,,
MSB040,micro_storyboard,B02,visual_assets/pure/micro_storyboard/B02/MSB040_v001.png,visual_assets/annotated/micro_storyboard/B02/MSB040_v001_annotated.png,pending,pending,pending,pending,pending,pending,planned,,,,
MSB041,micro_storyboard,B02,visual_assets/pure/micro_storyboard/B02/MSB041_v001.png,visual_assets/annotated/micro_storyboard/B02/MSB041_v001_annotated.png,pending,pending,pending,pending,pending,pending,planned,,,,
MSB042,micro_storyboard,B02,visual_assets/pure/micro_storyboard/B02/MSB042_v001.png,visual_assets/annotated/micro_storyboard/B02/MSB042_v001_annotated.png,pending,pending,pending,pending,pending,pending,planned,,,,
MSB043,micro_storyboard,B02,visual_assets/pure/micro_storyboard/B02/MSB043_v001.png,visual_assets/annotated/micro_storyboard/B02/MSB043_v001_annotated.png,pending,pending,pending,pending,pending,pending,planned,,,,
MSB044,micro_storyboard,B02,visual_assets/pure/micro_storyboard/B02/MSB044_v001.png,visual_assets/annotated/micro_storyboard/B02/MSB044_v001_annotated.png,pending,pending,pending,pending,pending,pending,planned,,,,
MSB045,micro_storyboard,B02,visual_assets/pure/micro_storyboard/B02/MSB045_v001.png,visual_assets/annotated/micro_storyboard/B02/MSB045_v001_annotated.png,pending,pending,pending,pending,pending,pending,planned,,,,
MSB046,micro_storyboard,B02,visual_assets/pure/micro_storyboard/B02/MSB046_v001.png,visual_assets/annotated/micro_storyboard/B02/MSB046_v001_annotated.png,pending,pending,pending,pending,pending,pending,planned,,,,
MSB047,micro_storyboard,B02,visual_assets/pure/micro_storyboard/B02/MSB047_v001.png,visual_assets/annotated/micro_storyboard/B02/MSB047_v001_annotated.png,pending,pending,pending,pending,pending,pending,planned,,,,
MSB048,micro_storyboard,B02,visual_assets/pure/micro_storyboard/B02/MSB048_v001.png,visual_assets/annotated/micro_storyboard/B02/MSB048_v001_annotated.png,pending,pending,pending,pending,pending,pending,planned,,,,
MSB049,micro_storyboard,B02,visual_assets/pure/micro_storyboard/B02/MSB049_v001.png,visual_assets/annotated/micro_storyboard/B02/MSB049_v001_annotated.png,pending,pending,pending,pending,pending,pending,planned,,,,
MSB050,micro_storyboard,B02,visual_assets/pure/micro_storyboard/B02/MSB050_v001.png,visual_assets/annotated/micro_storyboard/B02/MSB050_v001_annotated.png,pending,pending,pending,pending,pending,pending,planned,,,,
MSB051,micro_storyboard,B02,visual_assets/pure/micro_storyboard/B02/MSB051_v001.png,visual_assets/annotated/micro_storyboard/B02/MSB051_v001_annotated.png,pending,pending,pending,pending,pending,pending,planned,,,,
MSB052,micro_storyboard,B02,visual_assets/pure/micro_storyboard/B02/MSB052_v001.png,visual_assets/annotated/micro_storyboard/B02/MSB052_v001_annotated.png,pending,pending,pending,pending,pending,pending,planned,,,,
MSB053,micro_storyboard,B02,visual_assets/pure/micro_storyboard/B02/MSB053_v001.png,visual_assets/annotated/micro_storyboard/B02/MSB053_v001_annotated.png,pending,pending,pending,pending,pending,pending,planned,,,,
MSB054,micro_storyboard,B02,visual_assets/pure/micro_storyboard/B02/MSB054_v001.png,visual_assets/annotated/micro_storyboard/B02/MSB054_v001_annotated.png,pending,pending,pending,pending,pending,pending,planned,,,,
MSB055,micro_storyboard,B02,visual_assets/pure/micro_storyboard/B02/MSB055_v001.png,visual_assets/annotated/micro_storyboard/B02/MSB055_v001_annotated.png,pending,pending,pending,pending,pending,pending,planned,,,,
MSB056,micro_storyboard,B02,visual_assets/pure/micro_storyboard/B02/MSB056_v001.png,visual_assets/annotated/micro_storyboard/B02/MSB056_v001_annotated.png,pending,pending,pending,pending,pending,pending,planned,,,,
MSB057,micro_storyboard,B02,visual_assets/pure/micro_storyboard/B02/MSB057_v001.png,visual_assets/annotated/micro_storyboard/B02/MSB057_v001_annotated.png,pending,pending,pending,pending,pending,pending,planned,,,,
MSB058,micro_storyboard,B03,visual_assets/pure/micro_storyboard/B03/MSB058_v001.png,visual_assets/annotated/micro_storyboard/B03/MSB058_v001_annotated.png,pending,pending,pending,pending,pending,pending,planned,,,,
MSB059,micro_storyboard,B03,visual_assets/pure/micro_storyboard/B03/MSB059_v001.png,visual_assets/annotated/micro_storyboard/B03/MSB059_v001_annotated.png,pending,pending,pending,pending,pending,pending,planned,,,,
MSB060,micro_storyboard,B03,visual_assets/pure/micro_storyboard/B03/MSB060_v001.png,visual_assets/annotated/micro_storyboard/B03/MSB060_v001_annotated.png,pending,pending,pending,pending,pending,pending,planned,,,,
MSB061,micro_storyboard,B03,visual_assets/pure/micro_storyboard/B03/MSB061_v001.png,visual_assets/annotated/micro_storyboard/B03/MSB061_v001_annotated.png,pending,pending,pending,pending,pending,pending,planned,,,,
MSB062,micro_storyboard,B03,visual_assets/pure/micro_storyboard/B03/MSB062_v001.png,visual_assets/annotated/micro_storyboard/B03/MSB062_v001_annotated.png,pending,pending,pending,pending,pending,pending,planned,,,,
MSB063,micro_storyboard,B03,visual_assets/pure/micro_storyboard/B03/MSB063_v001.png,visual_assets/annotated/micro_storyboard/B03/MSB063_v001_annotated.png,pending,pending,pending,pending,pending,pending,planned,,,,
MSB064,micro_storyboard,B03,visual_assets/pure/micro_storyboard/B03/MSB064_v001.png,visual_assets/annotated/micro_storyboard/B03/MSB064_v001_annotated.png,pending,pending,pending,pending,pending,pending,planned,,,,
MSB065,micro_storyboard,B03,visual_assets/pure/micro_storyboard/B03/MSB065_v001.png,visual_assets/annotated/micro_storyboard/B03/MSB065_v001_annotated.png,pending,pending,pending,pending,pending,pending,planned,,,,
MSB066,micro_storyboard,B03,visual_assets/pure/micro_storyboard/B03/MSB066_v001.png,visual_assets/annotated/micro_storyboard/B03/MSB066_v001_annotated.png,pending,pending,pending,pending,pending,pending,planned,,,,
MSB067,micro_storyboard,B03,visual_assets/pure/micro_storyboard/B03/MSB067_v001.png,visual_assets/annotated/micro_storyboard/B03/MSB067_v001_annotated.png,pending,pending,pending,pending,pending,pending,planned,,,,
MSB068,micro_storyboard,B03,visual_assets/pure/micro_storyboard/B03/MSB068_v001.png,visual_assets/annotated/micro_storyboard/B03/MSB068_v001_annotated.png,pending,pending,pending,pending,pending,pending,planned,,,,
MSB069,micro_storyboard,B03,visual_assets/pure/micro_storyboard/B03/MSB069_v001.png,visual_assets/annotated/micro_storyboard/B03/MSB069_v001_annotated.png,pending,pending,pending,pending,pending,pending,planned,,,,
MSB070,micro_storyboard,B03,visual_assets/pure/micro_storyboard/B03/MSB070_v001.png,visual_assets/annotated/micro_storyboard/B03/MSB070_v001_annotated.png,pending,pending,pending,pending,pending,pending,planned,,,,
MSB071,micro_storyboard,B03,visual_assets/pure/micro_storyboard/B03/MSB071_v001.png,visual_assets/annotated/micro_storyboard/B03/MSB071_v001_annotated.png,pending,pending,pending,pending,pending,pending,planned,,,,
MSB072,micro_storyboard,B03,visual_assets/pure/micro_storyboard/B03/MSB072_v001.png,visual_assets/annotated/micro_storyboard/B03/MSB072_v001_annotated.png,pending,pending,pending,pending,pending,pending,planned,,,,
MSB073,micro_storyboard,B03,visual_assets/pure/micro_storyboard/B03/MSB073_v001.png,visual_assets/annotated/micro_storyboard/B03/MSB073_v001_annotated.png,pending,pending,pending,pending,pending,pending,planned,,,,
MSB074,micro_storyboard,B03,visual_assets/pure/micro_storyboard/B03/MSB074_v001.png,visual_assets/annotated/micro_storyboard/B03/MSB074_v001_annotated.png,pending,pending,pending,pending,pending,pending,planned,,,,
MSB075,micro_storyboard,B03,visual_assets/pure/micro_storyboard/B03/MSB075_v001.png,visual_assets/annotated/micro_storyboard/B03/MSB075_v001_annotated.png,pending,pending,pending,pending,pending,pending,planned,,,,
MSB076,micro_storyboard,B03,visual_assets/pure/micro_storyboard/B03/MSB076_v001.png,visual_assets/annotated/micro_storyboard/B03/MSB076_v001_annotated.png,pending,pending,pending,pending,pending,pending,planned,,,,
MSB077,micro_storyboard,B03,visual_assets/pure/micro_storyboard/B03/MSB077_v001.png,visual_assets/annotated/micro_storyboard/B03/MSB077_v001_annotated.png,pending,pending,pending,pending,pending,pending,planned,,,,
MSB078,micro_storyboard,B03,visual_assets/pure/micro_storyboard/B03/MSB078_v001.png,visual_assets/annotated/micro_storyboard/B03/MSB078_v001_annotated.png,pending,pending,pending,pending,pending,pending,planned,,,,
MSB079,micro_storyboard,B03,visual_assets/pure/micro_storyboard/B03/MSB079_v001.png,visual_assets/annotated/micro_storyboard/B03/MSB079_v001_annotated.png,pending,pending,pending,pending,pending,pending,planned,,,,
MSB080,micro_storyboard,B03,visual_assets/pure/micro_storyboard/B03/MSB080_v001.png,visual_assets/annotated/micro_storyboard/B03/MSB080_v001_annotated.png,pending,pending,pending,pending,pending,pending,planned,,,,
MSB081,micro_storyboard,B03,visual_assets/pure/micro_storyboard/B03/MSB081_v001.png,visual_assets/annotated/micro_storyboard/B03/MSB081_v001_annotated.png,pending,pending,pending,pending,pending,pending,planned,,,,
MSB082,micro_storyboard,B03,visual_assets/pure/micro_storyboard/B03/MSB082_v001.png,visual_assets/annotated/micro_storyboard/B03/MSB082_v001_annotated.png,pending,pending,pending,pending,pending,pending,planned,,,,
MSB083,micro_storyboard,B03,visual_assets/pure/micro_storyboard/B03/MSB083_v001.png,visual_assets/annotated/micro_storyboard/B03/MSB083_v001_annotated.png,pending,pending,pending,pending,pending,pending,planned,,,,
MSB084,micro_storyboard,B03,visual_assets/pure/micro_storyboard/B03/MSB084_v001.png,visual_assets/annotated/micro_storyboard/B03/MSB084_v001_annotated.png,pending,pending,pending,pending,pending,pending,planned,,,,
MSB085,micro_storyboard,B03,visual_assets/pure/micro_storyboard/B03/MSB085_v001.png,visual_assets/annotated/micro_storyboard/B03/MSB085_v001_annotated.png,pending,pending,pending,pending,pending,pending,planned,,,,
MSB086,micro_storyboard,B04,visual_assets/pure/micro_storyboard/B04/MSB086_v001.png,visual_assets/annotated/micro_storyboard/B04/MSB086_v001_annotated.png,pending,pending,pending,pending,pending,pending,planned,,,,
MSB087,micro_storyboard,B04,visual_assets/pure/micro_storyboard/B04/MSB087_v001.png,visual_assets/annotated/micro_storyboard/B04/MSB087_v001_annotated.png,pending,pending,pending,pending,pending,pending,planned,,,,
MSB088,micro_storyboard,B04,visual_assets/pure/micro_storyboard/B04/MSB088_v001.png,visual_assets/annotated/micro_storyboard/B04/MSB088_v001_annotated.png,pending,pending,pending,pending,pending,pending,planned,,,,
MSB089,micro_storyboard,B04,visual_assets/pure/micro_storyboard/B04/MSB089_v001.png,visual_assets/annotated/micro_storyboard/B04/MSB089_v001_annotated.png,pending,pending,pending,pending,pending,pending,planned,,,,
MSB090,micro_storyboard,B04,visual_assets/pure/micro_storyboard/B04/MSB090_v001.png,visual_assets/annotated/micro_storyboard/B04/MSB090_v001_annotated.png,pending,pending,pending,pending,pending,pending,planned,,,,
MSB091,micro_storyboard,B04,visual_assets/pure/micro_storyboard/B04/MSB091_v001.png,visual_assets/annotated/micro_storyboard/B04/MSB091_v001_annotated.png,pending,pending,pending,pending,pending,pending,planned,,,,
MSB092,micro_storyboard,B04,visual_assets/pure/micro_storyboard/B04/MSB092_v001.png,visual_assets/annotated/micro_storyboard/B04/MSB092_v001_annotated.png,pending,pending,pending,pending,pending,pending,planned,,,,
MSB093,micro_storyboard,B04,visual_assets/pure/micro_storyboard/B04/MSB093_v001.png,visual_assets/annotated/micro_storyboard/B04/MSB093_v001_annotated.png,pending,pending,pending,pending,pending,pending,planned,,,,
MSB094,micro_storyboard,B04,visual_assets/pure/micro_storyboard/B04/MSB094_v001.png,visual_assets/annotated/micro_storyboard/B04/MSB094_v001_annotated.png,pending,pending,pending,pending,pending,pending,planned,,,,
MSB095,micro_storyboard,B04,visual_assets/pure/micro_storyboard/B04/MSB095_v001.png,visual_assets/annotated/micro_storyboard/B04/MSB095_v001_annotated.png,pending,pending,pending,pending,pending,pending,planned,,,,
MSB096,micro_storyboard,B04,visual_assets/pure/micro_storyboard/B04/MSB096_v001.png,visual_assets/annotated/micro_storyboard/B04/MSB096_v001_annotated.png,pending,pending,pending,pending,pending,pending,planned,,,,
MSB097,micro_storyboard,B04,visual_assets/pure/micro_storyboard/B04/MSB097_v001.png,visual_assets/annotated/micro_storyboard/B04/MSB097_v001_annotated.png,pending,pending,pending,pending,pending,pending,planned,,,,
MSB098,micro_storyboard,B04,visual_assets/pure/micro_storyboard/B04/MSB098_v001.png,visual_assets/annotated/micro_storyboard/B04/MSB098_v001_annotated.png,pending,pending,pending,pending,pending,pending,planned,,,,
MSB099,micro_storyboard,B04,visual_assets/pure/micro_storyboard/B04/MSB099_v001.png,visual_assets/annotated/micro_storyboard/B04/MSB099_v001_annotated.png,pending,pending,pending,pending,pending,pending,planned,,,,
MSB100,micro_storyboard,B04,visual_assets/pure/micro_storyboard/B04/MSB100_v001.png,visual_assets/annotated/micro_storyboard/B04/MSB100_v001_annotated.png,pending,pending,pending,pending,pending,pending,planned,,,,
MSB101,micro_storyboard,B04,visual_assets/pure/micro_storyboard/B04/MSB101_v001.png,visual_assets/annotated/micro_storyboard/B04/MSB101_v001_annotated.png,pending,pending,pending,pending,pending,pending,planned,,,,
MSB102,micro_storyboard,B04,visual_assets/pure/micro_storyboard/B04/MSB102_v001.png,visual_assets/annotated/micro_storyboard/B04/MSB102_v001_annotated.png,pending,pending,pending,pending,pending,pending,planned,,,,
MSB103,micro_storyboard,B04,visual_assets/pure/micro_storyboard/B04/MSB103_v001.png,visual_assets/annotated/micro_storyboard/B04/MSB103_v001_annotated.png,pending,pending,pending,pending,pending,pending,planned,,,,
MSB104,micro_storyboard,B04,visual_assets/pure/micro_storyboard/B04/MSB104_v001.png,visual_assets/annotated/micro_storyboard/B04/MSB104_v001_annotated.png,pending,pending,pending,pending,pending,pending,planned,,,,
MSB105,micro_storyboard,B04,visual_assets/pure/micro_storyboard/B04/MSB105_v001.png,visual_assets/annotated/micro_storyboard/B04/MSB105_v001_annotated.png,pending,pending,pending,pending,pending,pending,planned,,,,
MSB106,micro_storyboard,B04,visual_assets/pure/micro_storyboard/B04/MSB106_v001.png,visual_assets/annotated/micro_storyboard/B04/MSB106_v001_annotated.png,pending,pending,pending,pending,pending,pending,planned,,,,
MSB107,micro_storyboard,B04,visual_assets/pure/micro_storyboard/B04/MSB107_v001.png,visual_assets/annotated/micro_storyboard/B04/MSB107_v001_annotated.png,pending,pending,pending,pending,pending,pending,planned,,,,
MSB108,micro_storyboard,B04,visual_assets/pure/micro_storyboard/B04/MSB108_v001.png,visual_assets/annotated/micro_storyboard/B04/MSB108_v001_annotated.png,pending,pending,pending,pending,pending,pending,planned,,,,
MSB109,micro_storyboard,B04,visual_assets/pure/micro_storyboard/B04/MSB109_v001.png,visual_assets/annotated/micro_storyboard/B04/MSB109_v001_annotated.png,pending,pending,pending,pending,pending,pending,planned,,,,
MSB110,micro_storyboard,B04,visual_assets/pure/micro_storyboard/B04/MSB110_v001.png,visual_assets/annotated/micro_storyboard/B04/MSB110_v001_annotated.png,pending,pending,pending,pending,pending,pending,planned,,,,
MSB111,micro_storyboard,B04,visual_assets/pure/micro_storyboard/B04/MSB111_v001.png,visual_assets/annotated/micro_storyboard/B04/MSB111_v001_annotated.png,pending,pending,pending,pending,pending,pending,planned,,,,
MSB112,micro_storyboard,B04,visual_assets/pure/micro_storyboard/B04/MSB112_v001.png,visual_assets/annotated/micro_storyboard/B04/MSB112_v001_annotated.png,pending,pending,pending,pending,pending,pending,planned,,,,
MSB113,micro_storyboard,B04,visual_assets/pure/micro_storyboard/B04/MSB113_v001.png,visual_assets/annotated/micro_storyboard/B04/MSB113_v001_annotated.png,pending,pending,pending,pending,pending,pending,planned,,,,
MSB114,micro_storyboard,B04,visual_assets/pure/micro_storyboard/B04/MSB114_v001.png,visual_assets/annotated/micro_storyboard/B04/MSB114_v001_annotated.png,pending,pending,pending,pending,pending,pending,planned,,,,
MSB115,micro_storyboard,B04,visual_assets/pure/micro_storyboard/B04/MSB115_v001.png,visual_assets/annotated/micro_storyboard/B04/MSB115_v001_annotated.png,pending,pending,pending,pending,pending,pending,planned,,,,
MSB116,micro_storyboard,B04,visual_assets/pure/micro_storyboard/B04/MSB116_v001.png,visual_assets/annotated/micro_storyboard/B04/MSB116_v001_annotated.png,pending,pending,pending,pending,pending,pending,planned,,,,
MSB117,micro_storyboard,B04,visual_assets/pure/micro_storyboard/B04/MSB117_v001.png,visual_assets/annotated/micro_storyboard/B04/MSB117_v001_annotated.png,pending,pending,pending,pending,pending,pending,planned,,,,
MSB118,micro_storyboard,B04,visual_assets/pure/micro_storyboard/B04/MSB118_v001.png,visual_assets/annotated/micro_storyboard/B04/MSB118_v001_annotated.png,pending,pending,pending,pending,pending,pending,planned,,,,
MSB119,micro_storyboard,B04,visual_assets/pure/micro_storyboard/B04/MSB119_v001.png,visual_assets/annotated/micro_storyboard/B04/MSB119_v001_annotated.png,pending,pending,pending,pending,pending,pending,planned,,,,
MSB120,micro_storyboard,B05,visual_assets/pure/micro_storyboard/B05/MSB120_v001.png,visual_assets/annotated/micro_storyboard/B05/MSB120_v001_annotated.png,pending,pending,pending,pending,pending,pending,planned,,,,
MSB121,micro_storyboard,B05,visual_assets/pure/micro_storyboard/B05/MSB121_v001.png,visual_assets/annotated/micro_storyboard/B05/MSB121_v001_annotated.png,pending,pending,pending,pending,pending,pending,planned,,,,
MSB122,micro_storyboard,B05,visual_assets/pure/micro_storyboard/B05/MSB122_v001.png,visual_assets/annotated/micro_storyboard/B05/MSB122_v001_annotated.png,pending,pending,pending,pending,pending,pending,planned,,,,
MSB123,micro_storyboard,B05,visual_assets/pure/micro_storyboard/B05/MSB123_v001.png,visual_assets/annotated/micro_storyboard/B05/MSB123_v001_annotated.png,pending,pending,pending,pending,pending,pending,planned,,,,
MSB124,micro_storyboard,B05,visual_assets/pure/micro_storyboard/B05/MSB124_v001.png,visual_assets/annotated/micro_storyboard/B05/MSB124_v001_annotated.png,pending,pending,pending,pending,pending,pending,planned,,,,
MSB125,micro_storyboard,B05,visual_assets/pure/micro_storyboard/B05/MSB125_v001.png,visual_assets/annotated/micro_storyboard/B05/MSB125_v001_annotated.png,pending,pending,pending,pending,pending,pending,planned,,,,
MSB126,micro_storyboard,B05,visual_assets/pure/micro_storyboard/B05/MSB126_v001.png,visual_assets/annotated/micro_storyboard/B05/MSB126_v001_annotated.png,pending,pending,pending,pending,pending,pending,planned,,,,
MSB127,micro_storyboard,B05,visual_assets/pure/micro_storyboard/B05/MSB127_v001.png,visual_assets/annotated/micro_storyboard/B05/MSB127_v001_annotated.png,pending,pending,pending,pending,pending,pending,planned,,,,
MSB128,micro_storyboard,B05,visual_assets/pure/micro_storyboard/B05/MSB128_v001.png,visual_assets/annotated/micro_storyboard/B05/MSB128_v001_annotated.png,pending,pending,pending,pending,pending,pending,planned,,,,
MSB129,micro_storyboard,B05,visual_assets/pure/micro_storyboard/B05/MSB129_v001.png,visual_assets/annotated/micro_storyboard/B05/MSB129_v001_annotated.png,pending,pending,pending,pending,pending,pending,planned,,,,
MSB130,micro_storyboard,B05,visual_assets/pure/micro_storyboard/B05/MSB130_v001.png,visual_assets/annotated/micro_storyboard/B05/MSB130_v001_annotated.png,pending,pending,pending,pending,pending,pending,planned,,,,
MSB131,micro_storyboard,B05,visual_assets/pure/micro_storyboard/B05/MSB131_v001.png,visual_assets/annotated/micro_storyboard/B05/MSB131_v001_annotated.png,pending,pending,pending,pending,pending,pending,planned,,,,
MSB132,micro_storyboard,B05,visual_assets/pure/micro_storyboard/B05/MSB132_v001.png,visual_assets/annotated/micro_storyboard/B05/MSB132_v001_annotated.png,pending,pending,pending,pending,pending,pending,planned,,,,
MSB133,micro_storyboard,B05,visual_assets/pure/micro_storyboard/B05/MSB133_v001.png,visual_assets/annotated/micro_storyboard/B05/MSB133_v001_annotated.png,pending,pending,pending,pending,pending,pending,planned,,,,
MSB134,micro_storyboard,B05,visual_assets/pure/micro_storyboard/B05/MSB134_v001.png,visual_assets/annotated/micro_storyboard/B05/MSB134_v001_annotated.png,pending,pending,pending,pending,pending,pending,planned,,,,
MSB135,micro_storyboard,B05,visual_assets/pure/micro_storyboard/B05/MSB135_v001.png,visual_assets/annotated/micro_storyboard/B05/MSB135_v001_annotated.png,pending,pending,pending,pending,pending,pending,planned,,,,
MSB136,micro_storyboard,B05,visual_assets/pure/micro_storyboard/B05/MSB136_v001.png,visual_assets/annotated/micro_storyboard/B05/MSB136_v001_annotated.png,pending,pending,pending,pending,pending,pending,planned,,,,
MSB137,micro_storyboard,B05,visual_assets/pure/micro_storyboard/B05/MSB137_v001.png,visual_assets/annotated/micro_storyboard/B05/MSB137_v001_annotated.png,pending,pending,pending,pending,pending,pending,planned,,,,
MSB138,micro_storyboard,B05,visual_assets/pure/micro_storyboard/B05/MSB138_v001.png,visual_assets/annotated/micro_storyboard/B05/MSB138_v001_annotated.png,pending,pending,pending,pending,pending,pending,planned,,,,
MSB139,micro_storyboard,B05,visual_assets/pure/micro_storyboard/B05/MSB139_v001.png,visual_assets/annotated/micro_storyboard/B05/MSB139_v001_annotated.png,pending,pending,pending,pending,pending,pending,planned,,,,
MSB140,micro_storyboard,B05,visual_assets/pure/micro_storyboard/B05/MSB140_v001.png,visual_assets/annotated/micro_storyboard/B05/MSB140_v001_annotated.png,pending,pending,pending,pending,pending,pending,planned,,,,
MSB141,micro_storyboard,B05,visual_assets/pure/micro_storyboard/B05/MSB141_v001.png,visual_assets/annotated/micro_storyboard/B05/MSB141_v001_annotated.png,pending,pending,pending,pending,pending,pending,planned,,,,
MSB142,micro_storyboard,B05,visual_assets/pure/micro_storyboard/B05/MSB142_v001.png,visual_assets/annotated/micro_storyboard/B05/MSB142_v001_annotated.png,pending,pending,pending,pending,pending,pending,planned,,,,
MSB143,micro_storyboard,B05,visual_assets/pure/micro_storyboard/B05/MSB143_v001.png,visual_assets/annotated/micro_storyboard/B05/MSB143_v001_annotated.png,pending,pending,pending,pending,pending,pending,planned,,,,
MSB144,micro_storyboard,B05,visual_assets/pure/micro_storyboard/B05/MSB144_v001.png,visual_assets/annotated/micro_storyboard/B05/MSB144_v001_annotated.png,pending,pending,pending,pending,pending,pending,planned,,,,
MSB145,micro_storyboard,B05,visual_assets/pure/micro_storyboard/B05/MSB145_v001.png,visual_assets/annotated/micro_storyboard/B05/MSB145_v001_annotated.png,pending,pending,pending,pending,pending,pending,planned,,,,
MSB146,micro_storyboard,B05,visual_assets/pure/micro_storyboard/B05/MSB146_v001.png,visual_assets/annotated/micro_storyboard/B05/MSB146_v001_annotated.png,pending,pending,pending,pending,pending,pending,planned,,,,
MSB147,micro_storyboard,B05,visual_assets/pure/micro_storyboard/B05/MSB147_v001.png,visual_assets/annotated/micro_storyboard/B05/MSB147_v001_annotated.png,pending,pending,pending,pending,pending,pending,planned,,,,
MSB148,micro_storyboard,B05,visual_assets/pure/micro_storyboard/B05/MSB148_v001.png,visual_assets/annotated/micro_storyboard/B05/MSB148_v001_annotated.png,pending,pending,pending,pending,pending,pending,planned,,,,
MSB149,micro_storyboard,B05,visual_assets/pure/micro_storyboard/B05/MSB149_v001.png,visual_assets/annotated/micro_storyboard/B05/MSB149_v001_annotated.png,pending,pending,pending,pending,pending,pending,planned,,,,
MSB150,micro_storyboard,B05,visual_assets/pure/micro_storyboard/B05/MSB150_v001.png,visual_assets/annotated/micro_storyboard/B05/MSB150_v001_annotated.png,pending,pending,pending,pending,pending,pending,planned,,,,
MSB151,micro_storyboard,B05,visual_assets/pure/micro_storyboard/B05/MSB151_v001.png,visual_assets/annotated/micro_storyboard/B05/MSB151_v001_annotated.png,pending,pending,pending,pending,pending,pending,planned,,,,
MSB152,micro_storyboard,B05,visual_assets/pure/micro_storyboard/B05/MSB152_v001.png,visual_assets/annotated/micro_storyboard/B05/MSB152_v001_annotated.png,pending,pending,pending,pending,pending,pending,planned,,,,
MSB153,micro_storyboard,B05,visual_assets/pure/micro_storyboard/B05/MSB153_v001.png,visual_assets/annotated/micro_storyboard/B05/MSB153_v001_annotated.png,pending,pending,pending,pending,pending,pending,planned,,,,
MSB154,micro_storyboard,B05,visual_assets/pure/micro_storyboard/B05/MSB154_v001.png,visual_assets/annotated/micro_storyboard/B05/MSB154_v001_annotated.png,pending,pending,pending,pending,pending,pending,planned,,,,
MSB155,micro_storyboard,B06,visual_assets/pure/micro_storyboard/B06/MSB155_v001.png,visual_assets/annotated/micro_storyboard/B06/MSB155_v001_annotated.png,pending,pending,pending,pending,pending,pending,planned,,,,
MSB156,micro_storyboard,B06,visual_assets/pure/micro_storyboard/B06/MSB156_v001.png,visual_assets/annotated/micro_storyboard/B06/MSB156_v001_annotated.png,pending,pending,pending,pending,pending,pending,planned,,,,
MSB157,micro_storyboard,B06,visual_assets/pure/micro_storyboard/B06/MSB157_v001.png,visual_assets/annotated/micro_storyboard/B06/MSB157_v001_annotated.png,pending,pending,pending,pending,pending,pending,planned,,,,
MSB158,micro_storyboard,B06,visual_assets/pure/micro_storyboard/B06/MSB158_v001.png,visual_assets/annotated/micro_storyboard/B06/MSB158_v001_annotated.png,pending,pending,pending,pending,pending,pending,planned,,,,
MSB159,micro_storyboard,B06,visual_assets/pure/micro_storyboard/B06/MSB159_v001.png,visual_assets/annotated/micro_storyboard/B06/MSB159_v001_annotated.png,pending,pending,pending,pending,pending,pending,planned,,,,
MSB160,micro_storyboard,B06,visual_assets/pure/micro_storyboard/B06/MSB160_v001.png,visual_assets/annotated/micro_storyboard/B06/MSB160_v001_annotated.png,pending,pending,pending,pending,pending,pending,planned,,,,
MSB161,micro_storyboard,B06,visual_assets/pure/micro_storyboard/B06/MSB161_v001.png,visual_assets/annotated/micro_storyboard/B06/MSB161_v001_annotated.png,pending,pending,pending,pending,pending,pending,planned,,,,
MSB162,micro_storyboard,B06,visual_assets/pure/micro_storyboard/B06/MSB162_v001.png,visual_assets/annotated/micro_storyboard/B06/MSB162_v001_annotated.png,pending,pending,pending,pending,pending,pending,planned,,,,
MSB163,micro_storyboard,B06,visual_assets/pure/micro_storyboard/B06/MSB163_v001.png,visual_assets/annotated/micro_storyboard/B06/MSB163_v001_annotated.png,pending,pending,pending,pending,pending,pending,planned,,,,
MSB164,micro_storyboard,B06,visual_assets/pure/micro_storyboard/B06/MSB164_v001.png,visual_assets/annotated/micro_storyboard/B06/MSB164_v001_annotated.png,pending,pending,pending,pending,pending,pending,planned,,,,
MSB165,micro_storyboard,B06,visual_assets/pure/micro_storyboard/B06/MSB165_v001.png,visual_assets/annotated/micro_storyboard/B06/MSB165_v001_annotated.png,pending,pending,pending,pending,pending,pending,planned,,,,
MSB166,micro_storyboard,B06,visual_assets/pure/micro_storyboard/B06/MSB166_v001.png,visual_assets/annotated/micro_storyboard/B06/MSB166_v001_annotated.png,pending,pending,pending,pending,pending,pending,planned,,,,
MSB167,micro_storyboard,B06,visual_assets/pure/micro_storyboard/B06/MSB167_v001.png,visual_assets/annotated/micro_storyboard/B06/MSB167_v001_annotated.png,pending,pending,pending,pending,pending,pending,planned,,,,
MSB168,micro_storyboard,B06,visual_assets/pure/micro_storyboard/B06/MSB168_v001.png,visual_assets/annotated/micro_storyboard/B06/MSB168_v001_annotated.png,pending,pending,pending,pending,pending,pending,planned,,,,
MSB169,micro_storyboard,B06,visual_assets/pure/micro_storyboard/B06/MSB169_v001.png,visual_assets/annotated/micro_storyboard/B06/MSB169_v001_annotated.png,pending,pending,pending,pending,pending,pending,planned,,,,
MSB170,micro_storyboard,B06,visual_assets/pure/micro_storyboard/B06/MSB170_v001.png,visual_assets/annotated/micro_storyboard/B06/MSB170_v001_annotated.png,pending,pending,pending,pending,pending,pending,planned,,,,
MSB171,micro_storyboard,B06,visual_assets/pure/micro_storyboard/B06/MSB171_v001.png,visual_assets/annotated/micro_storyboard/B06/MSB171_v001_annotated.png,pending,pending,pending,pending,pending,pending,planned,,,,
MSB172,micro_storyboard,B06,visual_assets/pure/micro_storyboard/B06/MSB172_v001.png,visual_assets/annotated/micro_storyboard/B06/MSB172_v001_annotated.png,pending,pending,pending,pending,pending,pending,planned,,,,
MSB173,micro_storyboard,B06,visual_assets/pure/micro_storyboard/B06/MSB173_v001.png,visual_assets/annotated/micro_storyboard/B06/MSB173_v001_annotated.png,pending,pending,pending,pending,pending,pending,planned,,,,
MSB174,micro_storyboard,B06,visual_assets/pure/micro_storyboard/B06/MSB174_v001.png,visual_assets/annotated/micro_storyboard/B06/MSB174_v001_annotated.png,pending,pending,pending,pending,pending,pending,planned,,,,
MSB175,micro_storyboard,B06,visual_assets/pure/micro_storyboard/B06/MSB175_v001.png,visual_assets/annotated/micro_storyboard/B06/MSB175_v001_annotated.png,pending,pending,pending,pending,pending,pending,planned,,,,
MSB176,micro_storyboard,B06,visual_assets/pure/micro_storyboard/B06/MSB176_v001.png,visual_assets/annotated/micro_storyboard/B06/MSB176_v001_annotated.png,pending,pending,pending,pending,pending,pending,planned,,,,
MSB177,micro_storyboard,B06,visual_assets/pure/micro_storyboard/B06/MSB177_v001.png,visual_assets/annotated/micro_storyboard/B06/MSB177_v001_annotated.png,pending,pending,pending,pending,pending,pending,planned,,,,
MSB178,micro_storyboard,B06,visual_assets/pure/micro_storyboard/B06/MSB178_v001.png,visual_assets/annotated/micro_storyboard/B06/MSB178_v001_annotated.png,pending,pending,pending,pending,pending,pending,planned,,,,
MSB179,micro_storyboard,B06,visual_assets/pure/micro_storyboard/B06/MSB179_v001.png,visual_assets/annotated/micro_storyboard/B06/MSB179_v001_annotated.png,pending,pending,pending,pending,pending,pending,planned,,,,
MSB180,micro_storyboard,B06,visual_assets/pure/micro_storyboard/B06/MSB180_v001.png,visual_assets/annotated/micro_storyboard/B06/MSB180_v001_annotated.png,pending,pending,pending,pending,pending,pending,planned,,,,
MSB181,micro_storyboard,B06,visual_assets/pure/micro_storyboard/B06/MSB181_v001.png,visual_assets/annotated/micro_storyboard/B06/MSB181_v001_annotated.png,pending,pending,pending,pending,pending,pending,planned,,,,
MSB182,micro_storyboard,B06,visual_assets/pure/micro_storyboard/B06/MSB182_v001.png,visual_assets/annotated/micro_storyboard/B06/MSB182_v001_annotated.png,pending,pending,pending,pending,pending,pending,planned,,,,
MSB183,micro_storyboard,B06,visual_assets/pure/micro_storyboard/B06/MSB183_v001.png,visual_assets/annotated/micro_storyboard/B06/MSB183_v001_annotated.png,pending,pending,pending,pending,pending,pending,planned,,,,
MSB184,micro_storyboard,B06,visual_assets/pure/micro_storyboard/B06/MSB184_v001.png,visual_assets/annotated/micro_storyboard/B06/MSB184_v001_annotated.png,pending,pending,pending,pending,pending,pending,planned,,,,
MSB185,micro_storyboard,B06,visual_assets/pure/micro_storyboard/B06/MSB185_v001.png,visual_assets/annotated/micro_storyboard/B06/MSB185_v001_annotated.png,pending,pending,pending,pending,pending,pending,planned,,,,
MSB186,micro_storyboard,B06,visual_assets/pure/micro_storyboard/B06/MSB186_v001.png,visual_assets/annotated/micro_storyboard/B06/MSB186_v001_annotated.png,pending,pending,pending,pending,pending,pending,planned,,,,
MSB187,micro_storyboard,B06,visual_assets/pure/micro_storyboard/B06/MSB187_v001.png,visual_assets/annotated/micro_storyboard/B06/MSB187_v001_annotated.png,pending,pending,pending,pending,pending,pending,planned,,,,
MSB188,micro_storyboard,B06,visual_assets/pure/micro_storyboard/B06/MSB188_v001.png,visual_assets/annotated/micro_storyboard/B06/MSB188_v001_annotated.png,pending,pending,pending,pending,pending,pending,planned,,,,
CHR_BRO_A_FRONT,character_design_v2,CHAR,visual_assets/pure/character_design_v2/CHR_BRO_A_FRONT_v001.png,visual_assets/annotated/character_design_v2/CHR_BRO_A_FRONT_v001_annotated.png,pending,pending,pending,pending,pending,pending,planned,,,,
CHR_BRO_A_TURN,character_design_v2,CHAR,visual_assets/pure/character_design_v2/CHR_BRO_A_TURN_v001.png,visual_assets/annotated/character_design_v2/CHR_BRO_A_TURN_v001_annotated.png,pending,pending,pending,pending,pending,pending,planned,,,,
CHR_BRO_A_EXP,character_design_v2,CHAR,visual_assets/pure/character_design_v2/CHR_BRO_A_EXP_v001.png,visual_assets/annotated/character_design_v2/CHR_BRO_A_EXP_v001_annotated.png,pending,pending,pending,pending,pending,pending,planned,,,,
CHR_BRO_A_POSE,character_design_v2,CHAR,visual_assets/pure/character_design_v2/CHR_BRO_A_POSE_v001.png,visual_assets/annotated/character_design_v2/CHR_BRO_A_POSE_v001_annotated.png,pending,pending,pending,pending,pending,pending,planned,,,,
CHR_BRO_B_FRONT,character_design_v2,CHAR,visual_assets/pure/character_design_v2/CHR_BRO_B_FRONT_v001.png,visual_assets/annotated/character_design_v2/CHR_BRO_B_FRONT_v001_annotated.png,pending,pending,pending,pending,pending,pending,planned,,,,
CHR_BRO_B_TURN,character_design_v2,CHAR,visual_assets/pure/character_design_v2/CHR_BRO_B_TURN_v001.png,visual_assets/annotated/character_design_v2/CHR_BRO_B_TURN_v001_annotated.png,pending,pending,pending,pending,pending,pending,planned,,,,
CHR_BRO_B_EXP,character_design_v2,CHAR,visual_assets/pure/character_design_v2/CHR_BRO_B_EXP_v001.png,visual_assets/annotated/character_design_v2/CHR_BRO_B_EXP_v001_annotated.png,pending,pending,pending,pending,pending,pending,planned,,,,
CHR_BRO_B_POSE,character_design_v2,CHAR,visual_assets/pure/character_design_v2/CHR_BRO_B_POSE_v001.png,visual_assets/annotated/character_design_v2/CHR_BRO_B_POSE_v001_annotated.png,pending,pending,pending,pending,pending,pending,planned,,,,
CHR_BRO_C_FRONT,character_design_v2,CHAR,visual_assets/pure/character_design_v2/CHR_BRO_C_FRONT_v001.png,visual_assets/annotated/character_design_v2/CHR_BRO_C_FRONT_v001_annotated.png,pending,pending,pending,pending,pending,pending,planned,,,,
CHR_BRO_C_TURN,character_design_v2,CHAR,visual_assets/pure/character_design_v2/CHR_BRO_C_TURN_v001.png,visual_assets/annotated/character_design_v2/CHR_BRO_C_TURN_v001_annotated.png,pending,pending,pending,pending,pending,pending,planned,,,,
CHR_BRO_C_EXP,character_design_v2,CHAR,visual_assets/pure/character_design_v2/CHR_BRO_C_EXP_v001.png,visual_assets/annotated/character_design_v2/CHR_BRO_C_EXP_v001_annotated.png,pending,pending,pending,pending,pending,pending,planned,,,,
CHR_BRO_C_POSE,character_design_v2,CHAR,visual_assets/pure/character_design_v2/CHR_BRO_C_POSE_v001.png,visual_assets/annotated/character_design_v2/CHR_BRO_C_POSE_v001_annotated.png,pending,pending,pending,pending,pending,pending,planned,,,,
CHR_BLY_A_FRONT,character_design_v2,CHAR,visual_assets/pure/character_design_v2/CHR_BLY_A_FRONT_v001.png,visual_assets/annotated/character_design_v2/CHR_BLY_A_FRONT_v001_annotated.png,pending,pending,pending,pending,pending,pending,planned,,,,
CHR_BLY_A_TURN,character_design_v2,CHAR,visual_assets/pure/character_design_v2/CHR_BLY_A_TURN_v001.png,visual_assets/annotated/character_design_v2/CHR_BLY_A_TURN_v001_annotated.png,pending,pending,pending,pending,pending,pending,planned,,,,
CHR_BLY_A_EXP,character_design_v2,CHAR,visual_assets/pure/character_design_v2/CHR_BLY_A_EXP_v001.png,visual_assets/annotated/character_design_v2/CHR_BLY_A_EXP_v001_annotated.png,pending,pending,pending,pending,pending,pending,planned,,,,
CHR_BLY_A_POSE,character_design_v2,CHAR,visual_assets/pure/character_design_v2/CHR_BLY_A_POSE_v001.png,visual_assets/annotated/character_design_v2/CHR_BLY_A_POSE_v001_annotated.png,pending,pending,pending,pending,pending,pending,planned,,,,
CHR_BLY_B_FRONT,character_design_v2,CHAR,visual_assets/pure/character_design_v2/CHR_BLY_B_FRONT_v001.png,visual_assets/annotated/character_design_v2/CHR_BLY_B_FRONT_v001_annotated.png,pending,pending,pending,pending,pending,pending,planned,,,,
CHR_BLY_B_TURN,character_design_v2,CHAR,visual_assets/pure/character_design_v2/CHR_BLY_B_TURN_v001.png,visual_assets/annotated/character_design_v2/CHR_BLY_B_TURN_v001_annotated.png,pending,pending,pending,pending,pending,pending,planned,,,,
CHR_BLY_B_EXP,character_design_v2,CHAR,visual_assets/pure/character_design_v2/CHR_BLY_B_EXP_v001.png,visual_assets/annotated/character_design_v2/CHR_BLY_B_EXP_v001_annotated.png,pending,pending,pending,pending,pending,pending,planned,,,,
CHR_BLY_B_POSE,character_design_v2,CHAR,visual_assets/pure/character_design_v2/CHR_BLY_B_POSE_v001.png,visual_assets/annotated/character_design_v2/CHR_BLY_B_POSE_v001_annotated.png,pending,pending,pending,pending,pending,pending,planned,,,,
CHR_BLY_C_FRONT,character_design_v2,CHAR,visual_assets/pure/character_design_v2/CHR_BLY_C_FRONT_v001.png,visual_assets/annotated/character_design_v2/CHR_BLY_C_FRONT_v001_annotated.png,pending,pending,pending,pending,pending,pending,planned,,,,
CHR_BLY_C_TURN,character_design_v2,CHAR,visual_assets/pure/character_design_v2/CHR_BLY_C_TURN_v001.png,visual_assets/annotated/character_design_v2/CHR_BLY_C_TURN_v001_annotated.png,pending,pending,pending,pending,pending,pending,planned,,,,
CHR_BLY_C_EXP,character_design_v2,CHAR,visual_assets/pure/character_design_v2/CHR_BLY_C_EXP_v001.png,visual_assets/annotated/character_design_v2/CHR_BLY_C_EXP_v001_annotated.png,pending,pending,pending,pending,pending,pending,planned,,,,
CHR_BLY_C_POSE,character_design_v2,CHAR,visual_assets/pure/character_design_v2/CHR_BLY_C_POSE_v001.png,visual_assets/annotated/character_design_v2/CHR_BLY_C_POSE_v001_annotated.png,pending,pending,pending,pending,pending,pending,planned,,,,
CHR_BLY_D_FRONT,character_design_v2,CHAR,visual_assets/pure/character_design_v2/CHR_BLY_D_FRONT_v001.png,visual_assets/annotated/character_design_v2/CHR_BLY_D_FRONT_v001_annotated.png,pending,pending,pending,pending,pending,pending,planned,,,,
CHR_BLY_D_TURN,character_design_v2,CHAR,visual_assets/pure/character_design_v2/CHR_BLY_D_TURN_v001.png,visual_assets/annotated/character_design_v2/CHR_BLY_D_TURN_v001_annotated.png,pending,pending,pending,pending,pending,pending,planned,,,,
CHR_BLY_D_EXP,character_design_v2,CHAR,visual_assets/pure/character_design_v2/CHR_BLY_D_EXP_v001.png,visual_assets/annotated/character_design_v2/CHR_BLY_D_EXP_v001_annotated.png,pending,pending,pending,pending,pending,pending,planned,,,,
CHR_BLY_D_POSE,character_design_v2,CHAR,visual_assets/pure/character_design_v2/CHR_BLY_D_POSE_v001.png,visual_assets/annotated/character_design_v2/CHR_BLY_D_POSE_v001_annotated.png,pending,pending,pending,pending,pending,pending,planned,,,,
REL_BROTHERS,character_design_v2,CHAR,visual_assets/pure/character_design_v2/REL_BROTHERS_v001.png,visual_assets/annotated/character_design_v2/REL_BROTHERS_v001_annotated.png,pending,pending,pending,pending,pending,pending,planned,,,,
REL_BULLIES,character_design_v2,CHAR,visual_assets/pure/character_design_v2/REL_BULLIES_v001.png,visual_assets/annotated/character_design_v2/REL_BULLIES_v001_annotated.png,pending,pending,pending,pending,pending,pending,planned,,,,
REL_ALLEY_STANDOFF,character_design_v2,CHAR,visual_assets/pure/character_design_v2/REL_ALLEY_STANDOFF_v001.png,visual_assets/annotated/character_design_v2/REL_ALLEY_STANDOFF_v001_annotated.png,pending,pending,pending,pending,pending,pending,planned,,,,
PIXEL_CHARACTER_CONVERSION,character_design_v2,CHAR,visual_assets/pure/character_design_v2/PIXEL_CHARACTER_CONVERSION_v001.png,visual_assets/annotated/character_design_v2/PIXEL_CHARACTER_CONVERSION_v001_annotated.png,pending,pending,pending,pending,pending,pending,planned,,,,
