asset_id,category,batch,source_ref,pure_path,annotated_path,prompt_source,annotation_source,status,story_stage,stage_name,whitebox_reference_path
MSB001,micro_storyboard,B01,Clip 01,visual_assets/pure/micro_storyboard/B01/MSB001_v002.png,visual_assets/annotated/micro_storyboard/B01/MSB001_v002_annotated.png,exports/micro_storyboard_pure_image_prompts.csv,exports/micro_storyboard_annotation_metadata.csv,pure_generated_needs_human_review,S0_START_CLEAN,????,whitebox_renders_v2/B01/WB2_COMPOUND_MSB001.png
MSB002,micro_storyboard,B01,Clip 01,visual_assets/pure/micro_storyboard/B01/MSB002_v002.png,visual_assets/annotated/micro_storyboard/B01/MSB002_v002_annotated.png,exports/micro_storyboard_pure_image_prompts.csv,exports/micro_storyboard_annotation_metadata.csv,pure_generated_needs_human_review,S0_START_CLEAN,????,whitebox_renders_v2/B01/WB2_COMPOUND_MSB002.png
MSB003,micro_storyboard,B01,Clip 01,visual_assets/pure/micro_storyboard/B01/MSB003_v002.png,visual_assets/annotated/micro_storyboard/B01/MSB003_v002_annotated.png,exports/micro_storyboard_pure_image_prompts.csv,exports/micro_storyboard_annotation_metadata.csv,pure_generated_needs_human_review,S0_START_CLEAN,????,whitebox_renders_v2/B01/WB2_COMPOUND_MSB003.png
MSB004,micro_storyboard,B01,Clip 01,visual_assets/pure/micro_storyboard/B01/MSB004_v001.png,visual_assets/annotated/micro_storyboard/B01/MSB004_v001_annotated.png,exports/micro_storyboard_pure_image_prompts.csv,exports/micro_storyboard_annotation_metadata.csv,planned,S0_START_CLEAN,????,whitebox_renders_v2/B01/WB2_COMPOUND_MSB004.png
MSB005,micro_storyboard,B01,Clip 01,visual_assets/pure/micro_storyboard/B01/MSB005_v001.png,visual_assets/annotated/micro_storyboard/B01/MSB005_v001_annotated.png,exports/micro_storyboard_pure_image_prompts.csv,exports/micro_storyboard_annotation_metadata.csv,planned,S0_START_CLEAN,????,whitebox_renders_v2/B01/WB2_COMPOUND_MSB005.png
MSB006,micro_storyboard,B01,Clip 01,visual_assets/pure/micro_storyboard/B01/MSB006_v001.png,visual_assets/annotated/micro_storyboard/B01/MSB006_v001_annotated.png,exports/micro_storyboard_pure_image_prompts.csv,exports/micro_storyboard_annotation_metadata.csv,planned,S0_START_CLEAN,????,whitebox_renders_v2/B01/WB2_COMPOUND_MSB006.png
MSB007,micro_storyboard,B01,Clip 01,visual_assets/pure/micro_storyboard/B01/MSB007_v001.png,visual_assets/annotated/micro_storyboard/B01/MSB007_v001_annotated.png,exports/micro_storyboard_pure_image_prompts.csv,exports/micro_storyboard_annotation_metadata.csv,planned,S0_START_CLEAN,????,whitebox_renders_v2/B01/WB2_COMPOUND_MSB007.png
MSB008,micro_storyboard,B01,Clip 01,visual_assets/pure/micro_storyboard/B01/MSB008_v001.png,visual_assets/annotated/micro_storyboard/B01/MSB008_v001_annotated.png,exports/micro_storyboard_pure_image_prompts.csv,exports/micro_storyboard_annotation_metadata.csv,planned,S0_START_CLEAN,????,whitebox_renders_v2/B01/WB2_COMPOUND_MSB008.png
MSB009,micro_storyboard,B01,Clip 02,visual_assets/pure/micro_storyboard/B01/MSB009_v001.png,visual_assets/annotated/micro_storyboard/B01/MSB009_v001_annotated.png,exports/micro_storyboard_pure_image_prompts.csv,exports/micro_storyboard_annotation_metadata.csv,planned,S0_START_CLEAN,????,whitebox_renders_v2/B01/WB2_COMPOUND_MSB009.png
MSB010,micro_storyboard,B01,Clip 02,visual_assets/pure/micro_storyboard/B01/MSB010_v001.png,visual_assets/annotated/micro_storyboard/B01/MSB010_v001_annotated.png,exports/micro_storyboard_pure_image_prompts.csv,exports/micro_storyboard_annotation_metadata.csv,planned,S0_START_CLEAN,????,whitebox_renders_v2/B01/WB2_COMPOUND_MSB010.png
MSB011,micro_storyboard,B01,Clip 02,visual_assets/pure/micro_storyboard/B01/MSB011_v001.png,visual_assets/annotated/micro_storyboard/B01/MSB011_v001_annotated.png,exports/micro_storyboard_pure_image_prompts.csv,exports/micro_storyboard_annotation_metadata.csv,planned,S0_START_CLEAN,????,whitebox_renders_v2/B01/WB2_COMPOUND_MSB011.png
MSB012,micro_storyboard,B01,Clip 02,visual_assets/pure/micro_storyboard/B01/MSB012_v003.png,visual_assets/annotated/micro_storyboard/B01/MSB012_v003_annotated.png,exports/micro_storyboard_pure_image_prompts.csv,exports/micro_storyboard_annotation_metadata.csv,pure_generated_needs_human_review,S0_START_CLEAN,three-brother back-view spatial grouping with closed curtain prop-causality,whitebox_renders_v2/B01/WB2_COMPOUND_MSB012.png
MSB013,micro_storyboard,B01,Clip 02,visual_assets/pure/micro_storyboard/B01/MSB013_v001.png,visual_assets/annotated/micro_storyboard/B01/MSB013_v001_annotated.png,exports/micro_storyboard_pure_image_prompts.csv,exports/micro_storyboard_annotation_metadata.csv,planned,S0_START_CLEAN,????,whitebox_renders_v2/B01/WB2_COMPOUND_MSB013.png
MSB014,micro_storyboard,B01,Clip 02,visual_assets/pure/micro_storyboard/B01/MSB014_v001.png,visual_assets/annotated/micro_storyboard/B01/MSB014_v001_annotated.png,exports/micro_storyboard_pure_image_prompts.csv,exports/micro_storyboard_annotation_metadata.csv,planned,S0_START_CLEAN,????,whitebox_renders_v2/B01/WB2_COMPOUND_MSB014.png
MSB015,micro_storyboard,B01,Clip 02,visual_assets/pure/micro_storyboard/B01/MSB015_v001.png,visual_assets/annotated/micro_storyboard/B01/MSB015_v001_annotated.png,exports/micro_storyboard_pure_image_prompts.csv,exports/micro_storyboard_annotation_metadata.csv,planned,S0_START_CLEAN,????,whitebox_renders_v2/B01/WB2_COMPOUND_MSB015.png
MSB016,micro_storyboard,B01,Clip 02,visual_assets/pure/micro_storyboard/B01/MSB016_v001.png,visual_assets/annotated/micro_storyboard/B01/MSB016_v001_annotated.png,exports/micro_storyboard_pure_image_prompts.csv,exports/micro_storyboard_annotation_metadata.csv,planned,S0_START_CLEAN,????,whitebox_renders_v2/B01/WB2_COMPOUND_MSB016.png
MSB017,micro_storyboard,B01,Clip 02,visual_assets/pure/micro_storyboard/B01/MSB017_v001.png,visual_assets/annotated/micro_storyboard/B01/MSB017_v001_annotated.png,exports/micro_storyboard_pure_image_prompts.csv,exports/micro_storyboard_annotation_metadata.csv,planned,S0_START_CLEAN,????,whitebox_renders_v2/B01/WB2_COMPOUND_MSB017.png
MSB018,micro_storyboard,B01,Clip 02,visual_assets/pure/micro_storyboard/B01/MSB018_v001.png,visual_assets/annotated/micro_storyboard/B01/MSB018_v001_annotated.png,exports/micro_storyboard_pure_image_prompts.csv,exports/micro_storyboard_annotation_metadata.csv,planned,S0_START_CLEAN,????,whitebox_renders_v2/B01/WB2_COMPOUND_MSB018.png
MSB019,micro_storyboard,B01,Clip 03,visual_assets/pure/micro_storyboard/B01/MSB019_v002.png,visual_assets/annotated/micro_storyboard/B01/MSB019_v002_annotated.png,environment_lookdev/SCN_ARCADE/camera_whiteboxes_v001/SCN_ARCADE_formal_storyboard_prompt_pack_v001.csv,exports/micro_storyboard_annotation_metadata.csv,planned,S1_ARCADE_PLAY,????????????,environment_lookdev/SCN_ARCADE/camera_whiteboxes_v001/CAM_ARCADE_01_ENTRANCE_WIDE_constraint_whitebox_v001.png
MSB020,micro_storyboard,B01,Clip 03,visual_assets/pure/micro_storyboard/B01/MSB020_v003.png,visual_assets/annotated/micro_storyboard/B01/MSB020_v003_annotated.png,environment_lookdev/SCN_ARCADE/camera_whiteboxes_v001/SCN_ARCADE_formal_storyboard_prompt_pack_v001.csv,exports/micro_storyboard_annotation_metadata.csv,planned,S1_ARCADE_PLAY,????????????,environment_lookdev/SCN_ARCADE/camera_whiteboxes_v001/CAM_ARCADE_01_ENTRANCE_WIDE_constraint_whitebox_v001.png
MSB021,micro_storyboard,B01,Clip 03,visual_assets/pure/micro_storyboard/B01/MSB021_v003.png,visual_assets/annotated/micro_storyboard/B01/MSB021_v003_annotated.png,environment_lookdev/SCN_ARCADE/camera_whiteboxes_v001/SCN_ARCADE_formal_storyboard_prompt_pack_v001.csv,exports/micro_storyboard_annotation_metadata.csv,planned,S1_ARCADE_PLAY,????????????,environment_lookdev/SCN_ARCADE/camera_whiteboxes_v001/CAM_ARCADE_01_ENTRANCE_WIDE_constraint_whitebox_v001.png
MSB022,micro_storyboard,B01,Clip 03,visual_assets/pure/micro_storyboard/B01/MSB022_v001.png,visual_assets/annotated/micro_storyboard/B01/MSB022_v001_annotated.png,environment_lookdev/SCN_ARCADE/camera_whiteboxes_v001/SCN_ARCADE_formal_storyboard_prompt_pack_v001.csv,exports/micro_storyboard_annotation_metadata.csv,planned,S1_ARCADE_PLAY,????????????,environment_lookdev/SCN_ARCADE/camera_whiteboxes_v001/CAM_ARCADE_01_ENTRANCE_WIDE_constraint_whitebox_v001.png
MSB023,micro_storyboard,B01,Clip 03,visual_assets/pure/micro_storyboard/B01/MSB023_v001.png,visual_assets/annotated/micro_storyboard/B01/MSB023_v001_annotated.png,environment_lookdev/SCN_ARCADE/camera_whiteboxes_v001/SCN_ARCADE_formal_storyboard_prompt_pack_v001.csv,exports/micro_storyboard_annotation_metadata.csv,planned,S1_ARCADE_PLAY,????????????,environment_lookdev/SCN_ARCADE/camera_whiteboxes_v001/CAM_ARCADE_01_ENTRANCE_WIDE_constraint_whitebox_v001.png
MSB024,micro_storyboard,B01,Clip 03,visual_assets/pure/micro_storyboard/B01/MSB024_v001.png,visual_assets/annotated/micro_storyboard/B01/MSB024_v001_annotated.png,environment_lookdev/SCN_ARCADE/camera_whiteboxes_v001/SCN_ARCADE_formal_storyboard_prompt_pack_v001.csv,exports/micro_storyboard_annotation_metadata.csv,planned,S1_ARCADE_PLAY,????????????,environment_lookdev/SCN_ARCADE/camera_whiteboxes_v001/CAM_ARCADE_01_ENTRANCE_WIDE_constraint_whitebox_v001.png
MSB025,micro_storyboard,B01,Clip 03,visual_assets/pure/micro_storyboard/B01/MSB025_v001.png,visual_assets/annotated/micro_storyboard/B01/MSB025_v001_annotated.png,environment_lookdev/SCN_ARCADE/camera_whiteboxes_v001/SCN_ARCADE_formal_storyboard_prompt_pack_v001.csv,exports/micro_storyboard_annotation_metadata.csv,planned,S1_ARCADE_PLAY,????????????,environment_lookdev/SCN_ARCADE/camera_whiteboxes_v001/CAM_ARCADE_DETAIL_CONTROL_PANEL_constraint_whitebox_v001.png
MSB026,micro_storyboard,B01,Clip 03,visual_assets/pure/micro_storyboard/B01/MSB026_v001.png,visual_assets/annotated/micro_storyboard/B01/MSB026_v001_annotated.png,environment_lookdev/SCN_ARCADE/camera_whiteboxes_v001/SCN_ARCADE_formal_storyboard_prompt_pack_v001.csv,exports/micro_storyboard_annotation_metadata.csv,planned,S1_ARCADE_PLAY,????????????,environment_lookdev/SCN_ARCADE/camera_whiteboxes_v001/CAM_ARCADE_CEILING_PRESSURE_constraint_whitebox_v001.png
MSB027,micro_storyboard,B01,Clip 03,visual_assets/pure/micro_storyboard/B01/MSB027_v001.png,visual_assets/annotated/micro_storyboard/B01/MSB027_v001_annotated.png,environment_lookdev/SCN_ARCADE/camera_whiteboxes_v001/SCN_ARCADE_formal_storyboard_prompt_pack_v001.csv,exports/micro_storyboard_annotation_metadata.csv,planned,S1_ARCADE_PLAY,????????????,environment_lookdev/SCN_ARCADE/camera_whiteboxes_v001/CAM_ARCADE_01_ENTRANCE_WIDE_constraint_whitebox_v001.png
MSB028,micro_storyboard,B01,Clip 03,visual_assets/pure/micro_storyboard/B01/MSB028_v001.png,visual_assets/annotated/micro_storyboard/B01/MSB028_v001_annotated.png,environment_lookdev/SCN_ARCADE/camera_whiteboxes_v001/SCN_ARCADE_formal_storyboard_prompt_pack_v001.csv,exports/micro_storyboard_annotation_metadata.csv,planned,S1_ARCADE_PLAY,????????????,environment_lookdev/SCN_ARCADE/camera_whiteboxes_v001/CAM_ARCADE_01_ENTRANCE_WIDE_constraint_whitebox_v001.png
MSB029,micro_storyboard,B02,Clip 04,visual_assets/pure/micro_storyboard/B02/MSB029_v001.png,visual_assets/annotated/micro_storyboard/B02/MSB029_v001_annotated.png,environment_lookdev/SCN_ARCADE/camera_whiteboxes_v001/SCN_ARCADE_formal_storyboard_prompt_pack_v001.csv,exports/micro_storyboard_annotation_metadata.csv,planned,S1_ARCADE_PLAY,????????????,environment_lookdev/SCN_ARCADE/camera_whiteboxes_v001/CAM_ARCADE_02_STREET_FIGHTER_CABINET_constraint_whitebox_v001.png
MSB030,micro_storyboard,B02,Clip 04,visual_assets/pure/micro_storyboard/B02/MSB030_v001.png,visual_assets/annotated/micro_storyboard/B02/MSB030_v001_annotated.png,environment_lookdev/SCN_ARCADE/camera_whiteboxes_v001/SCN_ARCADE_formal_storyboard_prompt_pack_v001.csv,exports/micro_storyboard_annotation_metadata.csv,planned,S1_ARCADE_PLAY,????????????,environment_lookdev/SCN_ARCADE/camera_whiteboxes_v001/CAM_ARCADE_02_STREET_FIGHTER_CABINET_constraint_whitebox_v001.png
MSB031,micro_storyboard,B02,Clip 04,visual_assets/pure/micro_storyboard/B02/MSB031_v001.png,visual_assets/annotated/micro_storyboard/B02/MSB031_v001_annotated.png,environment_lookdev/SCN_ARCADE/camera_whiteboxes_v001/SCN_ARCADE_formal_storyboard_prompt_pack_v001.csv,exports/micro_storyboard_annotation_metadata.csv,planned,S1_ARCADE_PLAY,????????????,environment_lookdev/SCN_ARCADE/camera_whiteboxes_v001/CAM_ARCADE_02_STREET_FIGHTER_CABINET_constraint_whitebox_v001.png
MSB032,micro_storyboard,B02,Clip 04,visual_assets/pure/micro_storyboard/B02/MSB032_v001.png,visual_assets/annotated/micro_storyboard/B02/MSB032_v001_annotated.png,environment_lookdev/SCN_ARCADE/camera_whiteboxes_v001/SCN_ARCADE_formal_storyboard_prompt_pack_v001.csv,exports/micro_storyboard_annotation_metadata.csv,planned,S1_ARCADE_PLAY,????????????,environment_lookdev/SCN_ARCADE/camera_whiteboxes_v001/CAM_ARCADE_02_STREET_FIGHTER_CABINET_constraint_whitebox_v001.png
MSB033,micro_storyboard,B02,Clip 04,visual_assets/pure/micro_storyboard/B02/MSB033_v001.png,visual_assets/annotated/micro_storyboard/B02/MSB033_v001_annotated.png,environment_lookdev/SCN_ARCADE/camera_whiteboxes_v001/SCN_ARCADE_formal_storyboard_prompt_pack_v001.csv,exports/micro_storyboard_annotation_metadata.csv,planned,S1_ARCADE_PLAY,????????????,environment_lookdev/SCN_ARCADE/camera_whiteboxes_v001/CAM_ARCADE_DETAIL_CONTROL_PANEL_constraint_whitebox_v001.png
MSB034,micro_storyboard,B02,Clip 04,visual_assets/pure/micro_storyboard/B02/MSB034_v001.png,visual_assets/annotated/micro_storyboard/B02/MSB034_v001_annotated.png,environment_lookdev/SCN_ARCADE/camera_whiteboxes_v001/SCN_ARCADE_formal_storyboard_prompt_pack_v001.csv,exports/micro_storyboard_annotation_metadata.csv,planned,S1_ARCADE_PLAY,????????????,environment_lookdev/SCN_ARCADE/camera_whiteboxes_v001/CAM_ARCADE_02_STREET_FIGHTER_CABINET_constraint_whitebox_v001.png
MSB035,micro_storyboard,B02,Clip 04,visual_assets/pure/micro_storyboard/B02/MSB035_v001.png,visual_assets/annotated/micro_storyboard/B02/MSB035_v001_annotated.png,environment_lookdev/SCN_ARCADE/camera_whiteboxes_v001/SCN_ARCADE_formal_storyboard_prompt_pack_v001.csv,exports/micro_storyboard_annotation_metadata.csv,planned,S1_ARCADE_PLAY,????????????,environment_lookdev/SCN_ARCADE/camera_whiteboxes_v001/CAM_ARCADE_02_STREET_FIGHTER_CABINET_constraint_whitebox_v001.png
MSB036,micro_storyboard,B02,Clip 04,visual_assets/pure/micro_storyboard/B02/MSB036_v001.png,visual_assets/annotated/micro_storyboard/B02/MSB036_v001_annotated.png,environment_lookdev/SCN_ARCADE/camera_whiteboxes_v001/SCN_ARCADE_formal_storyboard_prompt_pack_v001.csv,exports/micro_storyboard_annotation_metadata.csv,planned,S1_ARCADE_PLAY,????????????,environment_lookdev/SCN_ARCADE/camera_whiteboxes_v001/CAM_ARCADE_02_STREET_FIGHTER_CABINET_constraint_whitebox_v001.png
MSB037,micro_storyboard,B02,Clip 04,visual_assets/pure/micro_storyboard/B02/MSB037_v001.png,visual_assets/annotated/micro_storyboard/B02/MSB037_v001_annotated.png,environment_lookdev/SCN_ARCADE/camera_whiteboxes_v001/SCN_ARCADE_formal_storyboard_prompt_pack_v001.csv,exports/micro_storyboard_annotation_metadata.csv,planned,S1_ARCADE_PLAY,????????????,environment_lookdev/SCN_ARCADE/camera_whiteboxes_v001/CAM_ARCADE_DETAIL_CONTROL_PANEL_constraint_whitebox_v001.png
MSB038,micro_storyboard,B02,Clip 05,visual_assets/pure/micro_storyboard/B02/MSB038_v001.png,visual_assets/annotated/micro_storyboard/B02/MSB038_v001_annotated.png,environment_lookdev/SCN_ARCADE/camera_whiteboxes_v001/SCN_ARCADE_formal_storyboard_prompt_pack_v001.csv,exports/micro_storyboard_annotation_metadata.csv,planned,S1_ARCADE_PLAY,????????????,environment_lookdev/SCN_ARCADE/camera_whiteboxes_v001/CAM_ARCADE_03_DUEL_OVER_SHOULDER_constraint_whitebox_v001.png
MSB039,micro_storyboard,B02,Clip 05,visual_assets/pure/micro_storyboard/B02/MSB039_v001.png,visual_assets/annotated/micro_storyboard/B02/MSB039_v001_annotated.png,environment_lookdev/SCN_ARCADE/camera_whiteboxes_v001/SCN_ARCADE_formal_storyboard_prompt_pack_v001.csv,exports/micro_storyboard_annotation_metadata.csv,planned,S1_ARCADE_PLAY,????????????,environment_lookdev/SCN_ARCADE/camera_whiteboxes_v001/CAM_ARCADE_DETAIL_CONTROL_PANEL_constraint_whitebox_v001.png
MSB040,micro_storyboard,B02,Clip 05,visual_assets/pure/micro_storyboard/B02/MSB040_v001.png,visual_assets/annotated/micro_storyboard/B02/MSB040_v001_annotated.png,environment_lookdev/SCN_ARCADE/camera_whiteboxes_v001/SCN_ARCADE_formal_storyboard_prompt_pack_v001.csv,exports/micro_storyboard_annotation_metadata.csv,planned,S1_ARCADE_PLAY,????????????,environment_lookdev/SCN_ARCADE/camera_whiteboxes_v001/CAM_ARCADE_03_DUEL_OVER_SHOULDER_constraint_whitebox_v001.png
MSB041,micro_storyboard,B02,Clip 05,visual_assets/pure/micro_storyboard/B02/MSB041_v001.png,visual_assets/annotated/micro_storyboard/B02/MSB041_v001_annotated.png,environment_lookdev/SCN_ARCADE/camera_whiteboxes_v001/SCN_ARCADE_formal_storyboard_prompt_pack_v001.csv,exports/micro_storyboard_annotation_metadata.csv,planned,S1_ARCADE_PLAY,????????????,environment_lookdev/SCN_ARCADE/camera_whiteboxes_v001/CAM_ARCADE_03_DUEL_OVER_SHOULDER_constraint_whitebox_v001.png
MSB042,micro_storyboard,B02,Clip 05,visual_assets/pure/micro_storyboard/B02/MSB042_v001.png,visual_assets/annotated/micro_storyboard/B02/MSB042_v001_annotated.png,environment_lookdev/SCN_ARCADE/camera_whiteboxes_v001/SCN_ARCADE_formal_storyboard_prompt_pack_v001.csv,exports/micro_storyboard_annotation_metadata.csv,planned,S1_ARCADE_PLAY,????????????,environment_lookdev/SCN_ARCADE/camera_whiteboxes_v001/CAM_ARCADE_03_DUEL_OVER_SHOULDER_constraint_whitebox_v001.png
MSB043,micro_storyboard,B02,Clip 05,visual_assets/pure/micro_storyboard/B02/MSB043_v001.png,visual_assets/annotated/micro_storyboard/B02/MSB043_v001_annotated.png,environment_lookdev/SCN_ARCADE/camera_whiteboxes_v001/SCN_ARCADE_formal_storyboard_prompt_pack_v001.csv,exports/micro_storyboard_annotation_metadata.csv,planned,S1_ARCADE_PLAY,????????????,environment_lookdev/SCN_ARCADE/camera_whiteboxes_v001/CAM_ARCADE_03_DUEL_OVER_SHOULDER_constraint_whitebox_v001.png
MSB044,micro_storyboard,B02,Clip 05,visual_assets/pure/micro_storyboard/B02/MSB044_v001.png,visual_assets/annotated/micro_storyboard/B02/MSB044_v001_annotated.png,environment_lookdev/SCN_ARCADE/camera_whiteboxes_v001/SCN_ARCADE_formal_storyboard_prompt_pack_v001.csv,exports/micro_storyboard_annotation_metadata.csv,planned,S1_ARCADE_PLAY,????????????,environment_lookdev/SCN_ARCADE/camera_whiteboxes_v001/CAM_ARCADE_03_DUEL_OVER_SHOULDER_constraint_whitebox_v001.png
MSB045,micro_storyboard,B02,Clip 05,visual_assets/pure/micro_storyboard/B02/MSB045_v001.png,visual_assets/annotated/micro_storyboard/B02/MSB045_v001_annotated.png,environment_lookdev/SCN_ARCADE/camera_whiteboxes_v001/SCN_ARCADE_formal_storyboard_prompt_pack_v001.csv,exports/micro_storyboard_annotation_metadata.csv,planned,S1_ARCADE_PLAY,????????????,environment_lookdev/SCN_ARCADE/camera_whiteboxes_v001/CAM_ARCADE_03_DUEL_OVER_SHOULDER_constraint_whitebox_v001.png
MSB046,micro_storyboard,B02,Clip 05,visual_assets/pure/micro_storyboard/B02/MSB046_v001.png,visual_assets/annotated/micro_storyboard/B02/MSB046_v001_annotated.png,environment_lookdev/SCN_ARCADE/camera_whiteboxes_v001/SCN_ARCADE_formal_storyboard_prompt_pack_v001.csv,exports/micro_storyboard_annotation_metadata.csv,planned,S1_ARCADE_PLAY,????????????,environment_lookdev/SCN_ARCADE/camera_whiteboxes_v001/CAM_ARCADE_03_DUEL_OVER_SHOULDER_constraint_whitebox_v001.png
MSB047,micro_storyboard,B02,Clip 05,visual_assets/pure/micro_storyboard/B02/MSB047_v001.png,visual_assets/annotated/micro_storyboard/B02/MSB047_v001_annotated.png,environment_lookdev/SCN_ARCADE/camera_whiteboxes_v001/SCN_ARCADE_formal_storyboard_prompt_pack_v001.csv,exports/micro_storyboard_annotation_metadata.csv,planned,S1_ARCADE_PLAY,????????????,environment_lookdev/SCN_ARCADE/camera_whiteboxes_v001/CAM_ARCADE_03_DUEL_OVER_SHOULDER_constraint_whitebox_v001.png
MSB048,micro_storyboard,B02,Clip 05,visual_assets/pure/micro_storyboard/B02/MSB048_v001.png,visual_assets/annotated/micro_storyboard/B02/MSB048_v001_annotated.png,environment_lookdev/SCN_ARCADE/camera_whiteboxes_v001/SCN_ARCADE_formal_storyboard_prompt_pack_v001.csv,exports/micro_storyboard_annotation_metadata.csv,planned,S1_ARCADE_PLAY,????????????,environment_lookdev/SCN_ARCADE/camera_whiteboxes_v001/CAM_ARCADE_03_DUEL_OVER_SHOULDER_constraint_whitebox_v001.png
MSB049,micro_storyboard,B02,Clip 05,visual_assets/pure/micro_storyboard/B02/MSB049_v001.png,visual_assets/annotated/micro_storyboard/B02/MSB049_v001_annotated.png,environment_lookdev/SCN_ARCADE/camera_whiteboxes_v001/SCN_ARCADE_formal_storyboard_prompt_pack_v001.csv,exports/micro_storyboard_annotation_metadata.csv,planned,S1_ARCADE_PLAY,????????????,environment_lookdev/SCN_ARCADE/camera_whiteboxes_v001/CAM_ARCADE_03_DUEL_OVER_SHOULDER_constraint_whitebox_v001.png
MSB050,micro_storyboard,B02,Clip 06,visual_assets/pure/micro_storyboard/B02/MSB050_v001.png,visual_assets/annotated/micro_storyboard/B02/MSB050_v001_annotated.png,environment_lookdev/SCN_ARCADE/camera_whiteboxes_v001/SCN_ARCADE_formal_storyboard_prompt_pack_v001.csv,exports/micro_storyboard_annotation_metadata.csv,planned,S1_ARCADE_PLAY,????????????,environment_lookdev/SCN_ARCADE/camera_whiteboxes_v001/CAM_ARCADE_04_BOSS_LOSES_REACTION_constraint_whitebox_v001.png
MSB051,micro_storyboard,B02,Clip 06,visual_assets/pure/micro_storyboard/B02/MSB051_v001.png,visual_assets/annotated/micro_storyboard/B02/MSB051_v001_annotated.png,environment_lookdev/SCN_ARCADE/camera_whiteboxes_v001/SCN_ARCADE_formal_storyboard_prompt_pack_v001.csv,exports/micro_storyboard_annotation_metadata.csv,planned,S1_ARCADE_PLAY,????????????,environment_lookdev/SCN_ARCADE/camera_whiteboxes_v001/CAM_ARCADE_04_BOSS_LOSES_REACTION_constraint_whitebox_v001.png
MSB052,micro_storyboard,B02,Clip 06,visual_assets/pure/micro_storyboard/B02/MSB052_v001.png,visual_assets/annotated/micro_storyboard/B02/MSB052_v001_annotated.png,environment_lookdev/SCN_ARCADE/camera_whiteboxes_v001/SCN_ARCADE_formal_storyboard_prompt_pack_v001.csv,exports/micro_storyboard_annotation_metadata.csv,planned,S1_ARCADE_PLAY,????????????,environment_lookdev/SCN_ARCADE/camera_whiteboxes_v001/CAM_ARCADE_04_BOSS_LOSES_REACTION_constraint_whitebox_v001.png
MSB053,micro_storyboard,B02,Clip 06,visual_assets/pure/micro_storyboard/B02/MSB053_v001.png,visual_assets/annotated/micro_storyboard/B02/MSB053_v001_annotated.png,environment_lookdev/SCN_ARCADE/camera_whiteboxes_v001/SCN_ARCADE_formal_storyboard_prompt_pack_v001.csv,exports/micro_storyboard_annotation_metadata.csv,planned,S1_ARCADE_PLAY,????????????,environment_lookdev/SCN_ARCADE/camera_whiteboxes_v001/CAM_ARCADE_04_BOSS_LOSES_REACTION_constraint_whitebox_v001.png
MSB054,micro_storyboard,B02,Clip 06,visual_assets/pure/micro_storyboard/B02/MSB054_v001.png,visual_assets/annotated/micro_storyboard/B02/MSB054_v001_annotated.png,environment_lookdev/SCN_ARCADE/camera_whiteboxes_v001/SCN_ARCADE_formal_storyboard_prompt_pack_v001.csv,exports/micro_storyboard_annotation_metadata.csv,planned,S1_ARCADE_PLAY,????????????,environment_lookdev/SCN_ARCADE/camera_whiteboxes_v001/CAM_ARCADE_04_BOSS_LOSES_REACTION_constraint_whitebox_v001.png
MSB055,micro_storyboard,B02,Clip 06,visual_assets/pure/micro_storyboard/B02/MSB055_v001.png,visual_assets/annotated/micro_storyboard/B02/MSB055_v001_annotated.png,environment_lookdev/SCN_ARCADE/camera_whiteboxes_v001/SCN_ARCADE_formal_storyboard_prompt_pack_v001.csv,exports/micro_storyboard_annotation_metadata.csv,planned,S1_ARCADE_PLAY,????????????,environment_lookdev/SCN_ARCADE/camera_whiteboxes_v001/CAM_ARCADE_04_BOSS_LOSES_REACTION_constraint_whitebox_v001.png
MSB056,micro_storyboard,B02,Clip 06,visual_assets/pure/micro_storyboard/B02/MSB056_v001.png,visual_assets/annotated/micro_storyboard/B02/MSB056_v001_annotated.png,environment_lookdev/SCN_ARCADE/camera_whiteboxes_v001/SCN_ARCADE_formal_storyboard_prompt_pack_v001.csv,exports/micro_storyboard_annotation_metadata.csv,planned,S1_ARCADE_PLAY,????????????,environment_lookdev/SCN_ARCADE/camera_whiteboxes_v001/CAM_ARCADE_04_BOSS_LOSES_REACTION_constraint_whitebox_v001.png
MSB057,micro_storyboard,B02,Clip 06,visual_assets/pure/micro_storyboard/B02/MSB057_v001.png,visual_assets/annotated/micro_storyboard/B02/MSB057_v001_annotated.png,environment_lookdev/SCN_ARCADE/camera_whiteboxes_v001/SCN_ARCADE_formal_storyboard_prompt_pack_v001.csv,exports/micro_storyboard_annotation_metadata.csv,planned,S1_ARCADE_PLAY,????????????,environment_lookdev/SCN_ARCADE/camera_whiteboxes_v001/CAM_ARCADE_04_BOSS_LOSES_REACTION_constraint_whitebox_v001.png
MSB058,micro_storyboard,B03,Clip 07,visual_assets/pure/micro_storyboard/B03/MSB058_v001.png,visual_assets/annotated/micro_storyboard/B03/MSB058_v001_annotated.png,exports/micro_storyboard_pure_image_prompts.csv,exports/micro_storyboard_annotation_metadata.csv,planned,S2_EXIT_TO_STANDOFF,?????????,whitebox_renders_v2/B03/WB2_EXIT_MSB058.png
MSB059,micro_storyboard,B03,Clip 07,visual_assets/pure/micro_storyboard/B03/MSB059_v001.png,visual_assets/annotated/micro_storyboard/B03/MSB059_v001_annotated.png,exports/micro_storyboard_pure_image_prompts.csv,exports/micro_storyboard_annotation_metadata.csv,planned,S2_EXIT_TO_STANDOFF,?????????,whitebox_renders_v2/B03/WB2_EXIT_MSB059.png
MSB060,micro_storyboard,B03,Clip 07,visual_assets/pure/micro_storyboard/B03/MSB060_v001.png,visual_assets/annotated/micro_storyboard/B03/MSB060_v001_annotated.png,exports/micro_storyboard_pure_image_prompts.csv,exports/micro_storyboard_annotation_metadata.csv,planned,S2_EXIT_TO_STANDOFF,?????????,whitebox_renders_v2/B03/WB2_EXIT_MSB060.png
MSB061,micro_storyboard,B03,Clip 07,visual_assets/pure/micro_storyboard/B03/MSB061_v001.png,visual_assets/annotated/micro_storyboard/B03/MSB061_v001_annotated.png,exports/micro_storyboard_pure_image_prompts.csv,exports/micro_storyboard_annotation_metadata.csv,planned,S2_EXIT_TO_STANDOFF,?????????,whitebox_renders_v2/B03/WB2_EXIT_MSB061.png
MSB062,micro_storyboard,B03,Clip 07,visual_assets/pure/micro_storyboard/B03/MSB062_v001.png,visual_assets/annotated/micro_storyboard/B03/MSB062_v001_annotated.png,exports/micro_storyboard_pure_image_prompts.csv,exports/micro_storyboard_annotation_metadata.csv,planned,S2_EXIT_TO_STANDOFF,?????????,whitebox_renders_v2/B03/WB2_EXIT_MSB062.png
MSB063,micro_storyboard,B03,Clip 07,visual_assets/pure/micro_storyboard/B03/MSB063_v001.png,visual_assets/annotated/micro_storyboard/B03/MSB063_v001_annotated.png,exports/micro_storyboard_pure_image_prompts.csv,exports/micro_storyboard_annotation_metadata.csv,planned,S2_EXIT_TO_STANDOFF,?????????,whitebox_renders_v2/B03/WB2_EXIT_MSB063.png
MSB064,micro_storyboard,B03,Clip 07,visual_assets/pure/micro_storyboard/B03/MSB064_v001.png,visual_assets/annotated/micro_storyboard/B03/MSB064_v001_annotated.png,exports/micro_storyboard_pure_image_prompts.csv,exports/micro_storyboard_annotation_metadata.csv,planned,S2_EXIT_TO_STANDOFF,?????????,whitebox_renders_v2/B03/WB2_EXIT_MSB064.png
MSB065,micro_storyboard,B03,Clip 07,visual_assets/pure/micro_storyboard/B03/MSB065_v001.png,visual_assets/annotated/micro_storyboard/B03/MSB065_v001_annotated.png,exports/micro_storyboard_pure_image_prompts.csv,exports/micro_storyboard_annotation_metadata.csv,planned,S2_EXIT_TO_STANDOFF,?????????,whitebox_renders_v2/B03/WB2_EXIT_MSB065.png
MSB066,micro_storyboard,B03,Clip 08,visual_assets/pure/micro_storyboard/B03/MSB066_v001.png,visual_assets/annotated/micro_storyboard/B03/MSB066_v001_annotated.png,exports/micro_storyboard_pure_image_prompts.csv,exports/micro_storyboard_annotation_metadata.csv,planned,S2_EXIT_TO_STANDOFF,?????????,whitebox_renders_v2/B03/WB2_ALLEY_MSB066.png
MSB067,micro_storyboard,B03,Clip 08,visual_assets/pure/micro_storyboard/B03/MSB067_v001.png,visual_assets/annotated/micro_storyboard/B03/MSB067_v001_annotated.png,exports/micro_storyboard_pure_image_prompts.csv,exports/micro_storyboard_annotation_metadata.csv,planned,S2_EXIT_TO_STANDOFF,?????????,whitebox_renders_v2/B03/WB2_ALLEY_MSB067.png
MSB068,micro_storyboard,B03,Clip 08,visual_assets/pure/micro_storyboard/B03/MSB068_v001.png,visual_assets/annotated/micro_storyboard/B03/MSB068_v001_annotated.png,exports/micro_storyboard_pure_image_prompts.csv,exports/micro_storyboard_annotation_metadata.csv,planned,S2_EXIT_TO_STANDOFF,?????????,whitebox_renders_v2/B03/WB2_ALLEY_MSB068.png
MSB069,micro_storyboard,B03,Clip 08,visual_assets/pure/micro_storyboard/B03/MSB069_v001.png,visual_assets/annotated/micro_storyboard/B03/MSB069_v001_annotated.png,exports/micro_storyboard_pure_image_prompts.csv,exports/micro_storyboard_annotation_metadata.csv,planned,S2_EXIT_TO_STANDOFF,?????????,whitebox_renders_v2/B03/WB2_ALLEY_MSB069.png
MSB070,micro_storyboard,B03,Clip 08,visual_assets/pure/micro_storyboard/B03/MSB070_v001.png,visual_assets/annotated/micro_storyboard/B03/MSB070_v001_annotated.png,exports/micro_storyboard_pure_image_prompts.csv,exports/micro_storyboard_annotation_metadata.csv,planned,S2_EXIT_TO_STANDOFF,?????????,whitebox_renders_v2/B03/WB2_ALLEY_MSB070.png
MSB071,micro_storyboard,B03,Clip 08,visual_assets/pure/micro_storyboard/B03/MSB071_v001.png,visual_assets/annotated/micro_storyboard/B03/MSB071_v001_annotated.png,exports/micro_storyboard_pure_image_prompts.csv,exports/micro_storyboard_annotation_metadata.csv,planned,S2_EXIT_TO_STANDOFF,?????????,whitebox_renders_v2/B03/WB2_ALLEY_MSB071.png
MSB072,micro_storyboard,B03,Clip 08,visual_assets/pure/micro_storyboard/B03/MSB072_v001.png,visual_assets/annotated/micro_storyboard/B03/MSB072_v001_annotated.png,exports/micro_storyboard_pure_image_prompts.csv,exports/micro_storyboard_annotation_metadata.csv,planned,S2_EXIT_TO_STANDOFF,?????????,whitebox_renders_v2/B03/WB2_ALLEY_MSB072.png
MSB073,micro_storyboard,B03,Clip 08,visual_assets/pure/micro_storyboard/B03/MSB073_v001.png,visual_assets/annotated/micro_storyboard/B03/MSB073_v001_annotated.png,exports/micro_storyboard_pure_image_prompts.csv,exports/micro_storyboard_annotation_metadata.csv,planned,S2_EXIT_TO_STANDOFF,?????????,whitebox_renders_v2/B03/WB2_ALLEY_MSB073.png
MSB074,micro_storyboard,B03,Clip 08,visual_assets/pure/micro_storyboard/B03/MSB074_v001.png,visual_assets/annotated/micro_storyboard/B03/MSB074_v001_annotated.png,exports/micro_storyboard_pure_image_prompts.csv,exports/micro_storyboard_annotation_metadata.csv,planned,S2_EXIT_TO_STANDOFF,?????????,whitebox_renders_v2/B03/WB2_ALLEY_MSB074.png
MSB075,micro_storyboard,B03,Clip 08,visual_assets/pure/micro_storyboard/B03/MSB075_v001.png,visual_assets/annotated/micro_storyboard/B03/MSB075_v001_annotated.png,exports/micro_storyboard_pure_image_prompts.csv,exports/micro_storyboard_annotation_metadata.csv,planned,S2_EXIT_TO_STANDOFF,?????????,whitebox_renders_v2/B03/WB2_ALLEY_MSB075.png
MSB076,micro_storyboard,B03,Clip 09,visual_assets/pure/micro_storyboard/B03/MSB076_v001.png,visual_assets/annotated/micro_storyboard/B03/MSB076_v001_annotated.png,exports/micro_storyboard_pure_image_prompts.csv,exports/micro_storyboard_annotation_metadata.csv,planned,S2_EXIT_TO_STANDOFF,?????????,whitebox_renders_v2/B03/WB2_ALLEY_MSB076.png
MSB077,micro_storyboard,B03,Clip 09,visual_assets/pure/micro_storyboard/B03/MSB077_v001.png,visual_assets/annotated/micro_storyboard/B03/MSB077_v001_annotated.png,exports/micro_storyboard_pure_image_prompts.csv,exports/micro_storyboard_annotation_metadata.csv,planned,S2_EXIT_TO_STANDOFF,?????????,whitebox_renders_v2/B03/WB2_ALLEY_MSB077.png
MSB078,micro_storyboard,B03,Clip 09,visual_assets/pure/micro_storyboard/B03/MSB078_v001.png,visual_assets/annotated/micro_storyboard/B03/MSB078_v001_annotated.png,exports/micro_storyboard_pure_image_prompts.csv,exports/micro_storyboard_annotation_metadata.csv,planned,S2_EXIT_TO_STANDOFF,?????????,whitebox_renders_v2/B03/WB2_ALLEY_MSB078.png
MSB079,micro_storyboard,B03,Clip 09,visual_assets/pure/micro_storyboard/B03/MSB079_v001.png,visual_assets/annotated/micro_storyboard/B03/MSB079_v001_annotated.png,exports/micro_storyboard_pure_image_prompts.csv,exports/micro_storyboard_annotation_metadata.csv,planned,S2_EXIT_TO_STANDOFF,?????????,whitebox_renders_v2/B03/WB2_ALLEY_MSB079.png
MSB080,micro_storyboard,B03,Clip 09,visual_assets/pure/micro_storyboard/B03/MSB080_v001.png,visual_assets/annotated/micro_storyboard/B03/MSB080_v001_annotated.png,exports/micro_storyboard_pure_image_prompts.csv,exports/micro_storyboard_annotation_metadata.csv,planned,S2_EXIT_TO_STANDOFF,?????????,whitebox_renders_v2/B03/WB2_ALLEY_MSB080.png
MSB081,micro_storyboard,B03,Clip 09,visual_assets/pure/micro_storyboard/B03/MSB081_v001.png,visual_assets/annotated/micro_storyboard/B03/MSB081_v001_annotated.png,exports/micro_storyboard_pure_image_prompts.csv,exports/micro_storyboard_annotation_metadata.csv,planned,S2_EXIT_TO_STANDOFF,?????????,whitebox_renders_v2/B03/WB2_ALLEY_MSB081.png
MSB082,micro_storyboard,B03,Clip 09,visual_assets/pure/micro_storyboard/B03/MSB082_v001.png,visual_assets/annotated/micro_storyboard/B03/MSB082_v001_annotated.png,exports/micro_storyboard_pure_image_prompts.csv,exports/micro_storyboard_annotation_metadata.csv,planned,S2_EXIT_TO_STANDOFF,?????????,whitebox_renders_v2/B03/WB2_ALLEY_MSB082.png
MSB083,micro_storyboard,B03,Clip 09,visual_assets/pure/micro_storyboard/B03/MSB083_v001.png,visual_assets/annotated/micro_storyboard/B03/MSB083_v001_annotated.png,exports/micro_storyboard_pure_image_prompts.csv,exports/micro_storyboard_annotation_metadata.csv,planned,S2_EXIT_TO_STANDOFF,?????????,whitebox_renders_v2/B03/WB2_ALLEY_MSB083.png
MSB084,micro_storyboard,B03,Clip 09,visual_assets/pure/micro_storyboard/B03/MSB084_v001.png,visual_assets/annotated/micro_storyboard/B03/MSB084_v001_annotated.png,exports/micro_storyboard_pure_image_prompts.csv,exports/micro_storyboard_annotation_metadata.csv,planned,S2_EXIT_TO_STANDOFF,?????????,whitebox_renders_v2/B03/WB2_ALLEY_MSB084.png
MSB085,micro_storyboard,B03,Clip 09,visual_assets/pure/micro_storyboard/B03/MSB085_v001.png,visual_assets/annotated/micro_storyboard/B03/MSB085_v001_annotated.png,exports/micro_storyboard_pure_image_prompts.csv,exports/micro_storyboard_annotation_metadata.csv,planned,S2_EXIT_TO_STANDOFF,?????????,whitebox_renders_v2/B03/WB2_ALLEY_MSB085.png
MSB086,micro_storyboard,B04,Clip 10,visual_assets/pure/micro_storyboard/B04/MSB086_v001.png,visual_assets/annotated/micro_storyboard/B04/MSB086_v001_annotated.png,exports/micro_storyboard_pure_image_prompts.csv,exports/micro_storyboard_annotation_metadata.csv,planned,S3_ALLEY_PRESSURE,????,whitebox_renders_v2/B04/WB2_ALLEY_MSB086.png
MSB087,micro_storyboard,B04,Clip 10,visual_assets/pure/micro_storyboard/B04/MSB087_v001.png,visual_assets/annotated/micro_storyboard/B04/MSB087_v001_annotated.png,exports/micro_storyboard_pure_image_prompts.csv,exports/micro_storyboard_annotation_metadata.csv,planned,S3_ALLEY_PRESSURE,????,whitebox_renders_v2/B04/WB2_ALLEY_MSB087.png
MSB088,micro_storyboard,B04,Clip 10,visual_assets/pure/micro_storyboard/B04/MSB088_v001.png,visual_assets/annotated/micro_storyboard/B04/MSB088_v001_annotated.png,exports/micro_storyboard_pure_image_prompts.csv,exports/micro_storyboard_annotation_metadata.csv,planned,S3_ALLEY_PRESSURE,????,whitebox_renders_v2/B04/WB2_ALLEY_MSB088.png
MSB089,micro_storyboard,B04,Clip 10,visual_assets/pure/micro_storyboard/B04/MSB089_v001.png,visual_assets/annotated/micro_storyboard/B04/MSB089_v001_annotated.png,exports/micro_storyboard_pure_image_prompts.csv,exports/micro_storyboard_annotation_metadata.csv,planned,S3_ALLEY_PRESSURE,????,whitebox_renders_v2/B04/WB2_ALLEY_MSB089.png
MSB090,micro_storyboard,B04,Clip 10,visual_assets/pure/micro_storyboard/B04/MSB090_v001.png,visual_assets/annotated/micro_storyboard/B04/MSB090_v001_annotated.png,exports/micro_storyboard_pure_image_prompts.csv,exports/micro_storyboard_annotation_metadata.csv,planned,S3_ALLEY_PRESSURE,????,whitebox_renders_v2/B04/WB2_ALLEY_MSB090.png
MSB091,micro_storyboard,B04,Clip 10,visual_assets/pure/micro_storyboard/B04/MSB091_v001.png,visual_assets/annotated/micro_storyboard/B04/MSB091_v001_annotated.png,exports/micro_storyboard_pure_image_prompts.csv,exports/micro_storyboard_annotation_metadata.csv,planned,S3_ALLEY_PRESSURE,????,whitebox_renders_v2/B04/WB2_ALLEY_MSB091.png
MSB092,micro_storyboard,B04,Clip 10,visual_assets/pure/micro_storyboard/B04/MSB092_v001.png,visual_assets/annotated/micro_storyboard/B04/MSB092_v001_annotated.png,exports/micro_storyboard_pure_image_prompts.csv,exports/micro_storyboard_annotation_metadata.csv,planned,S3_ALLEY_PRESSURE,????,whitebox_renders_v2/B04/WB2_ALLEY_MSB092.png
MSB093,micro_storyboard,B04,Clip 10,visual_assets/pure/micro_storyboard/B04/MSB093_v001.png,visual_assets/annotated/micro_storyboard/B04/MSB093_v001_annotated.png,exports/micro_storyboard_pure_image_prompts.csv,exports/micro_storyboard_annotation_metadata.csv,planned,S3_ALLEY_PRESSURE,????,whitebox_renders_v2/B04/WB2_ALLEY_MSB093.png
MSB094,micro_storyboard,B04,Clip 10,visual_assets/pure/micro_storyboard/B04/MSB094_v001.png,visual_assets/annotated/micro_storyboard/B04/MSB094_v001_annotated.png,exports/micro_storyboard_pure_image_prompts.csv,exports/micro_storyboard_annotation_metadata.csv,planned,S3_ALLEY_PRESSURE,????,whitebox_renders_v2/B04/WB2_ALLEY_MSB094.png
MSB095,micro_storyboard,B04,Clip 10,visual_assets/pure/micro_storyboard/B04/MSB095_v001.png,visual_assets/annotated/micro_storyboard/B04/MSB095_v001_annotated.png,exports/micro_storyboard_pure_image_prompts.csv,exports/micro_storyboard_annotation_metadata.csv,planned,S3_ALLEY_PRESSURE,????,whitebox_renders_v2/B04/WB2_ALLEY_MSB095.png
MSB096,micro_storyboard,B04,Clip 10,visual_assets/pure/micro_storyboard/B04/MSB096_v001.png,visual_assets/annotated/micro_storyboard/B04/MSB096_v001_annotated.png,exports/micro_storyboard_pure_image_prompts.csv,exports/micro_storyboard_annotation_metadata.csv,planned,S3_ALLEY_PRESSURE,????,whitebox_renders_v2/B04/WB2_ALLEY_MSB096.png
MSB097,micro_storyboard,B04,Clip 10,visual_assets/pure/micro_storyboard/B04/MSB097_v001.png,visual_assets/annotated/micro_storyboard/B04/MSB097_v001_annotated.png,exports/micro_storyboard_pure_image_prompts.csv,exports/micro_storyboard_annotation_metadata.csv,planned,S3_ALLEY_PRESSURE,????,whitebox_renders_v2/B04/WB2_ALLEY_MSB097.png
MSB098,micro_storyboard,B04,Clip 11,visual_assets/pure/micro_storyboard/B04/MSB098_v001.png,visual_assets/annotated/micro_storyboard/B04/MSB098_v001_annotated.png,exports/micro_storyboard_pure_image_prompts.csv,exports/micro_storyboard_annotation_metadata.csv,planned,S4_STONE_ACCIDENT,????,whitebox_renders_v2/B04/WB2_ALLEY_MSB098.png
MSB099,micro_storyboard,B04,Clip 11,visual_assets/pure/micro_storyboard/B04/MSB099_v001.png,visual_assets/annotated/micro_storyboard/B04/MSB099_v001_annotated.png,exports/micro_storyboard_pure_image_prompts.csv,exports/micro_storyboard_annotation_metadata.csv,planned,S4_STONE_ACCIDENT,????,whitebox_renders_v2/B04/WB2_ALLEY_MSB099.png
MSB100,micro_storyboard,B04,Clip 11,visual_assets/pure/micro_storyboard/B04/MSB100_v001.png,visual_assets/annotated/micro_storyboard/B04/MSB100_v001_annotated.png,exports/micro_storyboard_pure_image_prompts.csv,exports/micro_storyboard_annotation_metadata.csv,planned,S4_STONE_ACCIDENT,????,whitebox_renders_v2/B04/WB2_ALLEY_MSB100.png
MSB101,micro_storyboard,B04,Clip 11,visual_assets/pure/micro_storyboard/B04/MSB101_v001.png,visual_assets/annotated/micro_storyboard/B04/MSB101_v001_annotated.png,exports/micro_storyboard_pure_image_prompts.csv,exports/micro_storyboard_annotation_metadata.csv,planned,S4_STONE_ACCIDENT,????,whitebox_renders_v2/B04/WB2_ALLEY_MSB101.png
MSB102,micro_storyboard,B04,Clip 11,visual_assets/pure/micro_storyboard/B04/MSB102_v001.png,visual_assets/annotated/micro_storyboard/B04/MSB102_v001_annotated.png,exports/micro_storyboard_pure_image_prompts.csv,exports/micro_storyboard_annotation_metadata.csv,planned,S4_STONE_ACCIDENT,????,whitebox_renders_v2/B04/WB2_ALLEY_MSB102.png
MSB103,micro_storyboard,B04,Clip 11,visual_assets/pure/micro_storyboard/B04/MSB103_v001.png,visual_assets/annotated/micro_storyboard/B04/MSB103_v001_annotated.png,exports/micro_storyboard_pure_image_prompts.csv,exports/micro_storyboard_annotation_metadata.csv,planned,S4_STONE_ACCIDENT,????,whitebox_renders_v2/B04/WB2_ALLEY_MSB103.png
MSB104,micro_storyboard,B04,Clip 11,visual_assets/pure/micro_storyboard/B04/MSB104_v001.png,visual_assets/annotated/micro_storyboard/B04/MSB104_v001_annotated.png,exports/micro_storyboard_pure_image_prompts.csv,exports/micro_storyboard_annotation_metadata.csv,planned,S4_STONE_ACCIDENT,????,whitebox_renders_v2/B04/WB2_ALLEY_MSB104.png
MSB105,micro_storyboard,B04,Clip 11,visual_assets/pure/micro_storyboard/B04/MSB105_v001.png,visual_assets/annotated/micro_storyboard/B04/MSB105_v001_annotated.png,exports/micro_storyboard_pure_image_prompts.csv,exports/micro_storyboard_annotation_metadata.csv,planned,S4_STONE_ACCIDENT,????,whitebox_renders_v2/B04/WB2_ALLEY_MSB105.png
MSB106,micro_storyboard,B04,Clip 11,visual_assets/pure/micro_storyboard/B04/MSB106_v001.png,visual_assets/annotated/micro_storyboard/B04/MSB106_v001_annotated.png,exports/micro_storyboard_pure_image_prompts.csv,exports/micro_storyboard_annotation_metadata.csv,planned,S4_STONE_ACCIDENT,????,whitebox_renders_v2/B04/WB2_ALLEY_MSB106.png
MSB107,micro_storyboard,B04,Clip 11,visual_assets/pure/micro_storyboard/B04/MSB107_v001.png,visual_assets/annotated/micro_storyboard/B04/MSB107_v001_annotated.png,exports/micro_storyboard_pure_image_prompts.csv,exports/micro_storyboard_annotation_metadata.csv,planned,S4_STONE_ACCIDENT,????,whitebox_renders_v2/B04/WB2_ALLEY_MSB107.png
MSB108,micro_storyboard,B04,Clip 12,visual_assets/pure/micro_storyboard/B04/MSB108_v001.png,visual_assets/annotated/micro_storyboard/B04/MSB108_v001_annotated.png,exports/micro_storyboard_pure_image_prompts.csv,exports/micro_storyboard_annotation_metadata.csv,planned,S5_ESCAPE_DIRTY,????,whitebox_renders_v2/B04/WB2_ALLEY_MSB108.png
MSB109,micro_storyboard,B04,Clip 12,visual_assets/pure/micro_storyboard/B04/MSB109_v001.png,visual_assets/annotated/micro_storyboard/B04/MSB109_v001_annotated.png,exports/micro_storyboard_pure_image_prompts.csv,exports/micro_storyboard_annotation_metadata.csv,planned,S5_ESCAPE_DIRTY,????,whitebox_renders_v2/B04/WB2_ALLEY_MSB109.png
MSB110,micro_storyboard,B04,Clip 12,visual_assets/pure/micro_storyboard/B04/MSB110_v001.png,visual_assets/annotated/micro_storyboard/B04/MSB110_v001_annotated.png,exports/micro_storyboard_pure_image_prompts.csv,exports/micro_storyboard_annotation_metadata.csv,planned,S5_ESCAPE_DIRTY,????,whitebox_renders_v2/B04/WB2_ALLEY_MSB110.png
MSB111,micro_storyboard,B04,Clip 12,visual_assets/pure/micro_storyboard/B04/MSB111_v001.png,visual_assets/annotated/micro_storyboard/B04/MSB111_v001_annotated.png,exports/micro_storyboard_pure_image_prompts.csv,exports/micro_storyboard_annotation_metadata.csv,planned,S5_ESCAPE_DIRTY,????,whitebox_renders_v2/B04/WB2_ALLEY_MSB111.png
MSB112,micro_storyboard,B04,Clip 12,visual_assets/pure/micro_storyboard/B04/MSB112_v001.png,visual_assets/annotated/micro_storyboard/B04/MSB112_v001_annotated.png,exports/micro_storyboard_pure_image_prompts.csv,exports/micro_storyboard_annotation_metadata.csv,planned,S5_ESCAPE_DIRTY,????,whitebox_renders_v2/B04/WB2_ALLEY_MSB112.png
MSB113,micro_storyboard,B04,Clip 12,visual_assets/pure/micro_storyboard/B04/MSB113_v001.png,visual_assets/annotated/micro_storyboard/B04/MSB113_v001_annotated.png,exports/micro_storyboard_pure_image_prompts.csv,exports/micro_storyboard_annotation_metadata.csv,planned,S5_ESCAPE_DIRTY,????,whitebox_renders_v2/B04/WB2_ALLEY_MSB113.png
MSB114,micro_storyboard,B04,Clip 12,visual_assets/pure/micro_storyboard/B04/MSB114_v001.png,visual_assets/annotated/micro_storyboard/B04/MSB114_v001_annotated.png,exports/micro_storyboard_pure_image_prompts.csv,exports/micro_storyboard_annotation_metadata.csv,planned,S5_ESCAPE_DIRTY,????,whitebox_renders_v2/B04/WB2_ALLEY_MSB114.png
MSB115,micro_storyboard,B04,Clip 12,visual_assets/pure/micro_storyboard/B04/MSB115_v001.png,visual_assets/annotated/micro_storyboard/B04/MSB115_v001_annotated.png,exports/micro_storyboard_pure_image_prompts.csv,exports/micro_storyboard_annotation_metadata.csv,planned,S5_ESCAPE_DIRTY,????,whitebox_renders_v2/B04/WB2_ALLEY_MSB115.png
MSB116,micro_storyboard,B04,Clip 12,visual_assets/pure/micro_storyboard/B04/MSB116_v001.png,visual_assets/annotated/micro_storyboard/B04/MSB116_v001_annotated.png,exports/micro_storyboard_pure_image_prompts.csv,exports/micro_storyboard_annotation_metadata.csv,planned,S5_ESCAPE_DIRTY,????,whitebox_renders_v2/B04/WB2_ALLEY_MSB116.png
MSB117,micro_storyboard,B04,Clip 12,visual_assets/pure/micro_storyboard/B04/MSB117_v001.png,visual_assets/annotated/micro_storyboard/B04/MSB117_v001_annotated.png,exports/micro_storyboard_pure_image_prompts.csv,exports/micro_storyboard_annotation_metadata.csv,planned,S5_ESCAPE_DIRTY,????,whitebox_renders_v2/B04/WB2_ALLEY_MSB117.png
MSB118,micro_storyboard,B04,Clip 12,visual_assets/pure/micro_storyboard/B04/MSB118_v001.png,visual_assets/annotated/micro_storyboard/B04/MSB118_v001_annotated.png,exports/micro_storyboard_pure_image_prompts.csv,exports/micro_storyboard_annotation_metadata.csv,planned,S5_ESCAPE_DIRTY,????,whitebox_renders_v2/B04/WB2_ALLEY_MSB118.png
MSB119,micro_storyboard,B04,Clip 12,visual_assets/pure/micro_storyboard/B04/MSB119_v001.png,visual_assets/annotated/micro_storyboard/B04/MSB119_v001_annotated.png,exports/micro_storyboard_pure_image_prompts.csv,exports/micro_storyboard_annotation_metadata.csv,planned,S5_ESCAPE_DIRTY,????,whitebox_renders_v2/B04/WB2_ALLEY_MSB119.png
MSB120,micro_storyboard,B05,Clip 13,visual_assets/pure/micro_storyboard/B05/MSB120_v001.png,visual_assets/annotated/micro_storyboard/B05/MSB120_v001_annotated.png,exports/micro_storyboard_pure_image_prompts.csv,exports/micro_storyboard_annotation_metadata.csv,planned,S6_CORRIDOR_PHONE_SHOCK,????????????,whitebox_renders_v2/B05/WB2_CORRIDOR_MSB120.png
MSB121,micro_storyboard,B05,Clip 13,visual_assets/pure/micro_storyboard/B05/MSB121_v001.png,visual_assets/annotated/micro_storyboard/B05/MSB121_v001_annotated.png,exports/micro_storyboard_pure_image_prompts.csv,exports/micro_storyboard_annotation_metadata.csv,planned,S6_CORRIDOR_PHONE_SHOCK,????????????,whitebox_renders_v2/B05/WB2_CORRIDOR_MSB121.png
MSB122,micro_storyboard,B05,Clip 13,visual_assets/pure/micro_storyboard/B05/MSB122_v001.png,visual_assets/annotated/micro_storyboard/B05/MSB122_v001_annotated.png,exports/micro_storyboard_pure_image_prompts.csv,exports/micro_storyboard_annotation_metadata.csv,planned,S6_CORRIDOR_PHONE_SHOCK,????????????,whitebox_renders_v2/B05/WB2_CORRIDOR_MSB122.png
MSB123,micro_storyboard,B05,Clip 13,visual_assets/pure/micro_storyboard/B05/MSB123_v001.png,visual_assets/annotated/micro_storyboard/B05/MSB123_v001_annotated.png,exports/micro_storyboard_pure_image_prompts.csv,exports/micro_storyboard_annotation_metadata.csv,planned,S6_CORRIDOR_PHONE_SHOCK,????????????,whitebox_renders_v2/B05/WB2_CORRIDOR_MSB123.png
MSB124,micro_storyboard,B05,Clip 13,visual_assets/pure/micro_storyboard/B05/MSB124_v001.png,visual_assets/annotated/micro_storyboard/B05/MSB124_v001_annotated.png,exports/micro_storyboard_pure_image_prompts.csv,exports/micro_storyboard_annotation_metadata.csv,planned,S6_CORRIDOR_PHONE_SHOCK,????????????,whitebox_renders_v2/B05/WB2_CORRIDOR_MSB124.png
MSB125,micro_storyboard,B05,Clip 13,visual_assets/pure/micro_storyboard/B05/MSB125_v001.png,visual_assets/annotated/micro_storyboard/B05/MSB125_v001_annotated.png,exports/micro_storyboard_pure_image_prompts.csv,exports/micro_storyboard_annotation_metadata.csv,planned,S6_CORRIDOR_PHONE_SHOCK,????????????,whitebox_renders_v2/B05/WB2_CORRIDOR_MSB125.png
MSB126,micro_storyboard,B05,Clip 13,visual_assets/pure/micro_storyboard/B05/MSB126_v001.png,visual_assets/annotated/micro_storyboard/B05/MSB126_v001_annotated.png,exports/micro_storyboard_pure_image_prompts.csv,exports/micro_storyboard_annotation_metadata.csv,planned,S6_CORRIDOR_PHONE_SHOCK,????????????,whitebox_renders_v2/B05/WB2_CORRIDOR_MSB126.png
MSB127,micro_storyboard,B05,Clip 13,visual_assets/pure/micro_storyboard/B05/MSB127_v001.png,visual_assets/annotated/micro_storyboard/B05/MSB127_v001_annotated.png,exports/micro_storyboard_pure_image_prompts.csv,exports/micro_storyboard_annotation_metadata.csv,planned,S6_CORRIDOR_PHONE_SHOCK,????????????,whitebox_renders_v2/B05/WB2_CORRIDOR_MSB127.png
MSB128,micro_storyboard,B05,Clip 13,visual_assets/pure/micro_storyboard/B05/MSB128_v001.png,visual_assets/annotated/micro_storyboard/B05/MSB128_v001_annotated.png,exports/micro_storyboard_pure_image_prompts.csv,exports/micro_storyboard_annotation_metadata.csv,planned,S6_CORRIDOR_PHONE_SHOCK,????????????,whitebox_renders_v2/B05/WB2_CORRIDOR_MSB128.png
MSB129,micro_storyboard,B05,Clip 14,visual_assets/pure/micro_storyboard/B05/MSB129_v001.png,visual_assets/annotated/micro_storyboard/B05/MSB129_v001_annotated.png,exports/micro_storyboard_pure_image_prompts.csv,exports/micro_storyboard_annotation_metadata.csv,planned,S6_CORRIDOR_PHONE_SHOCK,????????????,whitebox_renders_v2/B05/WB2_CORRIDOR_MSB129.png
MSB130,micro_storyboard,B05,Clip 14,visual_assets/pure/micro_storyboard/B05/MSB130_v001.png,visual_assets/annotated/micro_storyboard/B05/MSB130_v001_annotated.png,exports/micro_storyboard_pure_image_prompts.csv,exports/micro_storyboard_annotation_metadata.csv,planned,S6_CORRIDOR_PHONE_SHOCK,????????????,whitebox_renders_v2/B05/WB2_CORRIDOR_MSB130.png
MSB131,micro_storyboard,B05,Clip 14,visual_assets/pure/micro_storyboard/B05/MSB131_v001.png,visual_assets/annotated/micro_storyboard/B05/MSB131_v001_annotated.png,exports/micro_storyboard_pure_image_prompts.csv,exports/micro_storyboard_annotation_metadata.csv,planned,S6_CORRIDOR_PHONE_SHOCK,????????????,whitebox_renders_v2/B05/WB2_CORRIDOR_MSB131.png
MSB132,micro_storyboard,B05,Clip 14,visual_assets/pure/micro_storyboard/B05/MSB132_v001.png,visual_assets/annotated/micro_storyboard/B05/MSB132_v001_annotated.png,exports/micro_storyboard_pure_image_prompts.csv,exports/micro_storyboard_annotation_metadata.csv,planned,S6_CORRIDOR_PHONE_SHOCK,????????????,whitebox_renders_v2/B05/WB2_CORRIDOR_MSB132.png
MSB133,micro_storyboard,B05,Clip 14,visual_assets/pure/micro_storyboard/B05/MSB133_v001.png,visual_assets/annotated/micro_storyboard/B05/MSB133_v001_annotated.png,exports/micro_storyboard_pure_image_prompts.csv,exports/micro_storyboard_annotation_metadata.csv,planned,S6_CORRIDOR_PHONE_SHOCK,????????????,whitebox_renders_v2/B05/WB2_CORRIDOR_MSB133.png
MSB134,micro_storyboard,B05,Clip 14,visual_assets/pure/micro_storyboard/B05/MSB134_v001.png,visual_assets/annotated/micro_storyboard/B05/MSB134_v001_annotated.png,exports/micro_storyboard_pure_image_prompts.csv,exports/micro_storyboard_annotation_metadata.csv,planned,S6_CORRIDOR_PHONE_SHOCK,????????????,whitebox_renders_v2/B05/WB2_CORRIDOR_MSB134.png
MSB135,micro_storyboard,B05,Clip 14,visual_assets/pure/micro_storyboard/B05/MSB135_v001.png,visual_assets/annotated/micro_storyboard/B05/MSB135_v001_annotated.png,exports/micro_storyboard_pure_image_prompts.csv,exports/micro_storyboard_annotation_metadata.csv,planned,S6_CORRIDOR_PHONE_SHOCK,????????????,whitebox_renders_v2/B05/WB2_CORRIDOR_MSB135.png
MSB136,micro_storyboard,B05,Clip 14,visual_assets/pure/micro_storyboard/B05/MSB136_v001.png,visual_assets/annotated/micro_storyboard/B05/MSB136_v001_annotated.png,exports/micro_storyboard_pure_image_prompts.csv,exports/micro_storyboard_annotation_metadata.csv,planned,S6_CORRIDOR_PHONE_SHOCK,????????????,whitebox_renders_v2/B05/WB2_CORRIDOR_MSB136.png
MSB137,micro_storyboard,B05,Clip 14,visual_assets/pure/micro_storyboard/B05/MSB137_v001.png,visual_assets/annotated/micro_storyboard/B05/MSB137_v001_annotated.png,exports/micro_storyboard_pure_image_prompts.csv,exports/micro_storyboard_annotation_metadata.csv,planned,S6_CORRIDOR_PHONE_SHOCK,????????????,whitebox_renders_v2/B05/WB2_CORRIDOR_MSB137.png
MSB138,micro_storyboard,B05,Clip 14,visual_assets/pure/micro_storyboard/B05/MSB138_v001.png,visual_assets/annotated/micro_storyboard/B05/MSB138_v001_annotated.png,exports/micro_storyboard_pure_image_prompts.csv,exports/micro_storyboard_annotation_metadata.csv,planned,S6_CORRIDOR_PHONE_SHOCK,????????????,whitebox_renders_v2/B05/WB2_CORRIDOR_MSB138.png
MSB139,micro_storyboard,B05,Clip 15,visual_assets/pure/micro_storyboard/B05/MSB139_v001.png,visual_assets/annotated/micro_storyboard/B05/MSB139_v001_annotated.png,exports/micro_storyboard_pure_image_prompts.csv,exports/micro_storyboard_annotation_metadata.csv,planned,S6_CORRIDOR_PHONE_SHOCK,????????????,whitebox_renders_v2/B05/WB2_PHONE_MSB139.png
MSB140,micro_storyboard,B05,Clip 15,visual_assets/pure/micro_storyboard/B05/MSB140_v001.png,visual_assets/annotated/micro_storyboard/B05/MSB140_v001_annotated.png,exports/micro_storyboard_pure_image_prompts.csv,exports/micro_storyboard_annotation_metadata.csv,planned,S6_CORRIDOR_PHONE_SHOCK,????????????,whitebox_renders_v2/B05/WB2_PHONE_MSB140.png
MSB141,micro_storyboard,B05,Clip 15,visual_assets/pure/micro_storyboard/B05/MSB141_v001.png,visual_assets/annotated/micro_storyboard/B05/MSB141_v001_annotated.png,exports/micro_storyboard_pure_image_prompts.csv,exports/micro_storyboard_annotation_metadata.csv,planned,S6_CORRIDOR_PHONE_SHOCK,????????????,whitebox_renders_v2/B05/WB2_PHONE_MSB141.png
MSB142,micro_storyboard,B05,Clip 15,visual_assets/pure/micro_storyboard/B05/MSB142_v001.png,visual_assets/annotated/micro_storyboard/B05/MSB142_v001_annotated.png,exports/micro_storyboard_pure_image_prompts.csv,exports/micro_storyboard_annotation_metadata.csv,planned,S6_CORRIDOR_PHONE_SHOCK,????????????,whitebox_renders_v2/B05/WB2_PHONE_MSB142.png
MSB143,micro_storyboard,B05,Clip 15,visual_assets/pure/micro_storyboard/B05/MSB143_v001.png,visual_assets/annotated/micro_storyboard/B05/MSB143_v001_annotated.png,exports/micro_storyboard_pure_image_prompts.csv,exports/micro_storyboard_annotation_metadata.csv,planned,S6_CORRIDOR_PHONE_SHOCK,????????????,whitebox_renders_v2/B05/WB2_PHONE_MSB143.png
MSB144,micro_storyboard,B05,Clip 15,visual_assets/pure/micro_storyboard/B05/MSB144_v001.png,visual_assets/annotated/micro_storyboard/B05/MSB144_v001_annotated.png,exports/micro_storyboard_pure_image_prompts.csv,exports/micro_storyboard_annotation_metadata.csv,planned,S6_CORRIDOR_PHONE_SHOCK,????????????,whitebox_renders_v2/B05/WB2_PHONE_MSB144.png
MSB145,micro_storyboard,B05,Clip 15,visual_assets/pure/micro_storyboard/B05/MSB145_v001.png,visual_assets/annotated/micro_storyboard/B05/MSB145_v001_annotated.png,exports/micro_storyboard_pure_image_prompts.csv,exports/micro_storyboard_annotation_metadata.csv,planned,S6_CORRIDOR_PHONE_SHOCK,????????????,whitebox_renders_v2/B05/WB2_PHONE_MSB145.png
MSB146,micro_storyboard,B05,Clip 15,visual_assets/pure/micro_storyboard/B05/MSB146_v001.png,visual_assets/annotated/micro_storyboard/B05/MSB146_v001_annotated.png,exports/micro_storyboard_pure_image_prompts.csv,exports/micro_storyboard_annotation_metadata.csv,planned,S6_CORRIDOR_PHONE_SHOCK,????????????,whitebox_renders_v2/B05/WB2_PHONE_MSB146.png
MSB147,micro_storyboard,B05,Clip 16,visual_assets/pure/micro_storyboard/B05/MSB147_v001.png,visual_assets/annotated/micro_storyboard/B05/MSB147_v001_annotated.png,exports/micro_storyboard_pure_image_prompts.csv,exports/micro_storyboard_annotation_metadata.csv,planned,S6_CORRIDOR_PHONE_SHOCK,????????????,whitebox_renders_v2/B05/WB2_PHONE_MSB147.png
MSB148,micro_storyboard,B05,Clip 16,visual_assets/pure/micro_storyboard/B05/MSB148_v001.png,visual_assets/annotated/micro_storyboard/B05/MSB148_v001_annotated.png,exports/micro_storyboard_pure_image_prompts.csv,exports/micro_storyboard_annotation_metadata.csv,planned,S6_CORRIDOR_PHONE_SHOCK,????????????,whitebox_renders_v2/B05/WB2_PHONE_MSB148.png
MSB149,micro_storyboard,B05,Clip 16,visual_assets/pure/micro_storyboard/B05/MSB149_v001.png,visual_assets/annotated/micro_storyboard/B05/MSB149_v001_annotated.png,exports/micro_storyboard_pure_image_prompts.csv,exports/micro_storyboard_annotation_metadata.csv,planned,S6_CORRIDOR_PHONE_SHOCK,????????????,whitebox_renders_v2/B05/WB2_PHONE_MSB149.png
MSB150,micro_storyboard,B05,Clip 16,visual_assets/pure/micro_storyboard/B05/MSB150_v001.png,visual_assets/annotated/micro_storyboard/B05/MSB150_v001_annotated.png,exports/micro_storyboard_pure_image_prompts.csv,exports/micro_storyboard_annotation_metadata.csv,planned,S6_CORRIDOR_PHONE_SHOCK,????????????,whitebox_renders_v2/B05/WB2_PHONE_MSB150.png
MSB151,micro_storyboard,B05,Clip 16,visual_assets/pure/micro_storyboard/B05/MSB151_v001.png,visual_assets/annotated/micro_storyboard/B05/MSB151_v001_annotated.png,exports/micro_storyboard_pure_image_prompts.csv,exports/micro_storyboard_annotation_metadata.csv,planned,S6_CORRIDOR_PHONE_SHOCK,????????????,whitebox_renders_v2/B05/WB2_PHONE_MSB151.png
MSB152,micro_storyboard,B05,Clip 16,visual_assets/pure/micro_storyboard/B05/MSB152_v001.png,visual_assets/annotated/micro_storyboard/B05/MSB152_v001_annotated.png,exports/micro_storyboard_pure_image_prompts.csv,exports/micro_storyboard_annotation_metadata.csv,planned,S6_CORRIDOR_PHONE_SHOCK,????????????,whitebox_renders_v2/B05/WB2_PHONE_MSB152.png
MSB153,micro_storyboard,B05,Clip 16,visual_assets/pure/micro_storyboard/B05/MSB153_v001.png,visual_assets/annotated/micro_storyboard/B05/MSB153_v001_annotated.png,exports/micro_storyboard_pure_image_prompts.csv,exports/micro_storyboard_annotation_metadata.csv,planned,S6_CORRIDOR_PHONE_SHOCK,????????????,whitebox_renders_v2/B05/WB2_PHONE_MSB153.png
MSB154,micro_storyboard,B05,Clip 16,visual_assets/pure/micro_storyboard/B05/MSB154_v001.png,visual_assets/annotated/micro_storyboard/B05/MSB154_v001_annotated.png,exports/micro_storyboard_pure_image_prompts.csv,exports/micro_storyboard_annotation_metadata.csv,planned,S6_CORRIDOR_PHONE_SHOCK,????????????,whitebox_renders_v2/B05/WB2_PHONE_MSB154.png
MSB155,micro_storyboard,B06,Clip 17,visual_assets/pure/micro_storyboard/B06/MSB155_v001.png,visual_assets/annotated/micro_storyboard/B06/MSB155_v001_annotated.png,exports/micro_storyboard_pure_image_prompts.csv,exports/micro_storyboard_annotation_metadata.csv,planned,S7_PHONE_ELECTRONICIZATION,?????,whitebox_renders_v2/B06/WB2_PHONE_MSB155.png
MSB156,micro_storyboard,B06,Clip 17,visual_assets/pure/micro_storyboard/B06/MSB156_v001.png,visual_assets/annotated/micro_storyboard/B06/MSB156_v001_annotated.png,exports/micro_storyboard_pure_image_prompts.csv,exports/micro_storyboard_annotation_metadata.csv,planned,S7_PHONE_ELECTRONICIZATION,?????,whitebox_renders_v2/B06/WB2_PHONE_MSB156.png
MSB157,micro_storyboard,B06,Clip 17,visual_assets/pure/micro_storyboard/B06/MSB157_v001.png,visual_assets/annotated/micro_storyboard/B06/MSB157_v001_annotated.png,exports/micro_storyboard_pure_image_prompts.csv,exports/micro_storyboard_annotation_metadata.csv,planned,S7_PHONE_ELECTRONICIZATION,?????,whitebox_renders_v2/B06/WB2_PHONE_MSB157.png
MSB158,micro_storyboard,B06,Clip 17,visual_assets/pure/micro_storyboard/B06/MSB158_v001.png,visual_assets/annotated/micro_storyboard/B06/MSB158_v001_annotated.png,exports/micro_storyboard_pure_image_prompts.csv,exports/micro_storyboard_annotation_metadata.csv,planned,S7_PHONE_ELECTRONICIZATION,?????,whitebox_renders_v2/B06/WB2_PHONE_MSB158.png
MSB159,micro_storyboard,B06,Clip 17,visual_assets/pure/micro_storyboard/B06/MSB159_v001.png,visual_assets/annotated/micro_storyboard/B06/MSB159_v001_annotated.png,exports/micro_storyboard_pure_image_prompts.csv,exports/micro_storyboard_annotation_metadata.csv,planned,S7_PHONE_ELECTRONICIZATION,?????,whitebox_renders_v2/B06/WB2_PHONE_MSB159.png
MSB160,micro_storyboard,B06,Clip 17,visual_assets/pure/micro_storyboard/B06/MSB160_v001.png,visual_assets/annotated/micro_storyboard/B06/MSB160_v001_annotated.png,exports/micro_storyboard_pure_image_prompts.csv,exports/micro_storyboard_annotation_metadata.csv,planned,S7_PHONE_ELECTRONICIZATION,?????,whitebox_renders_v2/B06/WB2_PHONE_MSB160.png
MSB161,micro_storyboard,B06,Clip 17,visual_assets/pure/micro_storyboard/B06/MSB161_v001.png,visual_assets/annotated/micro_storyboard/B06/MSB161_v001_annotated.png,exports/micro_storyboard_pure_image_prompts.csv,exports/micro_storyboard_annotation_metadata.csv,planned,S7_PHONE_ELECTRONICIZATION,?????,whitebox_renders_v2/B06/WB2_PHONE_MSB161.png
MSB162,micro_storyboard,B06,Clip 18,visual_assets/pure/micro_storyboard/B06/MSB162_v001.png,visual_assets/annotated/micro_storyboard/B06/MSB162_v001_annotated.png,exports/micro_storyboard_pure_image_prompts.csv,exports/micro_storyboard_annotation_metadata.csv,planned,S7_PHONE_ELECTRONICIZATION,?????,whitebox_renders_v2/B06/WB2_PHONE_MSB162.png
MSB163,micro_storyboard,B06,Clip 18,visual_assets/pure/micro_storyboard/B06/MSB163_v001.png,visual_assets/annotated/micro_storyboard/B06/MSB163_v001_annotated.png,exports/micro_storyboard_pure_image_prompts.csv,exports/micro_storyboard_annotation_metadata.csv,planned,S7_PHONE_ELECTRONICIZATION,?????,whitebox_renders_v2/B06/WB2_PHONE_MSB163.png
MSB164,micro_storyboard,B06,Clip 18,visual_assets/pure/micro_storyboard/B06/MSB164_v001.png,visual_assets/annotated/micro_storyboard/B06/MSB164_v001_annotated.png,exports/micro_storyboard_pure_image_prompts.csv,exports/micro_storyboard_annotation_metadata.csv,planned,S7_PHONE_ELECTRONICIZATION,?????,whitebox_renders_v2/B06/WB2_PHONE_MSB164.png
MSB165,micro_storyboard,B06,Clip 18,visual_assets/pure/micro_storyboard/B06/MSB165_v001.png,visual_assets/annotated/micro_storyboard/B06/MSB165_v001_annotated.png,exports/micro_storyboard_pure_image_prompts.csv,exports/micro_storyboard_annotation_metadata.csv,planned,S7_PHONE_ELECTRONICIZATION,?????,whitebox_renders_v2/B06/WB2_PHONE_MSB165.png
MSB166,micro_storyboard,B06,Clip 18,visual_assets/pure/micro_storyboard/B06/MSB166_v001.png,visual_assets/annotated/micro_storyboard/B06/MSB166_v001_annotated.png,exports/micro_storyboard_pure_image_prompts.csv,exports/micro_storyboard_annotation_metadata.csv,planned,S7_PHONE_ELECTRONICIZATION,?????,whitebox_renders_v2/B06/WB2_PHONE_MSB166.png
MSB167,micro_storyboard,B06,Clip 18,visual_assets/pure/micro_storyboard/B06/MSB167_v001.png,visual_assets/annotated/micro_storyboard/B06/MSB167_v001_annotated.png,exports/micro_storyboard_pure_image_prompts.csv,exports/micro_storyboard_annotation_metadata.csv,planned,S7_PHONE_ELECTRONICIZATION,?????,whitebox_renders_v2/B06/WB2_PHONE_MSB167.png
MSB168,micro_storyboard,B06,Clip 18,visual_assets/pure/micro_storyboard/B06/MSB168_v001.png,visual_assets/annotated/micro_storyboard/B06/MSB168_v001_annotated.png,exports/micro_storyboard_pure_image_prompts.csv,exports/micro_storyboard_annotation_metadata.csv,planned,S7_PHONE_ELECTRONICIZATION,?????,whitebox_renders_v2/B06/WB2_PHONE_MSB168.png
MSB169,micro_storyboard,B06,Clip 18,visual_assets/pure/micro_storyboard/B06/MSB169_v001.png,visual_assets/annotated/micro_storyboard/B06/MSB169_v001_annotated.png,exports/micro_storyboard_pure_image_prompts.csv,exports/micro_storyboard_annotation_metadata.csv,planned,S7_PHONE_ELECTRONICIZATION,?????,whitebox_renders_v2/B06/WB2_PHONE_MSB169.png
MSB170,micro_storyboard,B06,Clip 19,visual_assets/pure/micro_storyboard/B06/MSB170_v001.png,visual_assets/annotated/micro_storyboard/B06/MSB170_v001_annotated.png,exports/micro_storyboard_pure_image_prompts.csv,exports/micro_storyboard_annotation_metadata.csv,planned,S8_8BIT_TRANSLATED,8-bit ??,whitebox_renders_v2/B06/WB2_8BIT_MSB170.png
MSB171,micro_storyboard,B06,Clip 19,visual_assets/pure/micro_storyboard/B06/MSB171_v001.png,visual_assets/annotated/micro_storyboard/B06/MSB171_v001_annotated.png,exports/micro_storyboard_pure_image_prompts.csv,exports/micro_storyboard_annotation_metadata.csv,planned,S8_8BIT_TRANSLATED,8-bit ??,whitebox_renders_v2/B06/WB2_8BIT_MSB171.png
MSB172,micro_storyboard,B06,Clip 19,visual_assets/pure/micro_storyboard/B06/MSB172_v001.png,visual_assets/annotated/micro_storyboard/B06/MSB172_v001_annotated.png,exports/micro_storyboard_pure_image_prompts.csv,exports/micro_storyboard_annotation_metadata.csv,planned,S8_8BIT_TRANSLATED,8-bit ??,whitebox_renders_v2/B06/WB2_8BIT_MSB172.png
MSB173,micro_storyboard,B06,Clip 19,visual_assets/pure/micro_storyboard/B06/MSB173_v001.png,visual_assets/annotated/micro_storyboard/B06/MSB173_v001_annotated.png,exports/micro_storyboard_pure_image_prompts.csv,exports/micro_storyboard_annotation_metadata.csv,planned,S8_8BIT_TRANSLATED,8-bit ??,whitebox_renders_v2/B06/WB2_8BIT_MSB173.png
MSB174,micro_storyboard,B06,Clip 19,visual_assets/pure/micro_storyboard/B06/MSB174_v001.png,visual_assets/annotated/micro_storyboard/B06/MSB174_v001_annotated.png,exports/micro_storyboard_pure_image_prompts.csv,exports/micro_storyboard_annotation_metadata.csv,planned,S8_8BIT_TRANSLATED,8-bit ??,whitebox_renders_v2/B06/WB2_8BIT_MSB174.png
MSB175,micro_storyboard,B06,Clip 19,visual_assets/pure/micro_storyboard/B06/MSB175_v001.png,visual_assets/annotated/micro_storyboard/B06/MSB175_v001_annotated.png,exports/micro_storyboard_pure_image_prompts.csv,exports/micro_storyboard_annotation_metadata.csv,planned,S8_8BIT_TRANSLATED,8-bit ??,whitebox_renders_v2/B06/WB2_8BIT_MSB175.png
MSB176,micro_storyboard,B06,Clip 19,visual_assets/pure/micro_storyboard/B06/MSB176_v001.png,visual_assets/annotated/micro_storyboard/B06/MSB176_v001_annotated.png,exports/micro_storyboard_pure_image_prompts.csv,exports/micro_storyboard_annotation_metadata.csv,planned,S8_8BIT_TRANSLATED,8-bit ??,whitebox_renders_v2/B06/WB2_8BIT_MSB176.png
MSB177,micro_storyboard,B06,Clip 19,visual_assets/pure/micro_storyboard/B06/MSB177_v001.png,visual_assets/annotated/micro_storyboard/B06/MSB177_v001_annotated.png,exports/micro_storyboard_pure_image_prompts.csv,exports/micro_storyboard_annotation_metadata.csv,planned,S8_8BIT_TRANSLATED,8-bit ??,whitebox_renders_v2/B06/WB2_8BIT_MSB177.png
MSB178,micro_storyboard,B06,Clip 20,visual_assets/pure/micro_storyboard/B06/MSB178_v001.png,visual_assets/annotated/micro_storyboard/B06/MSB178_v001_annotated.png,exports/micro_storyboard_pure_image_prompts.csv,exports/micro_storyboard_annotation_metadata.csv,planned,S8_8BIT_TRANSLATED,8-bit ??,whitebox_renders_v2/B06/WB2_8BIT_MSB178.png
MSB179,micro_storyboard,B06,Clip 20,visual_assets/pure/micro_storyboard/B06/MSB179_v001.png,visual_assets/annotated/micro_storyboard/B06/MSB179_v001_annotated.png,exports/micro_storyboard_pure_image_prompts.csv,exports/micro_storyboard_annotation_metadata.csv,planned,S8_8BIT_TRANSLATED,8-bit ??,whitebox_renders_v2/B06/WB2_8BIT_MSB179.png
MSB180,micro_storyboard,B06,Clip 20,visual_assets/pure/micro_storyboard/B06/MSB180_v001.png,visual_assets/annotated/micro_storyboard/B06/MSB180_v001_annotated.png,exports/micro_storyboard_pure_image_prompts.csv,exports/micro_storyboard_annotation_metadata.csv,planned,S8_8BIT_TRANSLATED,8-bit ??,whitebox_renders_v2/B06/WB2_8BIT_MSB180.png
MSB181,micro_storyboard,B06,Clip 20,visual_assets/pure/micro_storyboard/B06/MSB181_v001.png,visual_assets/annotated/micro_storyboard/B06/MSB181_v001_annotated.png,exports/micro_storyboard_pure_image_prompts.csv,exports/micro_storyboard_annotation_metadata.csv,planned,S8_8BIT_TRANSLATED,8-bit ??,whitebox_renders_v2/B06/WB2_8BIT_MSB181.png
MSB182,micro_storyboard,B06,Clip 20,visual_assets/pure/micro_storyboard/B06/MSB182_v001.png,visual_assets/annotated/micro_storyboard/B06/MSB182_v001_annotated.png,exports/micro_storyboard_pure_image_prompts.csv,exports/micro_storyboard_annotation_metadata.csv,planned,S8_8BIT_TRANSLATED,8-bit ??,whitebox_renders_v2/B06/WB2_8BIT_MSB182.png
MSB183,micro_storyboard,B06,Clip 20,visual_assets/pure/micro_storyboard/B06/MSB183_v001.png,visual_assets/annotated/micro_storyboard/B06/MSB183_v001_annotated.png,exports/micro_storyboard_pure_image_prompts.csv,exports/micro_storyboard_annotation_metadata.csv,planned,S8_8BIT_TRANSLATED,8-bit ??,whitebox_renders_v2/B06/WB2_8BIT_MSB183.png
MSB184,micro_storyboard,B06,Clip 20,visual_assets/pure/micro_storyboard/B06/MSB184_v001.png,visual_assets/annotated/micro_storyboard/B06/MSB184_v001_annotated.png,exports/micro_storyboard_pure_image_prompts.csv,exports/micro_storyboard_annotation_metadata.csv,planned,S8_8BIT_TRANSLATED,8-bit ??,whitebox_renders_v2/B06/WB2_8BIT_MSB184.png
MSB185,micro_storyboard,B06,Clip 20,visual_assets/pure/micro_storyboard/B06/MSB185_v001.png,visual_assets/annotated/micro_storyboard/B06/MSB185_v001_annotated.png,exports/micro_storyboard_pure_image_prompts.csv,exports/micro_storyboard_annotation_metadata.csv,planned,S8_8BIT_TRANSLATED,8-bit ??,whitebox_renders_v2/B06/WB2_8BIT_MSB185.png
MSB186,micro_storyboard,B06,Clip 20,visual_assets/pure/micro_storyboard/B06/MSB186_v001.png,visual_assets/annotated/micro_storyboard/B06/MSB186_v001_annotated.png,exports/micro_storyboard_pure_image_prompts.csv,exports/micro_storyboard_annotation_metadata.csv,planned,S8_8BIT_TRANSLATED,8-bit ??,whitebox_renders_v2/B06/WB2_8BIT_MSB186.png
MSB187,micro_storyboard,B06,Clip 20,visual_assets/pure/micro_storyboard/B06/MSB187_v001.png,visual_assets/annotated/micro_storyboard/B06/MSB187_v001_annotated.png,exports/micro_storyboard_pure_image_prompts.csv,exports/micro_storyboard_annotation_metadata.csv,planned,S8_8BIT_TRANSLATED,8-bit ??,whitebox_renders_v2/B06/WB2_8BIT_MSB187.png
MSB188,micro_storyboard,B06,Clip 20,visual_assets/pure/micro_storyboard/B06/MSB188_v001.png,visual_assets/annotated/micro_storyboard/B06/MSB188_v001_annotated.png,exports/micro_storyboard_pure_image_prompts.csv,exports/micro_storyboard_annotation_metadata.csv,planned,S8_8BIT_TRANSLATED,8-bit ??,whitebox_renders_v2/B06/WB2_8BIT_MSB188.png
CHR_BRO_A_FRONT,character_design_v2,CHAR,17_character_sheet_generation_prompts_v2.md,visual_assets/pure/character_design_v2/CHR_BRO_A_FRONT_v001.png,visual_assets/annotated/character_design_v2/CHR_BRO_A_FRONT_v001_annotated.png,17_character_sheet_generation_prompts_v2.md,16_character_design_bible_v2.md,planned,,,
CHR_BRO_A_TURN,character_design_v2,CHAR,17_character_sheet_generation_prompts_v2.md,visual_assets/pure/character_design_v2/CHR_BRO_A_TURN_v001.png,visual_assets/annotated/character_design_v2/CHR_BRO_A_TURN_v001_annotated.png,17_character_sheet_generation_prompts_v2.md,16_character_design_bible_v2.md,planned,,,
CHR_BRO_A_EXP,character_design_v2,CHAR,17_character_sheet_generation_prompts_v2.md,visual_assets/pure/character_design_v2/CHR_BRO_A_EXP_v001.png,visual_assets/annotated/character_design_v2/CHR_BRO_A_EXP_v001_annotated.png,17_character_sheet_generation_prompts_v2.md,16_character_design_bible_v2.md,planned,,,
CHR_BRO_A_POSE,character_design_v2,CHAR,17_character_sheet_generation_prompts_v2.md,visual_assets/pure/character_design_v2/CHR_BRO_A_POSE_v001.png,visual_assets/annotated/character_design_v2/CHR_BRO_A_POSE_v001_annotated.png,17_character_sheet_generation_prompts_v2.md,16_character_design_bible_v2.md,planned,,,
CHR_BRO_B_FRONT,character_design_v2,CHAR,17_character_sheet_generation_prompts_v2.md,visual_assets/pure/character_design_v2/CHR_BRO_B_FRONT_v001.png,visual_assets/annotated/character_design_v2/CHR_BRO_B_FRONT_v001_annotated.png,17_character_sheet_generation_prompts_v2.md,16_character_design_bible_v2.md,planned,,,
CHR_BRO_B_TURN,character_design_v2,CHAR,17_character_sheet_generation_prompts_v2.md,visual_assets/pure/character_design_v2/CHR_BRO_B_TURN_v001.png,visual_assets/annotated/character_design_v2/CHR_BRO_B_TURN_v001_annotated.png,17_character_sheet_generation_prompts_v2.md,16_character_design_bible_v2.md,planned,,,
CHR_BRO_B_EXP,character_design_v2,CHAR,17_character_sheet_generation_prompts_v2.md,visual_assets/pure/character_design_v2/CHR_BRO_B_EXP_v001.png,visual_assets/annotated/character_design_v2/CHR_BRO_B_EXP_v001_annotated.png,17_character_sheet_generation_prompts_v2.md,16_character_design_bible_v2.md,planned,,,
CHR_BRO_B_POSE,character_design_v2,CHAR,17_character_sheet_generation_prompts_v2.md,visual_assets/pure/character_design_v2/CHR_BRO_B_POSE_v001.png,visual_assets/annotated/character_design_v2/CHR_BRO_B_POSE_v001_annotated.png,17_character_sheet_generation_prompts_v2.md,16_character_design_bible_v2.md,planned,,,
CHR_BRO_C_FRONT,character_design_v2,CHAR,17_character_sheet_generation_prompts_v2.md,visual_assets/pure/character_design_v2/CHR_BRO_C_FRONT_v001.png,visual_assets/annotated/character_design_v2/CHR_BRO_C_FRONT_v001_annotated.png,17_character_sheet_generation_prompts_v2.md,16_character_design_bible_v2.md,planned,,,
CHR_BRO_C_TURN,character_design_v2,CHAR,17_character_sheet_generation_prompts_v2.md,visual_assets/pure/character_design_v2/CHR_BRO_C_TURN_v001.png,visual_assets/annotated/character_design_v2/CHR_BRO_C_TURN_v001_annotated.png,17_character_sheet_generation_prompts_v2.md,16_character_design_bible_v2.md,planned,,,
CHR_BRO_C_EXP,character_design_v2,CHAR,17_character_sheet_generation_prompts_v2.md,visual_assets/pure/character_design_v2/CHR_BRO_C_EXP_v001.png,visual_assets/annotated/character_design_v2/CHR_BRO_C_EXP_v001_annotated.png,17_character_sheet_generation_prompts_v2.md,16_character_design_bible_v2.md,planned,,,
CHR_BRO_C_POSE,character_design_v2,CHAR,17_character_sheet_generation_prompts_v2.md,visual_assets/pure/character_design_v2/CHR_BRO_C_POSE_v001.png,visual_assets/annotated/character_design_v2/CHR_BRO_C_POSE_v001_annotated.png,17_character_sheet_generation_prompts_v2.md,16_character_design_bible_v2.md,planned,,,
CHR_BLY_A_FRONT,character_design_v2,CHAR,17_character_sheet_generation_prompts_v2.md,visual_assets/pure/character_design_v2/CHR_BLY_A_FRONT_v001.png,visual_assets/annotated/character_design_v2/CHR_BLY_A_FRONT_v001_annotated.png,17_character_sheet_generation_prompts_v2.md,16_character_design_bible_v2.md,planned,,,
CHR_BLY_A_TURN,character_design_v2,CHAR,17_character_sheet_generation_prompts_v2.md,visual_assets/pure/character_design_v2/CHR_BLY_A_TURN_v001.png,visual_assets/annotated/character_design_v2/CHR_BLY_A_TURN_v001_annotated.png,17_character_sheet_generation_prompts_v2.md,16_character_design_bible_v2.md,planned,,,
CHR_BLY_A_EXP,character_design_v2,CHAR,17_character_sheet_generation_prompts_v2.md,visual_assets/pure/character_design_v2/CHR_BLY_A_EXP_v001.png,visual_assets/annotated/character_design_v2/CHR_BLY_A_EXP_v001_annotated.png,17_character_sheet_generation_prompts_v2.md,16_character_design_bible_v2.md,planned,,,
CHR_BLY_A_POSE,character_design_v2,CHAR,17_character_sheet_generation_prompts_v2.md,visual_assets/pure/character_design_v2/CHR_BLY_A_POSE_v001.png,visual_assets/annotated/character_design_v2/CHR_BLY_A_POSE_v001_annotated.png,17_character_sheet_generation_prompts_v2.md,16_character_design_bible_v2.md,planned,,,
CHR_BLY_B_FRONT,character_design_v2,CHAR,17_character_sheet_generation_prompts_v2.md,visual_assets/pure/character_design_v2/CHR_BLY_B_FRONT_v001.png,visual_assets/annotated/character_design_v2/CHR_BLY_B_FRONT_v001_annotated.png,17_character_sheet_generation_prompts_v2.md,16_character_design_bible_v2.md,planned,,,
CHR_BLY_B_TURN,character_design_v2,CHAR,17_character_sheet_generation_prompts_v2.md,visual_assets/pure/character_design_v2/CHR_BLY_B_TURN_v001.png,visual_assets/annotated/character_design_v2/CHR_BLY_B_TURN_v001_annotated.png,17_character_sheet_generation_prompts_v2.md,16_character_design_bible_v2.md,planned,,,
CHR_BLY_B_EXP,character_design_v2,CHAR,17_character_sheet_generation_prompts_v2.md,visual_assets/pure/character_design_v2/CHR_BLY_B_EXP_v001.png,visual_assets/annotated/character_design_v2/CHR_BLY_B_EXP_v001_annotated.png,17_character_sheet_generation_prompts_v2.md,16_character_design_bible_v2.md,planned,,,
CHR_BLY_B_POSE,character_design_v2,CHAR,17_character_sheet_generation_prompts_v2.md,visual_assets/pure/character_design_v2/CHR_BLY_B_POSE_v001.png,visual_assets/annotated/character_design_v2/CHR_BLY_B_POSE_v001_annotated.png,17_character_sheet_generation_prompts_v2.md,16_character_design_bible_v2.md,planned,,,
CHR_BLY_C_FRONT,character_design_v2,CHAR,17_character_sheet_generation_prompts_v2.md,visual_assets/pure/character_design_v2/CHR_BLY_C_FRONT_v001.png,visual_assets/annotated/character_design_v2/CHR_BLY_C_FRONT_v001_annotated.png,17_character_sheet_generation_prompts_v2.md,16_character_design_bible_v2.md,planned,,,
CHR_BLY_C_TURN,character_design_v2,CHAR,17_character_sheet_generation_prompts_v2.md,visual_assets/pure/character_design_v2/CHR_BLY_C_TURN_v001.png,visual_assets/annotated/character_design_v2/CHR_BLY_C_TURN_v001_annotated.png,17_character_sheet_generation_prompts_v2.md,16_character_design_bible_v2.md,planned,,,
CHR_BLY_C_EXP,character_design_v2,CHAR,17_character_sheet_generation_prompts_v2.md,visual_assets/pure/character_design_v2/CHR_BLY_C_EXP_v001.png,visual_assets/annotated/character_design_v2/CHR_BLY_C_EXP_v001_annotated.png,17_character_sheet_generation_prompts_v2.md,16_character_design_bible_v2.md,planned,,,
CHR_BLY_C_POSE,character_design_v2,CHAR,17_character_sheet_generation_prompts_v2.md,visual_assets/pure/character_design_v2/CHR_BLY_C_POSE_v001.png,visual_assets/annotated/character_design_v2/CHR_BLY_C_POSE_v001_annotated.png,17_character_sheet_generation_prompts_v2.md,16_character_design_bible_v2.md,planned,,,
CHR_BLY_D_FRONT,character_design_v2,CHAR,17_character_sheet_generation_prompts_v2.md,visual_assets/pure/character_design_v2/CHR_BLY_D_FRONT_v001.png,visual_assets/annotated/character_design_v2/CHR_BLY_D_FRONT_v001_annotated.png,17_character_sheet_generation_prompts_v2.md,16_character_design_bible_v2.md,planned,,,
CHR_BLY_D_TURN,character_design_v2,CHAR,17_character_sheet_generation_prompts_v2.md,visual_assets/pure/character_design_v2/CHR_BLY_D_TURN_v001.png,visual_assets/annotated/character_design_v2/CHR_BLY_D_TURN_v001_annotated.png,17_character_sheet_generation_prompts_v2.md,16_character_design_bible_v2.md,planned,,,
CHR_BLY_D_EXP,character_design_v2,CHAR,17_character_sheet_generation_prompts_v2.md,visual_assets/pure/character_design_v2/CHR_BLY_D_EXP_v001.png,visual_assets/annotated/character_design_v2/CHR_BLY_D_EXP_v001_annotated.png,17_character_sheet_generation_prompts_v2.md,16_character_design_bible_v2.md,planned,,,
CHR_BLY_D_POSE,character_design_v2,CHAR,17_character_sheet_generation_prompts_v2.md,visual_assets/pure/character_design_v2/CHR_BLY_D_POSE_v001.png,visual_assets/annotated/character_design_v2/CHR_BLY_D_POSE_v001_annotated.png,17_character_sheet_generation_prompts_v2.md,16_character_design_bible_v2.md,planned,,,
REL_BROTHERS,character_design_v2,CHAR,17_character_sheet_generation_prompts_v2.md,visual_assets/pure/character_design_v2/REL_BROTHERS_v001.png,visual_assets/annotated/character_design_v2/REL_BROTHERS_v001_annotated.png,17_character_sheet_generation_prompts_v2.md,16_character_design_bible_v2.md,planned,,,
REL_BULLIES,character_design_v2,CHAR,17_character_sheet_generation_prompts_v2.md,visual_assets/pure/character_design_v2/REL_BULLIES_v001.png,visual_assets/annotated/character_design_v2/REL_BULLIES_v001_annotated.png,17_character_sheet_generation_prompts_v2.md,16_character_design_bible_v2.md,planned,,,
REL_ALLEY_STANDOFF,character_design_v2,CHAR,17_character_sheet_generation_prompts_v2.md,visual_assets/pure/character_design_v2/REL_ALLEY_STANDOFF_v001.png,visual_assets/annotated/character_design_v2/REL_ALLEY_STANDOFF_v001_annotated.png,17_character_sheet_generation_prompts_v2.md,16_character_design_bible_v2.md,planned,,,
PIXEL_CHARACTER_CONVERSION,character_design_v2,CHAR,17_character_sheet_generation_prompts_v2.md,visual_assets/pure/character_design_v2/PIXEL_CHARACTER_CONVERSION_v001.png,visual_assets/annotated/character_design_v2/PIXEL_CHARACTER_CONVERSION_v001_annotated.png,17_character_sheet_generation_prompts_v2.md,16_character_design_bible_v2.md,planned,,,
