order,item_id,timecode,start_sec,end_sec,duration_sec,video_unit_id,video_unit_title,keyframe_role,beat,status,official_generated,current_output_path,output_exists,output_width,output_height,reference_frame,reference_exists,reference_width,reference_height,source_for_status_animatic,source_kind,job_id,job_status,generation_prompt_file
1,OP_SHOT_001,00:00.00,0.0,1.5,1.5,VU_REF003_001_BLACK_CLOUD_FADEIN,黑场到云层蓝天淡入,图1 / black_to_cloud_start,黑场/云层淡入,generated_reference003_qa_pass,True,08_generation/jobs/REFERENCE003_OFFICIAL_KEYFRAMES_QA_20260630/outputs/OP_SHOT_001.png,True,1915,821,08_generation/jobs/REFERENCE003_OFFICIAL_KEYFRAMES_QA_20260630/refs/OP_SHOT_001_ref_000000.jpg,True,480,360,08_generation/jobs/REFERENCE003_OFFICIAL_KEYFRAMES_QA_20260630/outputs/OP_SHOT_001.png,official_generated_keyframe,REFERENCE003_OFFICIAL_KEYFRAMES_QA_20260630,qa_done_6_pass,
2,OP_SHOT_002,00:01.50,1.5,2.5,1.0,VU_REF003_001_BLACK_CLOUD_FADEIN,黑场到云层蓝天淡入,图2 / bright_cloud_sky_reveal,云层蓝天显现,generated_reference003_qa_pass,True,08_generation/jobs/REFERENCE003_OFFICIAL_KEYFRAMES_QA_20260630/outputs/OP_SHOT_002.png,True,1915,821,08_generation/jobs/REFERENCE003_OFFICIAL_KEYFRAMES_QA_20260630/refs/OP_SHOT_002_ref_000150.jpg,True,480,360,08_generation/jobs/REFERENCE003_OFFICIAL_KEYFRAMES_QA_20260630/outputs/OP_SHOT_002.png,official_generated_keyframe,REFERENCE003_OFFICIAL_KEYFRAMES_QA_20260630,qa_done_6_pass,
3,OP_SHOT_003,00:02.50,2.5,5.0,2.5,VU_REF003_002_WHITE_BIRD_SKY,白鸟入画与蓝天滑翔,图1 / bird_entry,白鸟首次入画,generated_reference003_qa_pass,True,08_generation/jobs/REFERENCE003_OFFICIAL_KEYFRAMES_QA_20260630/outputs/OP_SHOT_003.png,True,1915,821,08_generation/jobs/REFERENCE003_OFFICIAL_KEYFRAMES_QA_20260630/refs/OP_SHOT_003_ref_000250.jpg,True,480,360,08_generation/jobs/REFERENCE003_OFFICIAL_KEYFRAMES_QA_20260630/outputs/OP_SHOT_003.png,official_generated_keyframe,REFERENCE003_OFFICIAL_KEYFRAMES_QA_20260630,qa_done_6_pass,
4,OP_SHOT_004,00:05.00,5.0,7.5,2.5,VU_REF003_002_WHITE_BIRD_SKY,白鸟入画与蓝天滑翔,图2 / bird_glide,白鸟滑翔延续,generated_reference003_qa_pass,True,08_generation/jobs/REFERENCE003_OFFICIAL_KEYFRAMES_QA_20260630/outputs/OP_SHOT_004.png,True,1915,821,08_generation/jobs/REFERENCE003_OFFICIAL_KEYFRAMES_QA_20260630/refs/OP_SHOT_004_ref_000500.jpg,True,480,360,08_generation/jobs/REFERENCE003_OFFICIAL_KEYFRAMES_QA_20260630/outputs/OP_SHOT_004.png,official_generated_keyframe,REFERENCE003_OFFICIAL_KEYFRAMES_QA_20260630,qa_done_6_pass,
5,OP_SHOT_005,00:07.50,7.5,11.5,4.0,VU_REF003_003_CREDIT_SAFE_BIRD_CLOUDS,白鸟字幕安全位与云层增长,图1 / no_text_credit_safe_bird,无字职员表安全位,generated_reference003_qa_pass,True,08_generation/jobs/REFERENCE003_OFFICIAL_KEYFRAMES_QA_20260630/outputs/OP_SHOT_005.png,True,1915,821,08_generation/jobs/REFERENCE003_OFFICIAL_KEYFRAMES_QA_20260630/refs/OP_SHOT_005_ref_000750.jpg,True,480,360,08_generation/jobs/REFERENCE003_OFFICIAL_KEYFRAMES_QA_20260630/outputs/OP_SHOT_005.png,official_generated_keyframe,REFERENCE003_OFFICIAL_KEYFRAMES_QA_20260630,qa_done_6_pass,
6,OP_SHOT_006,00:11.50,11.5,15.0,3.5,VU_REF003_003_CREDIT_SAFE_BIRD_CLOUDS,白鸟字幕安全位与云层增长,图2 / cloud_bank_growth,云层增长填画,generated_reference003_qa_pass,True,08_generation/jobs/REFERENCE003_OFFICIAL_KEYFRAMES_QA_20260630/outputs/OP_SHOT_006_v2.png,True,1915,821,08_generation/jobs/REFERENCE003_OFFICIAL_KEYFRAMES_QA_20260630/refs/OP_SHOT_006_ref_001150.jpg,True,480,360,08_generation/jobs/REFERENCE003_OFFICIAL_KEYFRAMES_QA_20260630/outputs/OP_SHOT_006_v2.png,official_generated_keyframe,REFERENCE003_OFFICIAL_KEYFRAMES_QA_20260630,qa_done_6_pass,
7,OP_SHOT_007,00:15.00,15.0,18.5,3.5,VU_REF003_004_AIRCRAFT_BRIEF_REVEAL,飞行器短暂露出,图1 / aircraft_brief_reveal,飞行器短露,generated_reference003_qa_pass,True,08_generation/jobs/REFERENCE003_OFFICIAL_KEYFRAMES_QA_20260630_BATCH02/outputs/OP_SHOT_007.png,True,1915,821,08_generation/jobs/REFERENCE003_OFFICIAL_KEYFRAMES_QA_20260630_BATCH02/refs/OP_SHOT_007_ref_001500.jpg,True,480,360,08_generation/jobs/REFERENCE003_OFFICIAL_KEYFRAMES_QA_20260630_BATCH02/outputs/OP_SHOT_007.png,official_generated_keyframe,REFERENCE003_OFFICIAL_KEYFRAMES_QA_20260630_BATCH02,qa_done_6_pass,
8,OP_SHOT_008,00:18.50,18.5,23.0,4.5,VU_REF003_005_MAIN_TITLE_SAFE_HOLD,主标题功能位无字 hold,图1 / main_title_safe_no_text,主标题无字安全位,generated_reference003_qa_pass,True,08_generation/jobs/REFERENCE003_OFFICIAL_KEYFRAMES_QA_20260630_BATCH02/outputs/OP_SHOT_008_v2.png,True,1915,821,08_generation/jobs/REFERENCE003_OFFICIAL_KEYFRAMES_QA_20260630_BATCH02/refs/OP_SHOT_008_ref_001850.jpg,True,480,360,08_generation/jobs/REFERENCE003_OFFICIAL_KEYFRAMES_QA_20260630_BATCH02/outputs/OP_SHOT_008_v2.png,official_generated_keyframe,REFERENCE003_OFFICIAL_KEYFRAMES_QA_20260630_BATCH02,qa_done_6_pass,
9,OP_SHOT_009,00:23.00,23.0,24.5,1.5,VU_REF003_006_SUN_FLARE_TO_NADIA,太阳光转 Nadia,图1 / sun_flare_transition,太阳光线转场,generated_reference003_qa_pass,True,08_generation/jobs/REFERENCE003_OFFICIAL_KEYFRAMES_QA_20260630_BATCH02/outputs/OP_SHOT_009.png,True,1915,821,08_generation/jobs/REFERENCE003_OFFICIAL_KEYFRAMES_QA_20260630_BATCH02/refs/OP_SHOT_009_ref_002300.jpg,True,480,360,08_generation/jobs/REFERENCE003_OFFICIAL_KEYFRAMES_QA_20260630_BATCH02/outputs/OP_SHOT_009.png,official_generated_keyframe,REFERENCE003_OFFICIAL_KEYFRAMES_QA_20260630_BATCH02,qa_done_6_pass,
10,OP_SHOT_010,00:24.50,24.5,27.0,2.5,VU_REF003_007_NADIA_PROFILE_ENTRY,Nadia 侧脸入场到近景,图1 / Nadia_profile,Nadia 侧脸入场,generated_reference003_qa_pass,True,08_generation/jobs/REFERENCE003_OFFICIAL_KEYFRAMES_QA_20260630_BATCH02/outputs/OP_SHOT_010_v2.png,True,1915,821,08_generation/jobs/REFERENCE003_OFFICIAL_KEYFRAMES_QA_20260630_BATCH02/refs/OP_SHOT_010_ref_002450.jpg,True,480,360,08_generation/jobs/REFERENCE003_OFFICIAL_KEYFRAMES_QA_20260630_BATCH02/outputs/OP_SHOT_010_v2.png,official_generated_keyframe,REFERENCE003_OFFICIAL_KEYFRAMES_QA_20260630_BATCH02,qa_done_6_pass,
11,OP_SHOT_011,00:27.00,27.0,29.0,2.0,VU_REF003_007_NADIA_PROFILE_ENTRY,Nadia 侧脸入场到近景,图2 / Nadia_close,Nadia 正面近景,generated_reference003_qa_pass,True,08_generation/jobs/REFERENCE003_OFFICIAL_KEYFRAMES_QA_20260630_BATCH02/outputs/OP_SHOT_011_v2.png,True,1915,821,08_generation/jobs/REFERENCE003_OFFICIAL_KEYFRAMES_QA_20260630_BATCH02/refs/OP_SHOT_011_ref_002700.jpg,True,480,360,08_generation/jobs/REFERENCE003_OFFICIAL_KEYFRAMES_QA_20260630_BATCH02/outputs/OP_SHOT_011_v2.png,official_generated_keyframe,REFERENCE003_OFFICIAL_KEYFRAMES_QA_20260630_BATCH02,qa_done_6_pass,
12,OP_SHOT_012,00:29.00,29.0,31.5,2.5,VU_REF003_008_JEAN_INTRO,Jean 帽子与少年发明家入场,图1 / Jean_hat_face,Jean 入场,generated_reference003_qa_pass,True,08_generation/jobs/REFERENCE003_OFFICIAL_KEYFRAMES_QA_20260630_BATCH02/outputs/OP_SHOT_012.png,True,1915,821,08_generation/jobs/REFERENCE003_OFFICIAL_KEYFRAMES_QA_20260630_BATCH02/refs/OP_SHOT_012_ref_002900.jpg,True,480,360,08_generation/jobs/REFERENCE003_OFFICIAL_KEYFRAMES_QA_20260630_BATCH02/outputs/OP_SHOT_012.png,official_generated_keyframe,REFERENCE003_OFFICIAL_KEYFRAMES_QA_20260630_BATCH02,qa_done_6_pass,
13,OP_SHOT_013,00:31.50,31.5,34.0,2.5,VU_REF003_009_MARIE_KING_MEADOW,Marie 与 King 草地段,图1 / Marie_King_meadow,Marie 与 King 草地笑点,generated_reference003_qa_pass,True,08_generation/jobs/REFERENCE003_OFFICIAL_KEYFRAMES_QA_20260630_BATCH03/outputs/OP_SHOT_013.png,True,1915,821,08_generation/jobs/REFERENCE003_OFFICIAL_KEYFRAMES_QA_20260630_BATCH03/refs/OP_SHOT_013_ref_003150.jpg,True,480,360,08_generation/jobs/REFERENCE003_OFFICIAL_KEYFRAMES_QA_20260630_BATCH03/outputs/OP_SHOT_013.png,official_generated_keyframe,REFERENCE003_OFFICIAL_KEYFRAMES_QA_20260630_BATCH03,qa_done_6_pass,
14,OP_SHOT_014,00:34.00,34.0,35.5,1.5,VU_REF003_009_MARIE_KING_MEADOW,Marie 与 King 草地段,图2 / Marie_King_close,Marie 与 King 近景,generated_reference003_qa_pass,True,08_generation/jobs/REFERENCE003_OFFICIAL_KEYFRAMES_QA_20260630_BATCH03/outputs/OP_SHOT_014.png,True,1915,821,08_generation/jobs/REFERENCE003_OFFICIAL_KEYFRAMES_QA_20260630_BATCH03/refs/OP_SHOT_014_ref_003400.jpg,True,480,360,08_generation/jobs/REFERENCE003_OFFICIAL_KEYFRAMES_QA_20260630_BATCH03/outputs/OP_SHOT_014.png,official_generated_keyframe,REFERENCE003_OFFICIAL_KEYFRAMES_QA_20260630_BATCH03,qa_done_6_pass,
15,OP_SHOT_015,00:35.50,35.5,37.0,1.5,VU_REF003_010_GRANDIS_TRIO_INTRO,Grandis 三人组介绍,图1 / Grandis_trio_wide,Grandis 三人组宽景,generated_reference003_qa_pass,True,08_generation/jobs/REFERENCE003_OFFICIAL_KEYFRAMES_QA_20260630_BATCH03/outputs/OP_SHOT_015.png,True,1915,821,08_generation/jobs/REFERENCE003_OFFICIAL_KEYFRAMES_QA_20260630_BATCH03/refs/OP_SHOT_015_ref_003550.jpg,True,480,360,08_generation/jobs/REFERENCE003_OFFICIAL_KEYFRAMES_QA_20260630_BATCH03/outputs/OP_SHOT_015.png,official_generated_keyframe,REFERENCE003_OFFICIAL_KEYFRAMES_QA_20260630_BATCH03,qa_done_6_pass,
16,OP_SHOT_016,00:37.00,37.0,38.0,1.0,VU_REF003_010_GRANDIS_TRIO_INTRO,Grandis 三人组介绍,图2 / Grandis_trio_close,Grandis 三人组近景,generated_reference003_qa_pass,True,08_generation/jobs/REFERENCE003_OFFICIAL_KEYFRAMES_QA_20260630_BATCH03/outputs/OP_SHOT_016_v2.png,True,1915,821,08_generation/jobs/REFERENCE003_OFFICIAL_KEYFRAMES_QA_20260630_BATCH03/refs/OP_SHOT_016_ref_003700.jpg,True,480,360,08_generation/jobs/REFERENCE003_OFFICIAL_KEYFRAMES_QA_20260630_BATCH03/outputs/OP_SHOT_016_v2.png,official_generated_keyframe,REFERENCE003_OFFICIAL_KEYFRAMES_QA_20260630_BATCH03,qa_done_6_pass,
17,OP_SHOT_017,00:38.00,38.0,39.5,1.5,VU_REF003_011_RUNNING_MONTAGE,角色奔跑 montage,图1 / Nadia_run_feet,Nadia 奔跑脚步,generated_reference003_qa_pass,True,08_generation/jobs/REFERENCE003_OFFICIAL_KEYFRAMES_QA_20260630_BATCH03/outputs/OP_SHOT_017.png,True,1915,821,08_generation/jobs/REFERENCE003_OFFICIAL_KEYFRAMES_QA_20260630_BATCH03/refs/OP_SHOT_017_ref_003800.jpg,True,480,360,08_generation/jobs/REFERENCE003_OFFICIAL_KEYFRAMES_QA_20260630_BATCH03/outputs/OP_SHOT_017.png,official_generated_keyframe,REFERENCE003_OFFICIAL_KEYFRAMES_QA_20260630_BATCH03,qa_done_6_pass,
18,OP_SHOT_018,00:39.50,39.5,41.5,2.0,VU_REF003_011_RUNNING_MONTAGE,角色奔跑 montage,图2 / Nadia_run_front,Nadia 奔跑正面,generated_reference003_qa_pass,True,08_generation/jobs/REFERENCE003_OFFICIAL_KEYFRAMES_QA_20260630_BATCH03/outputs/OP_SHOT_018.png,True,1915,821,08_generation/jobs/REFERENCE003_OFFICIAL_KEYFRAMES_QA_20260630_BATCH03/refs/OP_SHOT_018_ref_003950.jpg,True,480,360,08_generation/jobs/REFERENCE003_OFFICIAL_KEYFRAMES_QA_20260630_BATCH03/outputs/OP_SHOT_018.png,official_generated_keyframe,REFERENCE003_OFFICIAL_KEYFRAMES_QA_20260630_BATCH03,qa_done_6_pass,
19,OP_SHOT_019,00:41.50,41.5,43.5,2.0,VU_REF003_011_RUNNING_MONTAGE,角色奔跑 montage,图3 / Jean_run,Jean 奔跑,generated_reference003_qa_pass,True,08_generation/jobs/REFERENCE003_OFFICIAL_KEYFRAMES_QA_20260630_BATCH04/outputs/OP_SHOT_019.png,True,1915,821,08_generation/jobs/REFERENCE003_OFFICIAL_KEYFRAMES_QA_20260630_BATCH04/refs/OP_SHOT_019_ref_004150.jpg,True,480,360,08_generation/jobs/REFERENCE003_OFFICIAL_KEYFRAMES_QA_20260630_BATCH04/outputs/OP_SHOT_019.png,official_generated_keyframe,REFERENCE003_OFFICIAL_KEYFRAMES_QA_20260630_BATCH04,qa_done_6_pass,
20,OP_SHOT_020,00:43.50,43.5,45.5,2.0,VU_REF003_011_RUNNING_MONTAGE,角色奔跑 montage,图4 / Marie_run,Marie 奔跑,generated_reference003_qa_pass,True,08_generation/jobs/REFERENCE003_OFFICIAL_KEYFRAMES_QA_20260630_BATCH04/outputs/OP_SHOT_020.png,True,1915,821,08_generation/jobs/REFERENCE003_OFFICIAL_KEYFRAMES_QA_20260630_BATCH04/refs/OP_SHOT_020_ref_004350.jpg,True,480,360,08_generation/jobs/REFERENCE003_OFFICIAL_KEYFRAMES_QA_20260630_BATCH04/outputs/OP_SHOT_020.png,official_generated_keyframe,REFERENCE003_OFFICIAL_KEYFRAMES_QA_20260630_BATCH04,qa_done_6_pass,
21,OP_SHOT_021,00:45.50,45.5,47.5,2.0,VU_REF003_011_RUNNING_MONTAGE,角色奔跑 montage,图5 / group_run,全员奔跑,generated_reference003_qa_pass,True,08_generation/jobs/REFERENCE003_OFFICIAL_KEYFRAMES_QA_20260630_BATCH04/outputs/OP_SHOT_021_v2.png,True,1915,821,08_generation/jobs/REFERENCE003_OFFICIAL_KEYFRAMES_QA_20260630_BATCH04/refs/OP_SHOT_021_ref_004550.jpg,True,480,360,08_generation/jobs/REFERENCE003_OFFICIAL_KEYFRAMES_QA_20260630_BATCH04/outputs/OP_SHOT_021_v2.png,official_generated_keyframe,REFERENCE003_OFFICIAL_KEYFRAMES_QA_20260630_BATCH04,qa_done_6_pass,
22,OP_SHOT_022,00:47.50,47.5,48.0,0.5,VU_REF003_011_RUNNING_MONTAGE,角色奔跑 montage,图6 / Jean_reaction_close,Jean 反应近景,generated_reference003_qa_pass,True,08_generation/jobs/REFERENCE003_OFFICIAL_KEYFRAMES_QA_20260630_BATCH04/outputs/OP_SHOT_022.png,True,1915,821,08_generation/jobs/REFERENCE003_OFFICIAL_KEYFRAMES_QA_20260630_BATCH04/refs/OP_SHOT_022_ref_004750.jpg,True,480,360,08_generation/jobs/REFERENCE003_OFFICIAL_KEYFRAMES_QA_20260630_BATCH04/outputs/OP_SHOT_022.png,official_generated_keyframe,REFERENCE003_OFFICIAL_KEYFRAMES_QA_20260630_BATCH04,qa_done_6_pass,
23,OP_SHOT_023,00:48.00,48.0,49.5,1.5,VU_REF003_012_GRANDIS_VEHICLE_ACTION,Grandis 车辆动作到群像,图1 / Grandis_action_close,Grandis 动作桥,generated_reference003_qa_pass,True,08_generation/jobs/REFERENCE003_OFFICIAL_KEYFRAMES_QA_20260630_BATCH04/outputs/OP_SHOT_023.png,True,1915,821,08_generation/jobs/REFERENCE003_OFFICIAL_KEYFRAMES_QA_20260630_BATCH04/refs/OP_SHOT_023_ref_004800.jpg,True,480,360,08_generation/jobs/REFERENCE003_OFFICIAL_KEYFRAMES_QA_20260630_BATCH04/outputs/OP_SHOT_023.png,official_generated_keyframe,REFERENCE003_OFFICIAL_KEYFRAMES_QA_20260630_BATCH04,qa_done_6_pass,
24,OP_SHOT_024,00:49.50,49.5,51.5,2.0,VU_REF003_012_GRANDIS_VEHICLE_ACTION,Grandis 车辆动作到群像,图2 / vehicle_sky_action,车辆/飞行器空中动作,generated_reference003_qa_pass,True,08_generation/jobs/REFERENCE003_IDENTITY_REPAIR_R1_20260630/outputs/OP_SHOT_024_VEHICLE_LOCK_R1.png,True,1915,821,08_generation/jobs/REFERENCE003_OFFICIAL_KEYFRAMES_QA_20260630_BATCH04/refs/OP_SHOT_024_ref_004950.jpg,True,480,360,08_generation/jobs/REFERENCE003_IDENTITY_REPAIR_R1_20260630/outputs/OP_SHOT_024_VEHICLE_LOCK_R1.png,official_generated_keyframe,REFERENCE003_OFFICIAL_KEYFRAMES_QA_20260630_BATCH04,qa_done_6_pass,
25,OP_SHOT_025,00:51.50,51.5,52.5,1.0,VU_REF003_012_GRANDIS_VEHICLE_ACTION,Grandis 车辆动作到群像,图3 / group_lineup,全员群像,generated_reference003_qa_pass,True,08_generation/jobs/REFERENCE003_IDENTITY_REPAIR_R1_20260630/outputs/OP_SHOT_025_R1.png,True,1915,821,08_generation/jobs/REFERENCE003_OFFICIAL_KEYFRAMES_QA_20260630_BATCH05_READY/refs/OP_SHOT_025_ref_005150.jpg,True,480,360,08_generation/jobs/REFERENCE003_IDENTITY_REPAIR_R1_20260630/outputs/OP_SHOT_025_R1.png,official_generated_keyframe,REFERENCE003_OFFICIAL_KEYFRAMES_QA_20260630_BATCH05_READY,qa_done_6_pass,08_generation/jobs/REFERENCE003_OFFICIAL_KEYFRAMES_QA_20260630_BATCH05_READY/prompts/OP_SHOT_025_generation_prompt.md
26,OP_SHOT_026,00:52.50,52.5,55.0,2.5,VU_REF003_013_NAUTILUS_UNDERSEA_CREDITS,Nautilus 海底光束段,图1 / undersea_start,Nautilus 水下初现,generated_reference003_qa_pass,True,08_generation/jobs/REFERENCE003_OFFICIAL_KEYFRAMES_QA_20260630_BATCH05_READY/outputs/OP_SHOT_026.png,True,1915,821,08_generation/jobs/REFERENCE003_OFFICIAL_KEYFRAMES_QA_20260630_BATCH05_READY/refs/OP_SHOT_026_ref_005250.jpg,True,480,360,08_generation/jobs/REFERENCE003_OFFICIAL_KEYFRAMES_QA_20260630_BATCH05_READY/outputs/OP_SHOT_026.png,official_generated_keyframe,REFERENCE003_OFFICIAL_KEYFRAMES_QA_20260630_BATCH05_READY,qa_done_6_pass,08_generation/jobs/REFERENCE003_OFFICIAL_KEYFRAMES_QA_20260630_BATCH05_READY/prompts/OP_SHOT_026_generation_prompt.md
27,OP_SHOT_027,00:55.00,55.0,58.5,3.5,VU_REF003_013_NAUTILUS_UNDERSEA_CREDITS,Nautilus 海底光束段,图2 / undersea_pass,Nautilus 水下通过,generated_reference003_qa_pass,True,08_generation/jobs/REFERENCE003_OFFICIAL_KEYFRAMES_QA_20260630_BATCH05_READY/outputs/OP_SHOT_027.png,True,1915,821,08_generation/jobs/REFERENCE003_OFFICIAL_KEYFRAMES_QA_20260630_BATCH05_READY/refs/OP_SHOT_027_ref_005500.jpg,True,480,360,08_generation/jobs/REFERENCE003_OFFICIAL_KEYFRAMES_QA_20260630_BATCH05_READY/outputs/OP_SHOT_027.png,official_generated_keyframe,REFERENCE003_OFFICIAL_KEYFRAMES_QA_20260630_BATCH05_READY,qa_done_6_pass,08_generation/jobs/REFERENCE003_OFFICIAL_KEYFRAMES_QA_20260630_BATCH05_READY/prompts/OP_SHOT_027_generation_prompt.md
28,OP_SHOT_028,00:58.50,58.5,61.5,3.0,VU_REF003_013_NAUTILUS_UNDERSEA_CREDITS,Nautilus 海底光束段,图3 / undersea_shadow,Nautilus 深蓝剪影,generated_reference003_qa_pass,True,08_generation/jobs/REFERENCE003_OFFICIAL_KEYFRAMES_QA_20260630_BATCH05_READY/outputs/OP_SHOT_028.png,True,1915,821,08_generation/jobs/REFERENCE003_OFFICIAL_KEYFRAMES_QA_20260630_BATCH05_READY/refs/OP_SHOT_028_ref_005850.jpg,True,480,360,08_generation/jobs/REFERENCE003_OFFICIAL_KEYFRAMES_QA_20260630_BATCH05_READY/outputs/OP_SHOT_028.png,official_generated_keyframe,REFERENCE003_OFFICIAL_KEYFRAMES_QA_20260630_BATCH05_READY,qa_done_6_pass,08_generation/jobs/REFERENCE003_OFFICIAL_KEYFRAMES_QA_20260630_BATCH05_READY/prompts/OP_SHOT_028_generation_prompt.md
29,OP_SHOT_029,01:01.50,61.5,63.5,2.0,VU_REF003_014_NIGHT_CITY_BLUE_GRID,夜城与蓝色地面图案,图1 / night_city_reveal,夜城初现,generated_reference003_qa_pass,True,08_generation/jobs/REFERENCE003_OFFICIAL_KEYFRAMES_QA_20260630_BATCH05_READY/outputs/OP_SHOT_029.png,True,1915,821,08_generation/jobs/REFERENCE003_OFFICIAL_KEYFRAMES_QA_20260630_BATCH05_READY/refs/OP_SHOT_029_ref_010150.jpg,True,480,360,08_generation/jobs/REFERENCE003_OFFICIAL_KEYFRAMES_QA_20260630_BATCH05_READY/outputs/OP_SHOT_029.png,official_generated_keyframe,REFERENCE003_OFFICIAL_KEYFRAMES_QA_20260630_BATCH05_READY,qa_done_6_pass,08_generation/jobs/REFERENCE003_OFFICIAL_KEYFRAMES_QA_20260630_BATCH05_READY/prompts/OP_SHOT_029_generation_prompt.md
30,OP_SHOT_030,01:03.50,63.5,65.5,2.0,VU_REF003_014_NIGHT_CITY_BLUE_GRID,夜城与蓝色地面图案,图2 / glowing_blue_grid,蓝色地面图案,generated_reference003_qa_pass,True,08_generation/jobs/REFERENCE003_OFFICIAL_KEYFRAMES_QA_20260630_BATCH05_READY/outputs/OP_SHOT_030.png,True,1915,821,08_generation/jobs/REFERENCE003_OFFICIAL_KEYFRAMES_QA_20260630_BATCH05_READY/refs/OP_SHOT_030_ref_010350.jpg,True,480,360,08_generation/jobs/REFERENCE003_OFFICIAL_KEYFRAMES_QA_20260630_BATCH05_READY/outputs/OP_SHOT_030.png,official_generated_keyframe,REFERENCE003_OFFICIAL_KEYFRAMES_QA_20260630_BATCH05_READY,qa_done_6_pass,08_generation/jobs/REFERENCE003_OFFICIAL_KEYFRAMES_QA_20260630_BATCH05_READY/prompts/OP_SHOT_030_generation_prompt.md
31,OP_SHOT_031,01:05.50,65.5,66.5,1.0,VU_REF003_015_NIGHT_AIRCRAFT_PASS,夜航飞行器短切,图1 / night_aircraft_pass,夜航飞行器,generated_reference003_qa_pass,True,08_generation/jobs/REFERENCE003_OFFICIAL_KEYFRAMES_QA_20260630_BATCH06_READY/outputs/OP_SHOT_031.png,True,1915,821,08_generation/jobs/REFERENCE003_OFFICIAL_KEYFRAMES_QA_20260630_BATCH06_READY/refs/OP_SHOT_031_ref_010550.jpg,True,480,360,08_generation/jobs/REFERENCE003_OFFICIAL_KEYFRAMES_QA_20260630_BATCH06_READY/outputs/OP_SHOT_031.png,official_generated_keyframe,REFERENCE003_OFFICIAL_KEYFRAMES_QA_20260630_BATCH06_READY,qa_done_6_pass,08_generation/jobs/REFERENCE003_OFFICIAL_KEYFRAMES_QA_20260630_BATCH06_READY/prompts/OP_SHOT_031_generation_prompt.md
32,OP_SHOT_032,01:06.50,66.5,69.5,3.0,VU_REF003_016_NEMO_SUNSET_PROFILE,Nemo 夕景船长肖像,图1 / Nemo_profile_start,Nemo 夕景初入,generated_reference003_qa_pass,True,08_generation/jobs/REFERENCE003_OFFICIAL_KEYFRAMES_QA_20260630_BATCH06_READY/outputs/OP_SHOT_032.png,True,1915,821,08_generation/jobs/REFERENCE003_OFFICIAL_KEYFRAMES_QA_20260630_BATCH06_READY/refs/OP_SHOT_032_ref_010650.jpg,True,480,360,08_generation/jobs/REFERENCE003_OFFICIAL_KEYFRAMES_QA_20260630_BATCH06_READY/outputs/OP_SHOT_032.png,official_generated_keyframe,REFERENCE003_OFFICIAL_KEYFRAMES_QA_20260630_BATCH06_READY,qa_done_6_pass,08_generation/jobs/REFERENCE003_OFFICIAL_KEYFRAMES_QA_20260630_BATCH06_READY/prompts/OP_SHOT_032_generation_prompt.md
33,OP_SHOT_033,01:09.50,69.5,72.0,2.5,VU_REF003_016_NEMO_SUNSET_PROFILE,Nemo 夕景船长肖像,图2 / Nemo_profile_hold,Nemo 夕景 hold,generated_reference003_qa_pass,True,08_generation/jobs/REFERENCE003_OFFICIAL_KEYFRAMES_QA_20260630_BATCH06_READY/outputs/OP_SHOT_033.png,True,1915,821,08_generation/jobs/REFERENCE003_OFFICIAL_KEYFRAMES_QA_20260630_BATCH06_READY/refs/OP_SHOT_033_ref_010950.jpg,True,480,360,08_generation/jobs/REFERENCE003_OFFICIAL_KEYFRAMES_QA_20260630_BATCH06_READY/outputs/OP_SHOT_033.png,official_generated_keyframe,REFERENCE003_OFFICIAL_KEYFRAMES_QA_20260630_BATCH06_READY,qa_done_6_pass,08_generation/jobs/REFERENCE003_OFFICIAL_KEYFRAMES_QA_20260630_BATCH06_READY/prompts/OP_SHOT_033_generation_prompt.md
34,OP_SHOT_034,01:12.00,72.0,73.5,1.5,VU_REF003_017_NADIA_SOLEMN_CLOSE,Nadia 庄重正面近景,图1 / Nadia_solemn_front,Nadia 庄重正面,generated_reference003_qa_pass,True,08_generation/jobs/REFERENCE003_IDENTITY_REPAIR_R1_20260630/outputs/OP_SHOT_034_R1.png,True,1915,821,08_generation/jobs/REFERENCE003_OFFICIAL_KEYFRAMES_QA_20260630_BATCH06_READY/refs/OP_SHOT_034_ref_011200.jpg,True,480,360,08_generation/jobs/REFERENCE003_IDENTITY_REPAIR_R1_20260630/outputs/OP_SHOT_034_R1.png,official_generated_keyframe,REFERENCE003_OFFICIAL_KEYFRAMES_QA_20260630_BATCH06_READY,qa_done_6_pass,08_generation/jobs/REFERENCE003_OFFICIAL_KEYFRAMES_QA_20260630_BATCH06_READY/prompts/OP_SHOT_034_generation_prompt.md
35,OP_SHOT_035,01:13.50,73.5,75.0,1.5,VU_REF003_018_BLUE_WATER_SYMBOL,Blue Water 象征与水下纹理,图1 / Blue_Water_jewel_symbol,Blue Water 宝石象征,generated_reference003_qa_pass,True,08_generation/jobs/REFERENCE003_OFFICIAL_KEYFRAMES_QA_20260630_BATCH06_READY/outputs/OP_SHOT_035.png,True,1915,821,08_generation/jobs/REFERENCE003_OFFICIAL_KEYFRAMES_QA_20260630_BATCH06_READY/refs/OP_SHOT_035_ref_011350.jpg,True,480,360,08_generation/jobs/REFERENCE003_OFFICIAL_KEYFRAMES_QA_20260630_BATCH06_READY/outputs/OP_SHOT_035.png,official_generated_keyframe,REFERENCE003_OFFICIAL_KEYFRAMES_QA_20260630_BATCH06_READY,qa_done_6_pass,08_generation/jobs/REFERENCE003_OFFICIAL_KEYFRAMES_QA_20260630_BATCH06_READY/prompts/OP_SHOT_035_generation_prompt.md
36,OP_SHOT_036,01:15.00,75.0,76.5,1.5,VU_REF003_018_BLUE_WATER_SYMBOL,Blue Water 象征与水下纹理,图2 / blue_symbol_bloom,蓝色符号光,generated_reference003_qa_pass,True,08_generation/jobs/REFERENCE003_OFFICIAL_KEYFRAMES_QA_20260630_BATCH06_READY/outputs/OP_SHOT_036.png,True,1915,821,08_generation/jobs/REFERENCE003_OFFICIAL_KEYFRAMES_QA_20260630_BATCH06_READY/refs/OP_SHOT_036_ref_011500.jpg,True,480,360,08_generation/jobs/REFERENCE003_OFFICIAL_KEYFRAMES_QA_20260630_BATCH06_READY/outputs/OP_SHOT_036.png,official_generated_keyframe,REFERENCE003_OFFICIAL_KEYFRAMES_QA_20260630_BATCH06_READY,qa_done_6_pass,08_generation/jobs/REFERENCE003_OFFICIAL_KEYFRAMES_QA_20260630_BATCH06_READY/prompts/OP_SHOT_036_generation_prompt.md
37,OP_SHOT_037,01:16.50,76.5,78.0,1.5,VU_REF003_018_BLUE_WATER_SYMBOL,Blue Water 象征与水下纹理,图3 / underwater_texture,水下蓝色纹理,generated_reference003_qa_pass,True,08_generation/jobs/REFERENCE003_OFFICIAL_KEYFRAMES_QA_20260630_BATCH07_READY/outputs/OP_SHOT_037.png,True,1915,821,08_generation/jobs/REFERENCE003_OFFICIAL_KEYFRAMES_QA_20260630_BATCH07_READY/refs/OP_SHOT_037_ref_011650.jpg,True,480,360,08_generation/jobs/REFERENCE003_OFFICIAL_KEYFRAMES_QA_20260630_BATCH07_READY/outputs/OP_SHOT_037.png,official_generated_keyframe,REFERENCE003_OFFICIAL_KEYFRAMES_QA_20260630_BATCH07_READY,qa_done_6_pass,08_generation/jobs/REFERENCE003_OFFICIAL_KEYFRAMES_QA_20260630_BATCH07_READY/prompts/OP_SHOT_037_generation_prompt.md
38,OP_SHOT_038,01:18.00,78.0,79.0,1.0,VU_REF003_019_WATER_SPLASH_TRANSITION,水花爆发转天空,图1 / water_burst,水花爆发,generated_reference003_qa_pass,True,08_generation/jobs/REFERENCE003_OFFICIAL_KEYFRAMES_QA_20260630_BATCH07_READY/outputs/OP_SHOT_038.png,True,1915,821,08_generation/jobs/REFERENCE003_OFFICIAL_KEYFRAMES_QA_20260630_BATCH07_READY/refs/OP_SHOT_038_ref_011800.jpg,True,480,360,08_generation/jobs/REFERENCE003_OFFICIAL_KEYFRAMES_QA_20260630_BATCH07_READY/outputs/OP_SHOT_038.png,official_generated_keyframe,REFERENCE003_OFFICIAL_KEYFRAMES_QA_20260630_BATCH07_READY,qa_done_6_pass,08_generation/jobs/REFERENCE003_OFFICIAL_KEYFRAMES_QA_20260630_BATCH07_READY/prompts/OP_SHOT_038_generation_prompt.md
39,OP_SHOT_039,01:19.00,79.0,80.0,1.0,VU_REF003_019_WATER_SPLASH_TRANSITION,水花爆发转天空,图2 / splash_to_sky,水花转蓝天,generated_reference003_qa_pass,True,08_generation/jobs/REFERENCE003_OFFICIAL_KEYFRAMES_QA_20260630_BATCH07_READY/outputs/OP_SHOT_039.png,True,1915,821,08_generation/jobs/REFERENCE003_OFFICIAL_KEYFRAMES_QA_20260630_BATCH07_READY/refs/OP_SHOT_039_ref_011900.jpg,True,480,360,08_generation/jobs/REFERENCE003_OFFICIAL_KEYFRAMES_QA_20260630_BATCH07_READY/outputs/OP_SHOT_039.png,official_generated_keyframe,REFERENCE003_OFFICIAL_KEYFRAMES_QA_20260630_BATCH07_READY,qa_done_6_pass,08_generation/jobs/REFERENCE003_OFFICIAL_KEYFRAMES_QA_20260630_BATCH07_READY/prompts/OP_SHOT_039_generation_prompt.md
40,OP_SHOT_040,01:20.00,80.0,82.0,2.0,VU_REF003_020_FINAL_SKY_SAFE_HOLD,最终无字天空 hold,图1 / final_sky_safe,最终蓝天安全位,generated_reference003_qa_pass,True,08_generation/jobs/REFERENCE003_OFFICIAL_KEYFRAMES_QA_20260630_BATCH07_READY/outputs/OP_SHOT_040.png,True,1915,821,08_generation/jobs/REFERENCE003_OFFICIAL_KEYFRAMES_QA_20260630_BATCH07_READY/refs/OP_SHOT_040_ref_012000.jpg,True,480,360,08_generation/jobs/REFERENCE003_OFFICIAL_KEYFRAMES_QA_20260630_BATCH07_READY/outputs/OP_SHOT_040.png,official_generated_keyframe,REFERENCE003_OFFICIAL_KEYFRAMES_QA_20260630_BATCH07_READY,qa_done_6_pass,08_generation/jobs/REFERENCE003_OFFICIAL_KEYFRAMES_QA_20260630_BATCH07_READY/prompts/OP_SHOT_040_generation_prompt.md
41,OP_SHOT_041,01:22.00,82.0,83.5,1.5,VU_REF003_020_FINAL_SKY_SAFE_HOLD,最终无字天空 hold,图2 / final_sun_hold,最终太阳 hold,generated_reference003_qa_pass,True,08_generation/jobs/REFERENCE003_OFFICIAL_KEYFRAMES_QA_20260630_BATCH07_READY/outputs/OP_SHOT_041.png,True,1915,821,08_generation/jobs/REFERENCE003_OFFICIAL_KEYFRAMES_QA_20260630_BATCH07_READY/refs/OP_SHOT_041_ref_012200.jpg,True,480,360,08_generation/jobs/REFERENCE003_OFFICIAL_KEYFRAMES_QA_20260630_BATCH07_READY/outputs/OP_SHOT_041.png,official_generated_keyframe,REFERENCE003_OFFICIAL_KEYFRAMES_QA_20260630_BATCH07_READY,qa_done_6_pass,08_generation/jobs/REFERENCE003_OFFICIAL_KEYFRAMES_QA_20260630_BATCH07_READY/prompts/OP_SHOT_041_generation_prompt.md
42,OP_SHOT_042,01:23.50,83.5,84.437,0.937,VU_REF003_021_BLACK_TAIL,黑场尾帧,图1 / black_tail,黑场结尾,generated_reference003_qa_pass,True,08_generation/jobs/REFERENCE003_OFFICIAL_KEYFRAMES_QA_20260630_BATCH07_READY/outputs/OP_SHOT_042.png,True,1915,821,08_generation/jobs/REFERENCE003_OFFICIAL_KEYFRAMES_QA_20260630_BATCH07_READY/refs/OP_SHOT_042_ref_012350.jpg,True,480,360,08_generation/jobs/REFERENCE003_OFFICIAL_KEYFRAMES_QA_20260630_BATCH07_READY/outputs/OP_SHOT_042.png,official_generated_keyframe,REFERENCE003_OFFICIAL_KEYFRAMES_QA_20260630_BATCH07_READY,qa_done_6_pass,08_generation/jobs/REFERENCE003_OFFICIAL_KEYFRAMES_QA_20260630_BATCH07_READY/prompts/OP_SHOT_042_generation_prompt.md
