panel_id,clip,clip_title,approx_time,shot_size,camera,beat,image_prompt_focus,character_focus,expression_note,pose_motion_note,continuity_anchor,avoid,asset_type,priority
MSB001,01,老小区建立,00:00,远景,CAM_COMPOUND_01_ESTABLISH,空镜压低视线,潮湿地面和破自行车占前景，居民楼底层角落被压在画面右后方,环境,无人物，只有潮湿和静默,locked-off，低机位，轻微前推,老旧居民楼一楼偏僻角落、发黄水泥墙、晾衣绳、破自行车、潮湿地面、门内微弱 CRT 蓝绿光,现代商业街、明亮商铺、现代招牌、人群拥挤,storyboard,A
MSB002,01,老小区建立,00:02,远景,CAM_COMPOUND_01_ESTABLISH,居民楼像迷宫,发黄楼体、铁栏杆、晾衣绳形成遮挡，游戏机房入口几乎被墙角吞掉,环境,无人物，空间有被遗忘感,镜头保持低，建筑线条压迫,老旧居民楼一楼偏僻角落、发黄水泥墙、晾衣绳、破自行车、潮湿地面、门内微弱 CRT 蓝绿光,现代商业街、明亮商铺、现代招牌、人群拥挤,storyboard,A
MSB003,01,老小区建立,00:04,中远景,CAM_COMPOUND_01_ESTABLISH,门缝 CRT 光,一扇不起眼的门里漏出蓝绿 CRT 光，门口杂草和水渍清楚,环境,无人物，光像诱饵,只允许光轻闪,老旧居民楼一楼偏僻角落、发黄水泥墙、晾衣绳、破自行车、潮湿地面、门内微弱 CRT 蓝绿光,现代商业街、明亮商铺、现代招牌、人群拥挤,keyframe,A
MSB004,01,老小区建立,00:06,中景,CAM_COMPOUND_01_ESTABLISH,旧招牌细节,旧门头、卷帘门边缘、贴坏的游戏贴纸和墙皮脱落,环境,无人物，怀旧但不漂亮,固定构图，细节可读,老旧居民楼一楼偏僻角落、发黄水泥墙、晾衣绳、破自行车、潮湿地面、门内微弱 CRT 蓝绿光,现代商业街、明亮商铺、现代招牌、人群拥挤,storyboard,B
MSB005,01,老小区建立,00:08,中远景,CAM_COMPOUND_01_ESTABLISH,楼道暗处,楼道黑洞和游戏机房门口形成两个入口，观众不确定哪个更危险,环境,无人物，安静偏僻,微 push-in,老旧居民楼一楼偏僻角落、发黄水泥墙、晾衣绳、破自行车、潮湿地面、门内微弱 CRT 蓝绿光,现代商业街、明亮商铺、现代招牌、人群拥挤,storyboard,B
MSB006,01,老小区建立,00:10,特写,CAM_COMPOUND_01_ESTABLISH,CRT 反光到水面,潮湿地面水洼反射出微弱 CRT 色块，旁边有碎石和烟头,环境/道具,无人物，现实细节,低角度近景,老旧居民楼一楼偏僻角落、发黄水泥墙、晾衣绳、破自行车、潮湿地面、门内微弱 CRT 蓝绿光,现代商业街、明亮商铺、现代招牌、人群拥挤,storyboard,B
MSB007,01,老小区建立,00:12,远景,CAM_COMPOUND_01_ESTABLISH,空间方向确认,从院子深处看向游戏机房角落，给出三兄弟稍后进入的路线,环境,无人物，路径清楚,低位广角,老旧居民楼一楼偏僻角落、发黄水泥墙、晾衣绳、破自行车、潮湿地面、门内微弱 CRT 蓝绿光,现代商业街、明亮商铺、现代招牌、人群拥挤,start_frame,A
MSB008,01,老小区建立,00:14,远景,CAM_COMPOUND_01_ESTABLISH,等待人物进入,画面左后方留出空位，门口 CRT 光稳定，像在等待孩子靠近,环境,无人物，悬念,locked-off,老旧居民楼一楼偏僻角落、发黄水泥墙、晾衣绳、破自行车、潮湿地面、门内微弱 CRT 蓝绿光,现代商业街、明亮商铺、现代招牌、人群拥挤,end_frame,A
MSB009,02,三兄弟靠近,00:16,全景,CAM_COMPOUND_02_BROTHERS_APPROACH,阿磊先进画,阿磊从画面左后方先出现，双手插兜，装作熟门熟路,阿磊,假装镇定，下巴微扬,步子比弟弟大半拍,阿磊海军蓝外套红白斜条，小川蓝白外套红领巾浅绿书包，小满浅色大衬衫，三人从院内走向角落,三个孩子同款脸、同款发型、女生、学生队伍、现代校服,storyboard,A
MSB010,02,三兄弟靠近,00:17,全景,CAM_COMPOUND_02_BROTHERS_APPROACH,小川跟半步,小川背浅绿色塌书包跟在半步后，两手攥书包带,小川,紧张又好奇，眼睛看阿磊后背,肩膀缩，步子短,阿磊海军蓝外套红白斜条，小川蓝白外套红领巾浅绿书包，小满浅色大衬衫，三人从院内走向角落,三个孩子同款脸、同款发型、女生、学生队伍、现代校服,storyboard,A
MSB011,02,三兄弟靠近,00:19,全景,CAM_COMPOUND_02_BROTHERS_APPROACH,小满贴最后,小满更小，浅色大衬衫，抓衣角，脚尖内扣地跟上,小满,茫然，慢半拍,贴着小川的路线走,阿磊海军蓝外套红白斜条，小川蓝白外套红领巾浅绿书包，小满浅色大衬衫，三人从院内走向角落,三个孩子同款脸、同款发型、女生、学生队伍、现代校服,storyboard,A
MSB012,02,三兄弟靠近,00:21,中远景,CAM_COMPOUND_02_BROTHERS_APPROACH,三人身高差,三兄弟同框，阿磊高一头，小川中间，小满明显更小,三兄弟,三种不同反应：逞强、紧张、茫然,三角形站位建立,阿磊海军蓝外套红白斜条，小川蓝白外套红领巾浅绿书包，小满浅色大衬衫，三人从院内走向角落,三个孩子同款脸、同款发型、女生、学生队伍、现代校服,keyframe,A
MSB013,02,三兄弟靠近,00:23,中景,CAM_COMPOUND_02_BROTHERS_APPROACH,阿磊回头催,阿磊半回头催弟弟，手背蹭鼻尖，小川抬眼看他,阿磊/小川,阿磊不耐烦，小川确认哥哥表情,轻微回头，不改变路线,阿磊海军蓝外套红白斜条，小川蓝白外套红领巾浅绿书包，小满浅色大衬衫，三人从院内走向角落,三个孩子同款脸、同款发型、女生、学生队伍、现代校服,storyboard,B
MSB014,02,三兄弟靠近,00:25,中景,CAM_COMPOUND_02_BROTHERS_APPROACH,门口吸引小川,CRT 光照到小川眼睛和红领巾，小川嘴微张,小川,被光吸引，怕但想看,手仍攥书包带,阿磊海军蓝外套红白斜条，小川蓝白外套红领巾浅绿书包，小满浅色大衬衫，三人从院内走向角落,三个孩子同款脸、同款发型、女生、学生队伍、现代校服,storyboard,A
MSB015,02,三兄弟靠近,00:26,中景,CAM_COMPOUND_02_BROTHERS_APPROACH,小满被光吓到,小满在后面眨眼，抓衣角更紧，身体往小川背后缩,小满,被亮光吓到又好奇,脚尖内扣停一下,阿磊海军蓝外套红白斜条，小川蓝白外套红领巾浅绿书包，小满浅色大衬衫，三人从院内走向角落,三个孩子同款脸、同款发型、女生、学生队伍、现代校服,storyboard,B
MSB016,02,三兄弟靠近,00:28,中远景,CAM_COMPOUND_02_BROTHERS_APPROACH,三人到门前,三兄弟停在门口，门缝光打到鞋尖，阿磊站最前,三兄弟,阿磊撑住，小川犹豫，小满躲后,队形稳定,阿磊海军蓝外套红白斜条，小川蓝白外套红领巾浅绿书包，小满浅色大衬衫，三人从院内走向角落,三个孩子同款脸、同款发型、女生、学生队伍、现代校服,end_frame,A
MSB017,02,三兄弟靠近,00:30,近景,CAM_COMPOUND_02_BROTHERS_APPROACH,阿磊伸手,阿磊的手伸向脏门帘或门边，袖口磨毛清楚,阿磊/道具,手势故作自然,手从口袋抽出,阿磊海军蓝外套红白斜条，小川蓝白外套红领巾浅绿书包，小满浅色大衬衫，三人从院内走向角落,三个孩子同款脸、同款发型、女生、学生队伍、现代校服,storyboard,B
MSB018,02,三兄弟靠近,00:32,中景,CAM_COMPOUND_02_BROTHERS_APPROACH,门帘前停顿,门帘在三兄弟面前轻晃，三张不同年龄的脸被 CRT 光分层照亮,三兄弟,期待、紧张、害怕同时出现,静止一拍,阿磊海军蓝外套红白斜条，小川蓝白外套红领巾浅绿书包，小满浅色大衬衫，三人从院内走向角落,三个孩子同款脸、同款发型、女生、学生队伍、现代校服,keyframe,A
MSB019,03,游戏厅入口,00:34,近景,CAM_ARCADE_01_ENTRANCE_WIDE,门帘擦镜,脏塑料门帘贴着镜头擦过，后面露出旧街机彩光,环境/道具,无人物，进入感,门帘晃动作为隐藏剪辑,低天花旧游戏机房、两侧街机、CRT 红蓝绿光、烟雾、脏塑料门帘,现代电玩城、液晶屏、抓娃娃机、明亮商业空间、额外女生,storyboard,A
MSB020,03,游戏厅入口,00:35,全景,CAM_ARCADE_01_ENTRANCE_WIDE,三兄弟入口剪影,三兄弟站在入口下方，室内低天花和两侧街机压住他们,三兄弟,被空间吞进去的惊讶,站位保持阿磊前、小川中、小满后,低天花旧游戏机房、两侧街机、CRT 红蓝绿光、烟雾、脏塑料门帘,现代电玩城、液晶屏、抓娃娃机、明亮商业空间、额外女生,start_frame,A
MSB021,03,游戏厅入口,00:37,中景,CAM_ARCADE_01_ENTRANCE_WIDE,阿磊先迈入,阿磊向前迈一步，肩膀故意撑开，小川和小满还在门口,阿磊,装作熟悉，其实眼睛快速扫动,向前一步后停,低天花旧游戏机房、两侧街机、CRT 红蓝绿光、烟雾、脏塑料门帘,现代电玩城、液晶屏、抓娃娃机、明亮商业空间、额外女生,storyboard,A
MSB022,03,游戏厅入口,00:38,中景,CAM_ARCADE_01_ENTRANCE_WIDE,小川看屏幕,小川侧脸被蓝绿屏幕光照亮，红领巾和书包边缘清楚,小川,好奇压过害怕,头部小幅转向街机,低天花旧游戏机房、两侧街机、CRT 红蓝绿光、烟雾、脏塑料门帘,现代电玩城、液晶屏、抓娃娃机、明亮商业空间、额外女生,storyboard,A
MSB023,03,游戏厅入口,00:40,中景,CAM_ARCADE_01_ENTRANCE_WIDE,小满贴近,小满靠近小川身后，只露半个身体，看向发光屏幕,小满,迟疑，眨眼快,抓衣角，跟半步,低天花旧游戏机房、两侧街机、CRT 红蓝绿光、烟雾、脏塑料门帘,现代电玩城、液晶屏、抓娃娃机、明亮商业空间、额外女生,storyboard,B
MSB024,03,游戏厅入口,00:42,广角,CAM_ARCADE_01_ENTRANCE_WIDE,街机排布,两排旧街机形成狭窄通道，远处有人影但不抢主体,环境,压迫、热闹但脏旧,slow dolly in,低天花旧游戏机房、两侧街机、CRT 红蓝绿光、烟雾、脏塑料门帘,现代电玩城、液晶屏、抓娃娃机、明亮商业空间、额外女生,keyframe,A
MSB025,03,游戏厅入口,00:43,特写,CAM_ARCADE_01_ENTRANCE_WIDE,摇杆按钮前景,磨损摇杆、彩色按钮、硬币槽，孩子的手和旧机器比例对比,道具,无表情，物件记忆,固定近景,低天花旧游戏机房、两侧街机、CRT 红蓝绿光、烟雾、脏塑料门帘,现代电玩城、液晶屏、抓娃娃机、明亮商业空间、额外女生,storyboard,B
MSB026,03,游戏厅入口,00:45,中远景,CAM_ARCADE_01_ENTRANCE_WIDE,烟雾和顶灯,昏暗顶灯、烟雾、墙上海报和老旧天花板形成密闭感,环境,不安的兴奋,只允许烟雾轻动,低天花旧游戏机房、两侧街机、CRT 红蓝绿光、烟雾、脏塑料门帘,现代电玩城、液晶屏、抓娃娃机、明亮商业空间、额外女生,storyboard,C
MSB027,03,游戏厅入口,00:46,全景,CAM_ARCADE_01_ENTRANCE_WIDE,三兄弟深入,三人沿街机通道向里走，阿磊被机器吸引，小川跟着看，小满被拉着走,三兄弟,兴奋、跟随、被动,前进方向清楚,低天花旧游戏机房、两侧街机、CRT 红蓝绿光、烟雾、脏塑料门帘,现代电玩城、液晶屏、抓娃娃机、明亮商业空间、额外女生,storyboard,A
MSB028,03,游戏厅入口,00:48,中远景,CAM_ARCADE_01_ENTRANCE_WIDE,街霸机远处出现,远处一台街头霸王机器的屏幕更亮，像目标点,环境/道具,无人物表情，目标明确,镜头停在机器方向,低天花旧游戏机房、两侧街机、CRT 红蓝绿光、烟雾、脏塑料门帘,现代电玩城、液晶屏、抓娃娃机、明亮商业空间、额外女生,end_frame,A
MSB029,04,找到街霸,00:50,中景,CAM_ARCADE_02_STREET_FIGHTER_CABINET,街霸机正面,街头霸王街机占画面中心，屏幕和操作台磨损清楚,街机,无人物，机器作为冲突种子,固定构图,街头霸王街机、磨损摇杆、哥哥站操作位、主角旁观、小弟弟躲后、CRT 光,现代格斗游戏、哥哥和老大现实打斗、主角参与对战、多人混乱,keyframe,A
MSB030,04,找到街霸,00:51,中景,CAM_ARCADE_02_STREET_FIGHTER_CABINET,阿磊抢到操作位,阿磊站到操作位，手放在摇杆旁，下巴微扬,阿磊,兴奋但故作淡定,身体前倾，肩膀撑开,街头霸王街机、磨损摇杆、哥哥站操作位、主角旁观、小弟弟躲后、CRT 光,现代格斗游戏、哥哥和老大现实打斗、主角参与对战、多人混乱,storyboard,A
MSB031,04,找到街霸,00:53,中景,CAM_ARCADE_02_STREET_FIGHTER_CABINET,小川靠旁边看,小川站在阿磊侧后，红领巾被屏幕光照亮，手还抓书包带,小川,羡慕和紧张混合,不碰机器，只看,街头霸王街机、磨损摇杆、哥哥站操作位、主角旁观、小弟弟躲后、CRT 光,现代格斗游戏、哥哥和老大现实打斗、主角参与对战、多人混乱,storyboard,A
MSB032,04,找到街霸,00:55,中景,CAM_ARCADE_02_STREET_FIGHTER_CABINET,小满躲机器后,小满只露出半张脸和浅色衬衫，躲在小川身后看屏幕,小满,好奇但怕人群,贴近小川,街头霸王街机、磨损摇杆、哥哥站操作位、主角旁观、小弟弟躲后、CRT 光,现代格斗游戏、哥哥和老大现实打斗、主角参与对战、多人混乱,storyboard,B
MSB033,04,找到街霸,00:57,特写,CAM_ARCADE_02_STREET_FIGHTER_CABINET,按钮手部,阿磊的儿童手指放到彩色按钮上，袖口磨毛和按钮划痕同框,阿磊/道具,专注,手开始操作前的准备,街头霸王街机、磨损摇杆、哥哥站操作位、主角旁观、小弟弟躲后、CRT 光,现代格斗游戏、哥哥和老大现实打斗、主角参与对战、多人混乱,storyboard,B
MSB034,04,找到街霸,00:58,中景,CAM_ARCADE_02_STREET_FIGHTER_CABINET,彬子进入边缘,彬子从机器另一侧进入画面，黄发梢和黑夹克先被看见,彬子,挑衅假笑,下巴前顶，靠近机器,街头霸王街机、磨损摇杆、哥哥站操作位、主角旁观、小弟弟躲后、CRT 光,现代格斗游戏、哥哥和老大现实打斗、主角参与对战、多人混乱,storyboard,A
MSB035,04,找到街霸,01:00,中景,CAM_ARCADE_02_STREET_FIGHTER_CABINET,两侧对位,阿磊和彬子分别站在机器两侧，屏幕在中间，身高差和气势差清楚,阿磊/彬子,阿磊装稳，彬子轻蔑,对战站位锁定,街头霸王街机、磨损摇杆、哥哥站操作位、主角旁观、小弟弟躲后、CRT 光,现代格斗游戏、哥哥和老大现实打斗、主角参与对战、多人混乱,start_frame,A
MSB036,04,找到街霸,01:02,近景,CAM_ARCADE_02_STREET_FIGHTER_CABINET,小川反应,小川看见彬子，笑意收住，眼睛从屏幕移到彬子脸上,小川,警觉但不懂危险,头部小幅转移,街头霸王街机、磨损摇杆、哥哥站操作位、主角旁观、小弟弟躲后、CRT 光,现代格斗游戏、哥哥和老大现实打斗、主角参与对战、多人混乱,storyboard,B
MSB037,04,找到街霸,01:04,特写,CAM_ARCADE_02_STREET_FIGHTER_CABINET,硬币入槽,硬币投入街机槽，金属声和 CRT 光形成对战开始点,道具,无人物，仪式感,手离开硬币槽,街头霸王街机、磨损摇杆、哥哥站操作位、主角旁观、小弟弟躲后、CRT 光,现代格斗游戏、哥哥和老大现实打斗、主角参与对战、多人混乱,end_frame,B
MSB038,05,哥哥打赢老大,01:06,过肩中景,CAM_ARCADE_03_DUEL_OVER_SHOULDER,对战开局肩背,阿磊左前景肩背、彬子右侧，街霸屏幕夹在中间,阿磊/彬子,双方专注，彬子假笑,镜头固定在屏幕和肩背之间,哥哥左侧，彬子右侧，街霸屏幕居中，CRT 胜利红光，主角旁观,现实拳脚打斗、主角参与对战、屏幕变现代游戏、胜利过度欢乐,start_frame,A
MSB039,05,哥哥打赢老大,01:07,特写,CAM_ARCADE_03_DUEL_OVER_SHOULDER,阿磊快速按键,阿磊手指在彩色按钮上快速动作，袖口磨毛明显,阿磊/道具,手部紧张兴奋,只拍手和按钮,哥哥左侧，彬子右侧，街霸屏幕居中，CRT 胜利红光，主角旁观,现实拳脚打斗、主角参与对战、屏幕变现代游戏、胜利过度欢乐,storyboard,B
MSB040,05,哥哥打赢老大,01:09,近景,CAM_ARCADE_03_DUEL_OVER_SHOULDER,彬子挑衅侧脸,彬子侧脸被 CRT 光照亮，嘴角歪，眼睛从下往上瞪,彬子,挑衅，觉得必赢,下巴前顶,哥哥左侧，彬子右侧，街霸屏幕居中，CRT 胜利红光，主角旁观,现实拳脚打斗、主角参与对战、屏幕变现代游戏、胜利过度欢乐,storyboard,A
MSB041,05,哥哥打赢老大,01:11,近景,CAM_ARCADE_03_DUEL_OVER_SHOULDER,小川看哥哥,小川不看屏幕，先看阿磊脸色，试图判断能不能高兴,小川,期待但谨慎,攥书包带更紧,哥哥左侧，彬子右侧，街霸屏幕居中，CRT 胜利红光，主角旁观,现实拳脚打斗、主角参与对战、屏幕变现代游戏、胜利过度欢乐,storyboard,B
MSB042,05,哥哥打赢老大,01:13,特写,CAM_ARCADE_03_DUEL_OVER_SHOULDER,屏幕战斗闪白,街霸屏幕出现强烈攻击闪光，不需要真实游戏版权细节,街机屏幕,激烈但仍在游戏内,CRT 闪烁,哥哥左侧，彬子右侧，街霸屏幕居中，CRT 胜利红光，主角旁观,现实拳脚打斗、主角参与对战、屏幕变现代游戏、胜利过度欢乐,storyboard,B
MSB043,05,哥哥打赢老大,01:15,中近景,CAM_ARCADE_03_DUEL_OVER_SHOULDER,阿磊嘴角压不住,阿磊嘴角轻微上扬但不敢太明显，肩膀一抖,阿磊,快赢的得意,手继续操作,哥哥左侧，彬子右侧，街霸屏幕居中，CRT 胜利红光，主角旁观,现实拳脚打斗、主角参与对战、屏幕变现代游戏、胜利过度欢乐,storyboard,A
MSB044,05,哥哥打赢老大,01:17,中近景,CAM_ARCADE_03_DUEL_OVER_SHOULDER,彬子表情变僵,彬子笑意消失，眨眼变少，鼻翼绷紧,彬子,从轻蔑转为不信,身体僵住,哥哥左侧，彬子右侧，街霸屏幕居中，CRT 胜利红光，主角旁观,现实拳脚打斗、主角参与对战、屏幕变现代游戏、胜利过度欢乐,storyboard,A
MSB045,05,哥哥打赢老大,01:18,特写,CAM_ARCADE_03_DUEL_OVER_SHOULDER,胜利画面亮起,CRT 胜利画面红光爆亮，屏幕边缘反射在机身上,街机屏幕,无人物，胜负确定,画面闪红,哥哥左侧，彬子右侧，街霸屏幕居中，CRT 胜利红光，主角旁观,现实拳脚打斗、主角参与对战、屏幕变现代游戏、胜利过度欢乐,keyframe,A
MSB046,05,哥哥打赢老大,01:20,近景,CAM_ARCADE_03_DUEL_OVER_SHOULDER,红光照彬子,胜利红光照到彬子脸，黄发梢和嘴角小痣清楚,彬子,受辱后僵住,完全停住一拍,哥哥左侧，彬子右侧，街霸屏幕居中，CRT 胜利红光，主角旁观,现实拳脚打斗、主角参与对战、屏幕变现代游戏、胜利过度欢乐,keyframe,A
MSB047,05,哥哥打赢老大,01:22,中景,CAM_ARCADE_03_DUEL_OVER_SHOULDER,阿磊装不在乎,阿磊想笑又忍住，手从按钮上离开，下巴更高,阿磊,得意但装成熟,肩膀轻抖,哥哥左侧，彬子右侧，街霸屏幕居中，CRT 胜利红光，主角旁观,现实拳脚打斗、主角参与对战、屏幕变现代游戏、胜利过度欢乐,storyboard,A
MSB048,05,哥哥打赢老大,01:24,近景,CAM_ARCADE_03_DUEL_OVER_SHOULDER,小川半笑,小川看到哥哥赢，嘴角刚要笑，眼睛还看彬子反应,小川,半笑半怕,身体没有靠前,哥哥左侧，彬子右侧，街霸屏幕居中，CRT 胜利红光，主角旁观,现实拳脚打斗、主角参与对战、屏幕变现代游戏、胜利过度欢乐,storyboard,B
MSB049,05,哥哥打赢老大,01:26,中景,CAM_ARCADE_03_DUEL_OVER_SHOULDER,彬子视线钉住阿磊,彬子越过街机盯住阿磊，背景三同伙模糊出现,彬子/阿磊,羞辱转为报复,彬子不动，只看,哥哥左侧，彬子右侧，街霸屏幕居中，CRT 胜利红光，主角旁观,现实拳脚打斗、主角参与对战、屏幕变现代游戏、胜利过度欢乐,end_frame,A
MSB050,06,老大记仇,01:28,近景,CAM_ARCADE_04_BOSS_LOSES_REACTION,彬子脸色沉下,彬子脸在红光里僵住，嘴角歪笑消失，下颌咬紧,彬子,受辱憋怒,只允许眼神变化,彬子中右前景，高杆、大海、小齐聚到身后，CRT 红光和暗黄顶灯,立刻动手、四人统一脸、成年人黑帮、西装化、夸张武器,keyframe,A
MSB051,06,老大记仇,01:29,中景,CAM_ARCADE_04_BOSS_LOSES_REACTION,高杆入背景,高杆从背景一侧靠近，灰白夹克和长手臂先形成剪影,高杆,半垂眼，无聊但压迫,慢慢站到边缘,彬子中右前景，高杆、大海、小齐聚到身后，CRT 红光和暗黄顶灯,立刻动手、四人统一脸、成年人黑帮、西装化、夸张武器,storyboard,A
MSB052,06,老大记仇,01:31,中景,CAM_ARCADE_04_BOSS_LOSES_REACTION,大海堵住后方,大海宽身体进入背景，褪色 T 恤和宽站姿把空间堵住,大海,看彬子脸色,脚站宽，抹汗,彬子中右前景，高杆、大海、小齐聚到身后，CRT 红光和暗黄顶灯,立刻动手、四人统一脸、成年人黑帮、西装化、夸张武器,storyboard,B
MSB053,06,老大记仇,01:33,中景,CAM_ARCADE_04_BOSS_LOSES_REACTION,小齐起哄收声,小齐本来想笑，看到彬子脸色后笑收住，手抠袖口,小齐,讨好转紧张,身体前探又缩回,彬子中右前景，高杆、大海、小齐聚到身后，CRT 红光和暗黄顶灯,立刻动手、四人统一脸、成年人黑帮、西装化、夸张武器,storyboard,B
MSB054,06,老大记仇,01:35,中景,CAM_ARCADE_04_BOSS_LOSES_REACTION,四人轮廓成组,彬子矮在前，高杆高瘦、大海宽、小齐飘在边缘，轮廓差异清楚,混混四人,不同情绪：憋怒、冷、等命令、慌兴奋,slow push-in,彬子中右前景，高杆、大海、小齐聚到身后，CRT 红光和暗黄顶灯,立刻动手、四人统一脸、成年人黑帮、西装化、夸张武器,keyframe,A
MSB055,06,老大记仇,01:36,反打中景,CAM_ARCADE_04_BOSS_LOSES_REACTION,阿磊没察觉后果,阿磊带着弟弟准备离开，还在压住笑意,阿磊/三兄弟,阿磊得意，小川不安，小满跟随,向门口方向转身,彬子中右前景，高杆、大海、小齐聚到身后，CRT 红光和暗黄顶灯,立刻动手、四人统一脸、成年人黑帮、西装化、夸张武器,storyboard,A
MSB056,06,老大记仇,01:38,中近景,CAM_ARCADE_04_BOSS_LOSES_REACTION,彬子看背影,彬子盯着阿磊背影，手把腰包往上一拽,彬子,决定报复,手部动作短促,彬子中右前景，高杆、大海、小齐聚到身后，CRT 红光和暗黄顶灯,立刻动手、四人统一脸、成年人黑帮、西装化、夸张武器,storyboard,A
MSB057,06,老大记仇,01:40,中远景,CAM_ARCADE_04_BOSS_LOSES_REACTION,街机声变闷,游戏厅仍热闹，但四人组所在区域像被声音抽空,混混四人/环境,压住的怒气,背景人模糊不抢主体,彬子中右前景，高杆、大海、小齐聚到身后，CRT 红光和暗黄顶灯,立刻动手、四人统一脸、成年人黑帮、西装化、夸张武器,end_frame,B
MSB058,07,志得意满离开,01:42,中远景,CAM_ARCADE_EXIT_01_LEAVING,门内到门外,三兄弟从门内 CRT 彩光走进门外黄路灯，色温切换清楚,三兄弟,兴奋后松一口气,从室内到门口,游戏机房门口、旧卷帘门、昏黄路灯、门内 CRT 漏光、三兄弟全男孩,混混立刻追逐、门口开打、现代商业街、女生,start_frame,A
MSB059,07,志得意满离开,01:43,中景,CAM_ARCADE_EXIT_01_LEAVING,阿磊比划胜利,阿磊边走边用手模仿刚才的操作，肩膀抖一下,阿磊,得意但装酷,手部比划小幅,游戏机房门口、旧卷帘门、昏黄路灯、门内 CRT 漏光、三兄弟全男孩,混混立刻追逐、门口开打、现代商业街、女生,storyboard,A
MSB060,07,志得意满离开,01:45,中景,CAM_ARCADE_EXIT_01_LEAVING,小川学了一下,小川偷偷学阿磊按键动作，马上又攥回书包带,小川,想加入哥哥的得意,动作小而短,游戏机房门口、旧卷帘门、昏黄路灯、门内 CRT 漏光、三兄弟全男孩,混混立刻追逐、门口开打、现代商业街、女生,storyboard,B
MSB061,07,志得意满离开,01:47,中景,CAM_ARCADE_EXIT_01_LEAVING,小满跟着笑,小满看小川笑才跟着笑，衣角还攥在手里,小满,跟随式开心,脚步慢半拍,游戏机房门口、旧卷帘门、昏黄路灯、门内 CRT 漏光、三兄弟全男孩,混混立刻追逐、门口开打、现代商业街、女生,storyboard,B
MSB062,07,志得意满离开,01:49,远景,CAM_ARCADE_EXIT_01_LEAVING,门口空间回看,游戏机房门口缩在老楼角落里，三兄弟走向小路方向,环境/三兄弟,兴奋开始变远,低机位跟拍,游戏机房门口、旧卷帘门、昏黄路灯、门内 CRT 漏光、三兄弟全男孩,混混立刻追逐、门口开打、现代商业街、女生,keyframe,A
MSB063,07,志得意满离开,01:50,特写,CAM_ARCADE_EXIT_01_LEAVING,CRT 声远去,门口旧招牌和漏出的彩光逐渐留在后景，街机声远去,环境,无人物，过渡,镜头被暗处遮挡,游戏机房门口、旧卷帘门、昏黄路灯、门内 CRT 漏光、三兄弟全男孩,混混立刻追逐、门口开打、现代商业街、女生,storyboard,C
MSB064,07,志得意满离开,01:52,全景,CAM_ARCADE_EXIT_01_LEAVING,阿磊走在最前,阿磊保持前方，小川半步后，小满最后，队形回到初始但更放松,三兄弟,阿磊得意，小川亮眼，小满放松,向小路方向走,游戏机房门口、旧卷帘门、昏黄路灯、门内 CRT 漏光、三兄弟全男孩,混混立刻追逐、门口开打、现代商业街、女生,storyboard,A
MSB065,07,志得意满离开,01:54,中远景,CAM_ARCADE_EXIT_01_LEAVING,暗巷入口,三兄弟走进老小区背后的暗巷入口，黄路灯把影子拉长,三兄弟/环境,开心边缘出现不安,影子变长,游戏机房门口、旧卷帘门、昏黄路灯、门内 CRT 漏光、三兄弟全男孩,混混立刻追逐、门口开打、现代商业街、女生,end_frame,A
MSB066,08,偏僻小路,01:56,远景,CAM_ALLEY_01_WALK_HOME,小路全貌,狭窄小路两侧围墙和杂草，远处旧路灯，路面湿而空,环境,无人物，偏僻感,locked-off,老小区背后偏僻小路、围墙、杂草、碎砖石、潮湿地面、旧路灯，三兄弟从游戏机房回家,大街、车流、现代路灯、人群、追逐提前开始,keyframe,A
MSB067,08,偏僻小路,01:57,全景,CAM_ALLEY_01_WALK_HOME,三兄弟进入小路,三兄弟从画面左侧进入，小路深处留出危险空间,三兄弟,还在兴奋,低机位 tracking,老小区背后偏僻小路、围墙、杂草、碎砖石、潮湿地面、旧路灯，三兄弟从游戏机房回家,大街、车流、现代路灯、人群、追逐提前开始,start_frame,A
MSB068,08,偏僻小路,01:59,中景,CAM_ALLEY_01_WALK_HOME,阿磊继续讲赢法,阿磊边走边比划摇杆，小川抬头认真听,阿磊/小川,阿磊得意，小川崇拜,向前走，手比划,老小区背后偏僻小路、围墙、杂草、碎砖石、潮湿地面、旧路灯，三兄弟从游戏机房回家,大街、车流、现代路灯、人群、追逐提前开始,storyboard,B
MSB069,08,偏僻小路,02:01,中景,CAM_ALLEY_01_WALK_HOME,小满跟不上,小满落后半步，脚尖内扣，努力跟上哥哥节奏,小满,放松但迟缓,小跑两步追上,老小区背后偏僻小路、围墙、杂草、碎砖石、潮湿地面、旧路灯，三兄弟从游戏机房回家,大街、车流、现代路灯、人群、追逐提前开始,storyboard,C
MSB070,08,偏僻小路,02:03,特写,CAM_ALLEY_01_WALK_HOME,路边碎石第一次出现,路边碎砖石和一块普通石块在画面角落出现，不被强调成武器,道具/环境,无人物,固定低角度,老小区背后偏僻小路、围墙、杂草、碎砖石、潮湿地面、旧路灯，三兄弟从游戏机房回家,大街、车流、现代路灯、人群、追逐提前开始,prop,A
MSB071,08,偏僻小路,02:05,中景,CAM_ALLEY_01_WALK_HOME,小川经过石块,小川从石块旁走过，完全没注意，书包甩过前景,小川/道具,开心余波,石块作为环境锚点,老小区背后偏僻小路、围墙、杂草、碎砖石、潮湿地面、旧路灯，三兄弟从游戏机房回家,大街、车流、现代路灯、人群、追逐提前开始,storyboard,A
MSB072,08,偏僻小路,02:06,远景,CAM_ALLEY_01_WALK_HOME,远处阴影,小路前方灯下出现几个人影，三兄弟还未完全意识到,混混远影/三兄弟,危险初现,人物在远处不清晰,老小区背后偏僻小路、围墙、杂草、碎砖石、潮湿地面、旧路灯，三兄弟从游戏机房回家,大街、车流、现代路灯、人群、追逐提前开始,storyboard,A
MSB073,08,偏僻小路,02:08,中景,CAM_ALLEY_01_WALK_HOME,阿磊脚步变慢,阿磊的比划停住，身体略挡到小川前面,阿磊,从得意转警觉,步子慢下来,老小区背后偏僻小路、围墙、杂草、碎砖石、潮湿地面、旧路灯，三兄弟从游戏机房回家,大街、车流、现代路灯、人群、追逐提前开始,storyboard,A
MSB074,08,偏僻小路,02:10,近景,CAM_ALLEY_01_WALK_HOME,小川看哥哥表情,小川不看前方，先看阿磊脸色，笑收住,小川,不明所以的紧张,头转向阿磊,老小区背后偏僻小路、围墙、杂草、碎砖石、潮湿地面、旧路灯，三兄弟从游戏机房回家,大街、车流、现代路灯、人群、追逐提前开始,storyboard,B
MSB075,08,偏僻小路,02:12,全景,CAM_ALLEY_01_WALK_HOME,三人停在小路中段,三兄弟停住，前方阴影更清楚，后方路变暗,三兄弟/环境,兴奋完全消失,左右空间锁定,老小区背后偏僻小路、围墙、杂草、碎砖石、潮湿地面、旧路灯，三兄弟从游戏机房回家,大街、车流、现代路灯、人群、追逐提前开始,end_frame,A
MSB076,09,四人堵路,02:14,全景,CAM_ALLEY_02_BLOCKED,混混四人亮相,彬子带三人从小路前方堵住去路，四人剪影差异明显,混混四人,彬子凶，高杆冷，大海等命令，小齐兴奋,locked-off,三兄弟左/近侧，四个混混右/远侧，彬子中心前压，高杆封边，大海堵中线，小齐边缘起哄,站位混乱、翻轴、立刻开打、额外人群、女生,keyframe,A
MSB077,09,四人堵路,02:15,中景,CAM_ALLEY_02_BLOCKED,彬子向前半步,彬子短小身形向前压，下巴顶出，手拽腰包,彬子,受辱后的凶,向前半步后停,三兄弟左/近侧，四个混混右/远侧，彬子中心前压，高杆封边，大海堵中线，小齐边缘起哄,站位混乱、翻轴、立刻开打、额外人群、女生,storyboard,A
MSB078,09,四人堵路,02:17,中景,CAM_ALLEY_02_BLOCKED,高杆封侧路,高杆站在路边，长手臂横住墙边空隙,高杆,半垂眼，不说话,横臂封路,三兄弟左/近侧，四个混混右/远侧，彬子中心前压，高杆封边，大海堵中线，小齐边缘起哄,站位混乱、翻轴、立刻开打、额外人群、女生,storyboard,A
MSB079,09,四人堵路,02:19,中景,CAM_ALLEY_02_BLOCKED,大海堵中线,大海宽脚站在路中，褪色 T 恤汗湿领口，身体像墙,大海,看彬子等命令,宽站姿不动,三兄弟左/近侧，四个混混右/远侧，彬子中心前压，高杆封边，大海堵中线，小齐边缘起哄,站位混乱、翻轴、立刻开打、额外人群、女生,storyboard,B
MSB080,09,四人堵路,02:21,中景,CAM_ALLEY_02_BLOCKED,小齐起哄,小齐在边缘前探，嘴角快笑，手还抠袖口,小齐,兴奋讨好,换重心,三兄弟左/近侧，四个混混右/远侧，彬子中心前压，高杆封边，大海堵中线，小齐边缘起哄,站位混乱、翻轴、立刻开打、额外人群、女生,storyboard,B
MSB081,09,四人堵路,02:23,全景,CAM_ALLEY_02_BLOCKED,阿磊挡弟弟,阿磊迈到小川和小满前面，三兄弟左侧队形收紧,阿磊/三兄弟,强撑，怕但要挡,身体挡前,三兄弟左/近侧，四个混混右/远侧，彬子中心前压，高杆封边，大海堵中线，小齐边缘起哄,站位混乱、翻轴、立刻开打、额外人群、女生,keyframe,A
MSB082,09,四人堵路,02:24,中景,CAM_ALLEY_02_BLOCKED,小川被遮住半个,小川站在阿磊背后半个身位，眼睛越过哥哥看彬子,小川,紧张，理解危险,攥书包带,三兄弟左/近侧，四个混混右/远侧，彬子中心前压，高杆封边，大海堵中线，小齐边缘起哄,站位混乱、翻轴、立刻开打、额外人群、女生,storyboard,A
MSB083,09,四人堵路,02:26,中景,CAM_ALLEY_02_BLOCKED,小满靠墙,小满退到墙边，抓衣角，脚尖内扣，不知道该跑还是站,小满,茫然害怕,僵住,三兄弟左/近侧，四个混混右/远侧，彬子中心前压，高杆封边，大海堵中线，小齐边缘起哄,站位混乱、翻轴、立刻开打、额外人群、女生,storyboard,B
MSB084,09,四人堵路,02:28,远景,CAM_ALLEY_02_BLOCKED,双方空间关系,小路像被两组人堵成死巷，三兄弟后方也变暗,全体,对峙凝固,不翻轴,三兄弟左/近侧，四个混混右/远侧，彬子中心前压，高杆封边，大海堵中线，小齐边缘起哄,站位混乱、翻轴、立刻开打、额外人群、女生,storyboard,A
MSB085,09,四人堵路,02:30,近景,CAM_ALLEY_02_BLOCKED,彬子盯阿磊,彬子越过小路盯住阿磊，旧街机红光记忆从脸上隐约回响,彬子/阿磊,报复明确,眼神锁定,三兄弟左/近侧，四个混混右/远侧，彬子中心前压，高杆封边，大海堵中线，小齐边缘起哄,站位混乱、翻轴、立刻开打、额外人群、女生,end_frame,A
MSB086,10,围殴哥哥,02:32,全景,CAM_ALLEY_03_BROTHER_BEATEN,四人收拢,混混四人从半圆收拢，阿磊被挤到画面中心,阿磊/混混四人,阿磊强撑，四人压近,向中心挤压,哥哥在中心被围，小川侧面，小满墙边，四个混混轮廓不同，路灯黄，潮湿地面,复杂武打、血腥、英雄反击、成年人暴力、镜头乱转,start_frame,A
MSB087,10,围殴哥哥,02:34,中景,CAM_ALLEY_03_BROTHER_BEATEN,阿磊还嘴,阿磊下巴抬着说话，手却从口袋里抽出来挡在身前,阿磊,嘴硬，手先暴露害怕,后退半步,哥哥在中心被围，小川侧面，小满墙边，四个混混轮廓不同，路灯黄，潮湿地面,复杂武打、血腥、英雄反击、成年人暴力、镜头乱转,storyboard,B
MSB088,10,围殴哥哥,02:36,中景,CAM_ALLEY_03_BROTHER_BEATEN,高杆封退路,高杆长手臂挡住阿磊侧后，灰白袖子像横杠,高杆/阿磊,高杆冷，阿磊被限制,横臂不大动,哥哥在中心被围，小川侧面，小满墙边，四个混混轮廓不同，路灯黄，潮湿地面,复杂武打、血腥、英雄反击、成年人暴力、镜头乱转,storyboard,A
MSB089,10,围殴哥哥,02:38,中景,CAM_ALLEY_03_BROTHER_BEATEN,大海肩膀顶近,大海用肩膀和身体把空间压小，不做漂亮拳脚,大海/阿磊,大海执行命令,身体前压,哥哥在中心被围，小川侧面，小满墙边，四个混混轮廓不同，路灯黄，潮湿地面,复杂武打、血腥、英雄反击、成年人暴力、镜头乱转,storyboard,A
MSB090,10,围殴哥哥,02:40,中景,CAM_ALLEY_03_BROTHER_BEATEN,小齐起哄边退,小齐在边上起哄，身体前探但脚随时想退,小齐,兴奋又虚,换重心,哥哥在中心被围，小川侧面，小满墙边，四个混混轮廓不同，路灯黄，潮湿地面,复杂武打、血腥、英雄反击、成年人暴力、镜头乱转,storyboard,B
MSB091,10,围殴哥哥,02:42,近景,CAM_ALLEY_03_BROTHER_BEATEN,彬子靠近阿磊,彬子站到阿磊面前，短脖子前压，嘴角歪,彬子/阿磊,羞辱对峙,下巴顶人,哥哥在中心被围，小川侧面，小满墙边，四个混混轮廓不同，路灯黄，潮湿地面,复杂武打、血腥、英雄反击、成年人暴力、镜头乱转,storyboard,A
MSB092,10,围殴哥哥,02:44,中景,CAM_ALLEY_03_BROTHER_BEATEN,第一次推搡,阿磊被推得肩膀一歪，仍想站稳,阿磊,疼但怕丢脸,身体失衡但没倒,哥哥在中心被围，小川侧面，小满墙边，四个混混轮廓不同，路灯黄，潮湿地面,复杂武打、血腥、英雄反击、成年人暴力、镜头乱转,storyboard,A
MSB093,10,围殴哥哥,02:46,中景,CAM_ALLEY_03_BROTHER_BEATEN,小川侧面僵住,小川站在侧面，双手攥书包带，眼睛在哥哥和彬子之间跳,小川,想动但不知道怎么动,身体收紧,哥哥在中心被围，小川侧面，小满墙边，四个混混轮廓不同，路灯黄，潮湿地面,复杂武打、血腥、英雄反击、成年人暴力、镜头乱转,keyframe,A
MSB094,10,围殴哥哥,02:48,中景,CAM_ALLEY_03_BROTHER_BEATEN,小满完全不动,小满靠墙，嘴角下压，抓衣角，不哭也不喊,小满,被吓空,脚尖内扣，冻结,哥哥在中心被围，小川侧面，小满墙边，四个混混轮廓不同，路灯黄，潮湿地面,复杂武打、血腥、英雄反击、成年人暴力、镜头乱转,storyboard,B
MSB095,10,围殴哥哥,02:50,低机位中景,CAM_ALLEY_03_BROTHER_BEATEN,哥哥失衡低位,阿磊被推到更低位置，混混身体变成画面边框,阿磊/混混,阿磊怕丢脸转为真害怕,手持轻晃后停,哥哥在中心被围，小川侧面，小满墙边，四个混混轮廓不同，路灯黄，潮湿地面,复杂武打、血腥、英雄反击、成年人暴力、镜头乱转,keyframe,A
MSB096,10,围殴哥哥,02:52,中近景,CAM_ALLEY_03_BROTHER_BEATEN,彬子准备下狠手,彬子表情变空，手臂或身体准备进一步动作，但不展示暴力细节,彬子,牙关咬紧，失控前,动作停在准备阶段,哥哥在中心被围，小川侧面，小满墙边，四个混混轮廓不同，路灯黄，潮湿地面,复杂武打、血腥、英雄反击、成年人暴力、镜头乱转,end_frame,A
MSB097,10,围殴哥哥,02:54,近景,CAM_ALLEY_03_BROTHER_BEATEN,小川视线下坠前,小川看到彬子的准备动作，脸僵住，眼神即将落向地面,小川,恐惧推到顶点,头部开始下移,哥哥在中心被围，小川侧面，小满墙边，四个混混轮廓不同，路灯黄，潮湿地面,复杂武打、血腥、英雄反击、成年人暴力、镜头乱转,storyboard,A
MSB098,11,石块失手,02:56,特写,CAM_ALLEY_04_STONE_HIT,石块再出现,路边普通石块在湿地边缘，旁边碎砖和杂草说明它属于环境,石块/环境,无人物，命运感,固定低角度,路边普通石块、湿地、主角浅绿书包、彬子准备下狠手、声音抽空，避免血腥,血腥头部特写、英雄化慢动作、武器摆拍、石块变刀棍、庆祝,prop,A
MSB099,11,石块失手,02:58,近景,CAM_ALLEY_04_STONE_HIT,小川眼神落下,小川眼神从哥哥和彬子之间突然落到地面石块,小川,恐惧中找到一个错误出口,只有眼神变化,路边普通石块、湿地、主角浅绿书包、彬子准备下狠手、声音抽空，避免血腥,血腥头部特写、英雄化慢动作、武器摆拍、石块变刀棍、庆祝,storyboard,A
MSB100,11,石块失手,03:00,特写,CAM_ALLEY_04_STONE_HIT,手松开书包带,小川一只手从书包带上松开，指节发白,小川,下意识，不是决定,手部松开,路边普通石块、湿地、主角浅绿书包、彬子准备下狠手、声音抽空，避免血腥,血腥头部特写、英雄化慢动作、武器摆拍、石块变刀棍、庆祝,storyboard,B
MSB101,11,石块失手,03:02,中景,CAM_ALLEY_04_STONE_HIT,弯身动作开始,小川身体歪斜向下，不是漂亮下蹲，书包失去平衡,小川,慌乱失控,身体向下折,路边普通石块、湿地、主角浅绿书包、彬子准备下狠手、声音抽空，避免血腥,血腥头部特写、英雄化慢动作、武器摆拍、石块变刀棍、庆祝,storyboard,A
MSB102,11,石块失手,03:04,特写,CAM_ALLEY_04_STONE_HIT,手碰到石块,小川的手碰到湿石块，泥水和小手比例清楚,小川/石块,急促，迟疑不到一秒,手抓住石块,路边普通石块、湿地、主角浅绿书包、彬子准备下狠手、声音抽空，避免血腥,血腥头部特写、英雄化慢动作、武器摆拍、石块变刀棍、庆祝,keyframe,A
MSB103,11,石块失手,03:06,中景,CAM_ALLEY_04_STONE_HIT,彬子动作逼近,彬子准备动作继续靠近阿磊，画面边缘小川弯身,彬子/阿磊/小川,彬子失控，小川被逼急,两条动作线并置,路边普通石块、湿地、主角浅绿书包、彬子准备下狠手、声音抽空，避免血腥,血腥头部特写、英雄化慢动作、武器摆拍、石块变刀棍、庆祝,storyboard,A
MSB104,11,石块失手,03:08,中景,CAM_ALLEY_04_STONE_HIT,小川起身甩动,小川抓着石块猛地起身，身体歪，动作短促混乱,小川,惊恐，不是愤怒,起身+甩动合一,路边普通石块、湿地、主角浅绿书包、彬子准备下狠手、声音抽空，避免血腥,血腥头部特写、英雄化慢动作、武器摆拍、石块变刀棍、庆祝,storyboard,A
MSB105,11,石块失手,03:10,中景,CAM_ALLEY_04_STONE_HIT,遮挡冲击瞬间,前景人影或路灯柱遮住冲击瞬间，只看到众人身体突然停住,全体,声音抽空,动作后突然 locked-off,路边普通石块、湿地、主角浅绿书包、彬子准备下狠手、声音抽空，避免血腥,血腥头部特写、英雄化慢动作、武器摆拍、石块变刀棍、庆祝,end_frame,A
MSB106,11,石块失手,03:12,近景,CAM_ALLEY_04_STONE_HIT,彬子不可置信,彬子不做血腥表现，只拍脸上不可置信和失去凶相的空白,彬子,从凶变空,停住不动,路边普通石块、湿地、主角浅绿书包、彬子准备下狠手、声音抽空，避免血腥,血腥头部特写、英雄化慢动作、武器摆拍、石块变刀棍、庆祝,keyframe,A
MSB107,11,石块失手,03:14,近景,CAM_ALLEY_04_STONE_HIT,小川失声,小川手还悬着，嘴张开但发不出声，浅绿书包歪到一边,小川,彻底惊恐,冻结一拍,路边普通石块、湿地、主角浅绿书包、彬子准备下狠手、声音抽空，避免血腥,血腥头部特写、英雄化慢动作、武器摆拍、石块变刀棍、庆祝,keyframe,A
MSB108,12,主角逃跑,03:16,中景,CAM_ALLEY_05_ESCAPE_VECTOR,冻结后的第一步,小川从冻结中突然歪出去，脚步不是标准起跑,小川,惊恐自动反应,身体先歪，脚才跟上,小川沿小路深处逃向废楼方向，书包剧烈晃动，哥哥小满留在后方混乱中，路灯拖影,逃跑方向漂移、大街追车、突然变白天、追兵追到身边、哥哥小满一起跑,start_frame,A
MSB109,12,主角逃跑,03:17,近景,CAM_ALLEY_05_ESCAPE_VECTOR,书包猛甩,浅绿色书包斜甩，红领巾被带起，证明是同一个主角,小川/道具,恐惧速度,低位跟拍,小川沿小路深处逃向废楼方向，书包剧烈晃动，哥哥小满留在后方混乱中，路灯拖影,逃跑方向漂移、大街追车、突然变白天、追兵追到身边、哥哥小满一起跑,storyboard,A
MSB110,12,主角逃跑,03:19,远景,CAM_ALLEY_05_ESCAPE_VECTOR,哥哥留后方,阿磊和小满留在混乱后方，阿磊半起身想喊，小满仍僵,阿磊/小满,震惊和迟滞,不跟跑,小川沿小路深处逃向废楼方向，书包剧烈晃动，哥哥小满留在后方混乱中，路灯拖影,逃跑方向漂移、大街追车、突然变白天、追兵追到身边、哥哥小满一起跑,storyboard,A
MSB111,12,主角逃跑,03:21,中景,CAM_ALLEY_05_ESCAPE_VECTOR,混混反应慢半拍,高杆和大海先愣住，小齐收声，彬子状态不清,混混四人,群体失控,动作延迟,小川沿小路深处逃向废楼方向，书包剧烈晃动，哥哥小满留在后方混乱中，路灯拖影,逃跑方向漂移、大街追车、突然变白天、追兵追到身边、哥哥小满一起跑,storyboard,B
MSB112,12,主角逃跑,03:22,低机位中景,CAM_ALLEY_05_ESCAPE_VECTOR,小川冲过石块点,小川跑过刚才石块所在位置，湿地反光拉长,小川/环境,逃离现场,沿同一轴线向深处,小川沿小路深处逃向废楼方向，书包剧烈晃动，哥哥小满留在后方混乱中，路灯拖影,逃跑方向漂移、大街追车、突然变白天、追兵追到身边、哥哥小满一起跑,storyboard,A
MSB113,12,主角逃跑,03:24,远景,CAM_ALLEY_05_ESCAPE_VECTOR,追兵启动,后方混混开始反应追，但与小川保持距离,追兵/小川,追逐启动但空间清楚,同方向，不翻轴,小川沿小路深处逃向废楼方向，书包剧烈晃动，哥哥小满留在后方混乱中，路灯拖影,逃跑方向漂移、大街追车、突然变白天、追兵追到身边、哥哥小满一起跑,storyboard,A
MSB114,12,主角逃跑,03:26,近景,CAM_ALLEY_05_ESCAPE_VECTOR,墙面擦镜,黑暗墙面快速擦过镜头，作为逃跑隐藏剪辑,环境,无表情，速度感,横向擦镜,小川沿小路深处逃向废楼方向，书包剧烈晃动，哥哥小满留在后方混乱中，路灯拖影,逃跑方向漂移、大街追车、突然变白天、追兵追到身边、哥哥小满一起跑,storyboard,B
MSB115,12,主角逃跑,03:27,中景,CAM_ALLEY_05_ESCAPE_VECTOR,路灯拖影,旧路灯在小川头顶拉成长条，像 CRT 扫描线预兆,小川/环境,呼吸乱,低位跟拍,小川沿小路深处逃向废楼方向，书包剧烈晃动，哥哥小满留在后方混乱中，路灯拖影,逃跑方向漂移、大街追车、突然变白天、追兵追到身边、哥哥小满一起跑,keyframe,A
MSB116,12,主角逃跑,03:29,中近景,CAM_ALLEY_05_ESCAPE_VECTOR,小川回头,小川边跑边短促回头，圆眼睛睁大，嘴还张着,小川,害怕确认距离,头部快速回看,小川沿小路深处逃向废楼方向，书包剧烈晃动，哥哥小满留在后方混乱中，路灯拖影,逃跑方向漂移、大街追车、突然变白天、追兵追到身边、哥哥小满一起跑,storyboard,A
MSB117,12,主角逃跑,03:31,远景,CAM_ALLEY_05_ESCAPE_VECTOR,废楼轮廓出现,小路尽头出现废楼暗入口，像唯一可逃方向,环境/小川,被迫选择,镜头前方显露入口,小川沿小路深处逃向废楼方向，书包剧烈晃动，哥哥小满留在后方混乱中，路灯拖影,逃跑方向漂移、大街追车、突然变白天、追兵追到身边、哥哥小满一起跑,storyboard,A
MSB118,12,主角逃跑,03:32,全景,CAM_ALLEY_05_ESCAPE_VECTOR,小川冲向废楼,小川朝废楼入口跑去，追兵声音留在后方,小川,逃生本能,方向锁定废楼,小川沿小路深处逃向废楼方向，书包剧烈晃动，哥哥小满留在后方混乱中，路灯拖影,逃跑方向漂移、大街追车、突然变白天、追兵追到身边、哥哥小满一起跑,end_frame,A
MSB119,12,主角逃跑,03:34,中景,CAM_ALLEY_05_ESCAPE_VECTOR,黑暗吞没,小川身影被废楼入口暗处吞进去，路灯黄留在外面,小川/环境,从现实冲突进入梦核空间,暗处过门,小川沿小路深处逃向废楼方向，书包剧烈晃动，哥哥小满留在后方混乱中，路灯拖影,逃跑方向漂移、大街追车、突然变白天、追兵追到身边、哥哥小满一起跑,keyframe,A
MSB120,13,进入废楼,03:36,远景,CAM_CORRIDOR_01_ENTRY_LONG,入口内反打,从废楼内部看小川冲进来，外面小路黄光在身后变小,小川/环境,惊恐未散,由外到内,废弃单位楼长走廊、冷绿灯管、重复门洞、消防箱、主角单独进入,医院走廊、学校走廊、酒店、鬼影怪物、追兵同框太近,start_frame,A
MSB121,13,进入废楼,03:37,中景,CAM_CORRIDOR_01_ENTRY_LONG,第一次冷绿光,冷绿灯管照到小川脸和红领巾，颜色从黄路灯切换,小川,不适应，呼吸急,停顿半拍,废弃单位楼长走廊、冷绿灯管、重复门洞、消防箱、主角单独进入,医院走廊、学校走廊、酒店、鬼影怪物、追兵同框太近,storyboard,A
MSB122,13,进入废楼,03:39,远景,CAM_CORRIDOR_01_ENTRY_LONG,走廊中轴,长走廊重复门洞和消防箱清楚，小川站在近处很小,环境/小川,孤立,中轴透视,废弃单位楼长走廊、冷绿灯管、重复门洞、消防箱、主角单独进入,医院走廊、学校走廊、酒店、鬼影怪物、追兵同框太近,keyframe,A
MSB123,13,进入废楼,03:41,全景,CAM_CORRIDOR_01_ENTRY_LONG,小川继续跑,小川沿走廊深处跑，书包晃动变小,小川,只想离开,向深处奔跑,废弃单位楼长走廊、冷绿灯管、重复门洞、消防箱、主角单独进入,医院走廊、学校走廊、酒店、鬼影怪物、追兵同框太近,storyboard,A
MSB124,13,进入废楼,03:43,特写,CAM_CORRIDOR_01_ENTRY_LONG,脚步回声,白鞋踩过湿冷地面，回声拉长,小川/道具,慌乱脚步,脚步快速不稳,废弃单位楼长走廊、冷绿灯管、重复门洞、消防箱、主角单独进入,医院走廊、学校走廊、酒店、鬼影怪物、追兵同框太近,storyboard,B
MSB125,13,进入废楼,03:44,中景,CAM_CORRIDOR_01_ENTRY_LONG,回头看入口,小川回头看入口，追兵声像被门口吞掉,小川,确认后方但更害怕,头部回看,废弃单位楼长走廊、冷绿灯管、重复门洞、消防箱、主角单独进入,医院走廊、学校走廊、酒店、鬼影怪物、追兵同框太近,storyboard,A
MSB126,13,进入废楼,03:46,近景,CAM_CORRIDOR_01_ENTRY_LONG,墙面剥落细节,发霉墙、旧标语残片、消防箱红色块，建立废楼质感,环境,无人物，现实旧物,固定细节,废弃单位楼长走廊、冷绿灯管、重复门洞、消防箱、主角单独进入,医院走廊、学校走廊、酒店、鬼影怪物、追兵同框太近,storyboard,C
MSB127,13,进入废楼,03:48,远景,CAM_CORRIDOR_01_ENTRY_LONG,小川变小,小川跑向深处，身影被重复门洞切碎,小川/环境,被空间吞没,低机位慢推,废弃单位楼长走廊、冷绿灯管、重复门洞、消防箱、主角单独进入,医院走廊、学校走廊、酒店、鬼影怪物、追兵同框太近,end_frame,A
MSB128,13,进入废楼,03:50,远景,CAM_CORRIDOR_01_ENTRY_LONG,走廊空一拍,小川刚跑出画面，走廊空着，只剩冷绿灯闪,环境,追逐声音消失,locked-off,废弃单位楼长走廊、冷绿灯管、重复门洞、消防箱、主角单独进入,医院走廊、学校走廊、酒店、鬼影怪物、追兵同框太近,storyboard,B
MSB129,14,无限走廊,03:52,低机位中景,CAM_CORRIDOR_02_LOW_TRACK,贴墙低位跟拍,镜头贴着墙面跟小川跑，墙皮近到压迫画面,小川/环境,疲惫恐惧,低位 tracking,同一废楼走廊纵深，冷绿荧光灯，重复门洞，电话亭尚未出现,大幅空间扭曲、鬼怪、换成医院学校、180度翻轴、现代电梯,start_frame,A
MSB130,14,无限走廊,03:53,中近景,CAM_CORRIDOR_02_LOW_TRACK,小川手扶墙,小川一只手扶墙，另一只手抓书包带，呼吸乱,小川,快跑不动,手擦过发霉墙,同一废楼走廊纵深，冷绿荧光灯，重复门洞，电话亭尚未出现,大幅空间扭曲、鬼怪、换成医院学校、180度翻轴、现代电梯,storyboard,A
MSB131,14,无限走廊,03:55,中景,CAM_CORRIDOR_02_LOW_TRACK,回头无追兵,小川猛回头，远处没有清晰追兵，只有灯管闪,小川,疑惑转害怕,头部快速回看,同一废楼走廊纵深，冷绿荧光灯，重复门洞，电话亭尚未出现,大幅空间扭曲、鬼怪、换成医院学校、180度翻轴、现代电梯,storyboard,A
MSB132,14,无限走廊,03:57,远景,CAM_CORRIDOR_02_LOW_TRACK,门洞重复,重复门洞看起来比上一镜更多，但结构仍真实,环境,空间变长,slow dolly in,同一废楼走廊纵深，冷绿荧光灯，重复门洞，电话亭尚未出现,大幅空间扭曲、鬼怪、换成医院学校、180度翻轴、现代电梯,keyframe,A
MSB133,14,无限走廊,03:59,特写,CAM_CORRIDOR_02_LOW_TRACK,灯管节奏,冷绿灯管闪烁，节奏慢慢接近电话铃,环境/道具,无人物，声音预兆,灯光闪动,同一废楼走廊纵深，冷绿荧光灯，重复门洞，电话亭尚未出现,大幅空间扭曲、鬼怪、换成医院学校、180度翻轴、现代电梯,storyboard,B
MSB134,14,无限走廊,04:01,中景,CAM_CORRIDOR_02_LOW_TRACK,小川停一下,小川停在走廊边，嘴张开，试图听声音,小川,追声消失后的迷茫,停住，身体仍绷,同一废楼走廊纵深，冷绿荧光灯，重复门洞，电话亭尚未出现,大幅空间扭曲、鬼怪、换成医院学校、180度翻轴、现代电梯,storyboard,A
MSB135,14,无限走廊,04:02,远景,CAM_CORRIDOR_02_LOW_TRACK,远处暗门,走廊尽头仍是暗门，没有出口，空间像循环,环境,无出口感,中轴固定,同一废楼走廊纵深，冷绿荧光灯，重复门洞，电话亭尚未出现,大幅空间扭曲、鬼怪、换成医院学校、180度翻轴、现代电梯,storyboard,B
MSB136,14,无限走廊,04:04,中远景,CAM_CORRIDOR_02_LOW_TRACK,小川继续走,小川从跑变成慢走，书包歪着，脚步变轻,小川,恐惧变成被牵引,速度减慢,同一废楼走廊纵深，冷绿荧光灯，重复门洞，电话亭尚未出现,大幅空间扭曲、鬼怪、换成医院学校、180度翻轴、现代电梯,storyboard,A
MSB137,14,无限走廊,04:06,近景,CAM_CORRIDOR_02_LOW_TRACK,铃声第一次进入,小川听到远处铃声，眼睛抬起但不知来源,小川,被声音抓住,头微抬,同一废楼走廊纵深，冷绿荧光灯，重复门洞，电话亭尚未出现,大幅空间扭曲、鬼怪、换成医院学校、180度翻轴、现代电梯,end_frame,A
MSB138,14,无限走廊,04:08,远景,CAM_CORRIDOR_02_LOW_TRACK,走廊深处微光未明,走廊深处出现极弱暖点，还不像电话亭,环境,召唤开始,远处暖光一点,同一废楼走廊纵深，冷绿荧光灯，重复门洞，电话亭尚未出现,大幅空间扭曲、鬼怪、换成医院学校、180度翻轴、现代电梯,storyboard,A
MSB139,15,远处电话亭,04:10,远景,CAM_PHONE_01_DISTANT_GLOW,暖光明确,走廊尽头暖白光变清楚，电话亭轮廓第一次可辨,电话亭/环境,无人物或小川远处,locked-off,走廊尽头旧电话亭，暖白微光对冷绿走廊，小川在远处停下,科幻设备、现代电话亭、全息屏、其他出口、电话亭移动,keyframe,A
MSB140,15,远处电话亭,04:11,远景,CAM_PHONE_01_DISTANT_GLOW,小川远处停住,小川在走廊中段停下，面对远处电话亭，比例很小,小川/电话亭,被召唤，犹豫,身体停住,走廊尽头旧电话亭，暖白微光对冷绿走廊，小川在远处停下,科幻设备、现代电话亭、全息屏、其他出口、电话亭移动,start_frame,A
MSB141,15,远处电话亭,04:13,中景,CAM_PHONE_01_DISTANT_GLOW,铃声来源,小川侧脸听铃声，眼睛看向暖光，红领巾微亮,小川,害怕但被吸引,头慢慢抬,走廊尽头旧电话亭，暖白微光对冷绿走廊，小川在远处停下,科幻设备、现代电话亭、全息屏、其他出口、电话亭移动,storyboard,A
MSB142,15,远处电话亭,04:15,远景,CAM_PHONE_01_DISTANT_GLOW,电话亭像错误物,电话亭不合理地嵌在废楼深处，但材质是旧玻璃和金属,电话亭,现实错误感,不移动，只发光,走廊尽头旧电话亭，暖白微光对冷绿走廊，小川在远处停下,科幻设备、现代电话亭、全息屏、其他出口、电话亭移动,storyboard,A
MSB143,15,远处电话亭,04:17,中远景,CAM_PHONE_01_DISTANT_GLOW,冷暖对比,冷绿走廊和暖白电话亭形成明确色块，小川夹在中间,环境/小川,临界点,构图对称,走廊尽头旧电话亭，暖白微光对冷绿走廊，小川在远处停下,科幻设备、现代电话亭、全息屏、其他出口、电话亭移动,keyframe,A
MSB144,15,远处电话亭,04:18,全景,CAM_PHONE_01_DISTANT_GLOW,小川迈出第一步,小川很慢地向电话亭方向迈一步，不是逃跑,小川,被铃声牵引,慢步向前,走廊尽头旧电话亭，暖白微光对冷绿走廊，小川在远处停下,科幻设备、现代电话亭、全息屏、其他出口、电话亭移动,storyboard,B
MSB145,15,远处电话亭,04:20,中远景,CAM_PHONE_01_DISTANT_GLOW,电话线细节远现,电话亭内旧电话和垂下电话线隐约可见,电话亭/道具,危险道具出现,微 push-in,走廊尽头旧电话亭，暖白微光对冷绿走廊，小川在远处停下,科幻设备、现代电话亭、全息屏、其他出口、电话亭移动,storyboard,B
MSB146,15,远处电话亭,04:22,远景,CAM_PHONE_01_DISTANT_GLOW,靠近前停顿,小川在电话亭前方一段距离停下，暖光照到鞋尖,小川/电话亭,最后犹豫,停顿一拍,走廊尽头旧电话亭，暖白微光对冷绿走廊，小川在远处停下,科幻设备、现代电话亭、全息屏、其他出口、电话亭移动,end_frame,A
MSB147,16,靠近电话亭,04:24,中景,CAM_PHONE_02_APPROACH_CLOSE,电话亭门框前景,电话亭门框占前景，小川从左侧黑暗靠近,小川/电话亭,紧张，被光吸引,slow dolly in,小川从左侧黑暗靠近，电话亭暖白光，红领巾、浅绿书包边缘，旧电话亭材质,主角变脸、现代电话亭、科幻屏幕、换服装、电话亭位置改变,start_frame,A
MSB148,16,靠近电话亭,04:26,近景,CAM_PHONE_02_APPROACH_CLOSE,暖光照红领巾,暖白光先照到小川红领巾和脸下半部，眼睛仍在阴影里,小川,害怕压住呼吸,慢慢前进,小川从左侧黑暗靠近，电话亭暖白光，红领巾、浅绿书包边缘，旧电话亭材质,主角变脸、现代电话亭、科幻屏幕、换服装、电话亭位置改变,storyboard,A
MSB149,16,靠近电话亭,04:28,中近景,CAM_PHONE_02_APPROACH_CLOSE,书包边缘亮起,浅绿色书包边缘被电话亭光勾出来，肩带一松一紧,小川/道具,身份锚点稳定,小步靠近,小川从左侧黑暗靠近，电话亭暖白光，红领巾、浅绿书包边缘，旧电话亭材质,主角变脸、现代电话亭、科幻屏幕、换服装、电话亭位置改变,storyboard,B
MSB150,16,靠近电话亭,04:30,近景,CAM_PHONE_02_APPROACH_CLOSE,小川看听筒,小川眼睛看向旧听筒，不看镜头，嘴唇半张,小川/电话,被听筒吸住,头微转,小川从左侧黑暗靠近，电话亭暖白光，红领巾、浅绿书包边缘，旧电话亭材质,主角变脸、现代电话亭、科幻屏幕、换服装、电话亭位置改变,storyboard,A
MSB151,16,靠近电话亭,04:32,特写,CAM_PHONE_02_APPROACH_CLOSE,伸手又缩,小川手伸向电话亭边缘又缩回一点，指尖颤,小川/道具,犹豫,伸手-停-缩,小川从左侧黑暗靠近，电话亭暖白光，红领巾、浅绿书包边缘，旧电话亭材质,主角变脸、现代电话亭、科幻屏幕、换服装、电话亭位置改变,storyboard,A
MSB152,16,靠近电话亭,04:34,中景,CAM_PHONE_02_APPROACH_CLOSE,站到电话亭前,小川站在电话亭前，小身体被暖光包住，背后仍是冷绿走廊,小川/电话亭,无处可去后的安静,停住,小川从左侧黑暗靠近，电话亭暖白光，红领巾、浅绿书包边缘，旧电话亭材质,主角变脸、现代电话亭、科幻屏幕、换服装、电话亭位置改变,keyframe,A
MSB153,16,靠近电话亭,04:36,特写,CAM_PHONE_02_APPROACH_CLOSE,铃声压迫,旧电话听筒轻微震动或铃声源头被强调，塑料旧化清楚,电话/道具,无人物，铃声逼近,固定特写,小川从左侧黑暗靠近，电话亭暖白光，红领巾、浅绿书包边缘，旧电话亭材质,主角变脸、现代电话亭、科幻屏幕、换服装、电话亭位置改变,storyboard,B
MSB154,16,靠近电话亭,04:38,中近景,CAM_PHONE_02_APPROACH_CLOSE,手准备拿起,小川手悬在听筒旁，眼泪没落，呼吸压住,小川/电话,决定不是勇敢，是被迫,手悬停,小川从左侧黑暗靠近，电话亭暖白光，红领巾、浅绿书包边缘，旧电话亭材质,主角变脸、现代电话亭、科幻屏幕、换服装、电话亭位置改变,end_frame,A
MSB155,17,接起电话,04:40,特写,CAM_PHONE_03_RECEIVER_INSERT,听筒静止,旧电话听筒安静挂着，暖白光照出塑料划痕,电话,无人物，物件压力,fixed close-up,旧电话听筒、暖白光、冷绿背景边缘、小川颤抖的手、电话线,智能手机、现代电缆、手指畸形、镜头漂移、突然科幻化,start_frame,A
MSB156,17,接起电话,04:41,特写,CAM_PHONE_03_RECEIVER_INSERT,手进入画面,小川的小手从下方进入画面，指尖犹豫,小川/电话,紧张,手慢慢靠近,旧电话听筒、暖白光、冷绿背景边缘、小川颤抖的手、电话线,智能手机、现代电缆、手指畸形、镜头漂移、突然科幻化,storyboard,A
MSB157,17,接起电话,04:42,极近景,CAM_PHONE_03_RECEIVER_INSERT,指尖碰到听筒,指尖刚碰到旧听筒，手指发僵,小川/电话,触碰恐惧,微颤,旧电话听筒、暖白光、冷绿背景边缘、小川颤抖的手、电话线,智能手机、现代电缆、手指畸形、镜头漂移、突然科幻化,storyboard,A
MSB158,17,接起电话,04:44,特写,CAM_PHONE_03_RECEIVER_INSERT,听筒离座,听筒被轻轻拿起，底座弹起，电话线开始晃,电话/小川,动作小但不可逆,向上拿起,旧电话听筒、暖白光、冷绿背景边缘、小川颤抖的手、电话线,智能手机、现代电缆、手指畸形、镜头漂移、突然科幻化,keyframe,A
MSB159,17,接起电话,04:45,近景,CAM_PHONE_03_RECEIVER_INSERT,电话线晃动,旧电话线轻轻晃，形状像之后的像素线条,电话线,无人物，转场预兆,轻摆,旧电话听筒、暖白光、冷绿背景边缘、小川颤抖的手、电话线,智能手机、现代电缆、手指畸形、镜头漂移、突然科幻化,storyboard,B
MSB160,17,接起电话,04:47,中近景,CAM_PHONE_03_RECEIVER_INSERT,听筒贴耳,小川把听筒贴近耳边，眼睛看向空处,小川,像听见不该听的东西,手停在耳边,旧电话听筒、暖白光、冷绿背景边缘、小川颤抖的手、电话线,智能手机、现代电缆、手指畸形、镜头漂移、突然科幻化,end_frame,A
MSB161,17,接起电话,04:48,近景,CAM_PHONE_03_RECEIVER_INSERT,声音进入身体,小川脸部微微僵住，暖光与冷绿在脸上分裂,小川,被系统接入,完全静止一拍,旧电话听筒、暖白光、冷绿背景边缘、小川颤抖的手、电话线,智能手机、现代电缆、手指畸形、镜头漂移、突然科幻化,keyframe,A
MSB162,18,电子化,04:50,特写,CAM_PHONE_02_APPROACH_CLOSE,电话线起扫描,电话线表面出现细微 CRT 扫描线，不是科幻电流,电话线,无人物，变化起点,线条轻闪,电话线、CRT 扫描线、主角身体轮廓、电话亭固定、走廊边缘像素化,绿色代码雨、未来城市、机器人化、突然换成3D游戏、主角离开电话亭,start_frame,A
MSB163,18,电子化,04:52,近景,CAM_PHONE_02_APPROACH_CLOSE,扫描到手腕,扫描线从听筒沿电话线到小川手腕，手仍颤,小川/电话线,惊住,不移动位置,电话线、CRT 扫描线、主角身体轮廓、电话亭固定、走廊边缘像素化,绿色代码雨、未来城市、机器人化、突然换成3D游戏、主角离开电话亭,storyboard,A
MSB164,18,电子化,04:54,近景,CAM_PHONE_02_APPROACH_CLOSE,红领巾色块化,小川红领巾边缘出现低分辨率色块，但脸仍真实,小川,恐惧凝固,像素从边缘开始,电话线、CRT 扫描线、主角身体轮廓、电话亭固定、走廊边缘像素化,绿色代码雨、未来城市、机器人化、突然换成3D游戏、主角离开电话亭,storyboard,A
MSB165,18,电子化,04:56,中近景,CAM_PHONE_02_APPROACH_CLOSE,书包变色块,浅绿色书包边缘被像素块切开，身份锚点保留,小川/书包,不明所以,身体不动,电话线、CRT 扫描线、主角身体轮廓、电话亭固定、走廊边缘像素化,绿色代码雨、未来城市、机器人化、突然换成3D游戏、主角离开电话亭,storyboard,B
MSB166,18,电子化,04:59,中景,CAM_PHONE_02_APPROACH_CLOSE,走廊边缘分裂,电话亭后方走廊墙砖和灯管边缘开始色彩错位,环境,空间被重写,locked-off,电话线、CRT 扫描线、主角身体轮廓、电话亭固定、走廊边缘像素化,绿色代码雨、未来城市、机器人化、突然换成3D游戏、主角离开电话亭,keyframe,A
MSB167,18,电子化,05:01,近景,CAM_PHONE_02_APPROACH_CLOSE,脸部半电子化,小川半张脸仍真实，半张脸被扫描线切割,小川,被吞没但仍是孩子,保持同一脸,电话线、CRT 扫描线、主角身体轮廓、电话亭固定、走廊边缘像素化,绿色代码雨、未来城市、机器人化、突然换成3D游戏、主角离开电话亭,storyboard,A
MSB168,18,电子化,05:03,远景,CAM_PHONE_02_APPROACH_CLOSE,纵深展平前,走廊纵深像纸片一样被压平，电话亭位置仍在深处,环境/电话亭,临界转换,空间压平,电话线、CRT 扫描线、主角身体轮廓、电话亭固定、走廊边缘像素化,绿色代码雨、未来城市、机器人化、突然换成3D游戏、主角离开电话亭,end_frame,A
MSB169,18,电子化,05:05,全景,CAM_PHONE_02_APPROACH_CLOSE,像素闪白,CRT 扫描线和像素块闪白，作为进入 8-bit 的隐藏剪辑,环境/小川,不可逆转场,强光但不换主题,电话线、CRT 扫描线、主角身体轮廓、电话亭固定、走廊边缘像素化,绿色代码雨、未来城市、机器人化、突然换成3D游戏、主角离开电话亭,keyframe,A
MSB170,19,进入8-bit关卡,05:08,横版远景,CAM_8BIT_01_STAGE_WIDE,横版舞台建立,废楼走廊变成像素横版舞台，电话亭在背景中右,环境/电话亭,游戏规则建立,orthographic fixed,废楼走廊展平成90年代横版清版街机，保留电话亭、墙砖、消防箱，小川像素色块,现代手游UI、3D卡通、西方街景、高清动漫、完全换场景,keyframe,A
MSB171,19,进入8-bit关卡,05:10,横版中景,CAM_8BIT_01_STAGE_WIDE,像素小川待机,像素小川站在左侧，蓝白外套、红领巾、浅绿书包色块清楚,小川像素,紧张待机，不庆祝,小幅 idle,废楼走廊展平成90年代横版清版街机，保留电话亭、墙砖、消防箱，小川像素色块,现代手游UI、3D卡通、西方街景、高清动漫、完全换场景,start_frame,A
MSB172,19,进入8-bit关卡,05:12,横版全景,CAM_8BIT_01_STAGE_WIDE,UI 初现,老街机 UI 边缘出现，血条/分数有限色盘，不遮挡角色,UI/环境,规则感,UI 静止,废楼走廊展平成90年代横版清版街机，保留电话亭、墙砖、消防箱，小川像素色块,现代手游UI、3D卡通、西方街景、高清动漫、完全换场景,storyboard,B
MSB173,19,进入8-bit关卡,05:14,横版全景,CAM_8BIT_01_STAGE_WIDE,敌人影子右侧,四个像素敌人的影子从右侧进入，轮廓差异先出现,混混像素,威胁回归,右到左入场,废楼走廊展平成90年代横版清版街机，保留电话亭、墙砖、消防箱，小川像素色块,现代手游UI、3D卡通、西方街景、高清动漫、完全换场景,storyboard,A
MSB174,19,进入8-bit关卡,05:16,横版中景,CAM_8BIT_01_STAGE_WIDE,彬子 mini-boss,短小黑夹克黄发像素敌人站在前方，腰包小色块可读,彬子像素,凶但游戏化,前压 idle,废楼走廊展平成90年代横版清版街机，保留电话亭、墙砖、消防箱，小川像素色块,现代手游UI、3D卡通、西方街景、高清动漫、完全换场景,keyframe,A
MSB175,19,进入8-bit关卡,05:18,横版中景,CAM_8BIT_01_STAGE_WIDE,高杆长条敌人,高杆像素敌人长条身形，横臂封路动作保留,高杆像素,冷压迫,横臂待机,废楼走廊展平成90年代横版清版街机，保留电话亭、墙砖、消防箱，小川像素色块,现代手游UI、3D卡通、西方街景、高清动漫、完全换场景,storyboard,B
MSB176,19,进入8-bit关卡,05:20,横版全景,CAM_8BIT_01_STAGE_WIDE,大海小齐入位,宽体块大海和抖动小齐进入队形，四人功能清楚,混混像素,敌群完整,右侧站位,废楼走廊展平成90年代横版清版街机，保留电话亭、墙砖、消防箱，小川像素色块,现代手游UI、3D卡通、西方街景、高清动漫、完全换场景,storyboard,A
MSB177,19,进入8-bit关卡,05:22,横版全景,CAM_8BIT_01_STAGE_WIDE,战斗开始前静止,像素小川左侧，四个敌人右侧，电话亭仍在背景，开战前停一拍,全体像素,不安而非快乐,全体 idle,废楼走廊展平成90年代横版清版街机，保留电话亭、墙砖、消防箱，小川像素色块,现代手游UI、3D卡通、西方街景、高清动漫、完全换场景,end_frame,A
MSB178,20,WIN / INSERT COIN,05:24,横版中景,CAM_8BIT_02_WIN_SCREEN,第一下书包旋风,像素小川用浅绿书包色块形成短促旋风，击退最近敌人,小川像素/敌人,被迫反击，不是英雄炫技,动作不超过一拍,横版固定机位，像素小川，四个敌人，书包旋风、硬币冲击波，WIN 后一秒安静，再 INSERT COIN,复杂连招、写实血腥、欢乐庆祝、现代UI、改写文字、解释结局,storyboard,A
MSB179,20,WIN / INSERT COIN,05:26,横版中景,CAM_8BIT_02_WIN_SCREEN,硬币冲击波,一枚像素硬币从小川方向弹出，形成低分辨率冲击波,小川像素/道具,游戏规则接管现实,左到右短促,横版固定机位，像素小川，四个敌人，书包旋风、硬币冲击波，WIN 后一秒安静，再 INSERT COIN,复杂连招、写实血腥、欢乐庆祝、现代UI、改写文字、解释结局,storyboard,A
MSB180,20,WIN / INSERT COIN,05:28,横版全景,CAM_8BIT_02_WIN_SCREEN,高杆被击退,高杆长条像素敌人向后滑，横臂封路姿态瓦解,高杆像素,功能被解除,右侧后退,横版固定机位，像素小川，四个敌人，书包旋风、硬币冲击波，WIN 后一秒安静，再 INSERT COIN,复杂连招、写实血腥、欢乐庆祝、现代UI、改写文字、解释结局,storyboard,B
MSB181,20,WIN / INSERT COIN,05:31,横版全景,CAM_8BIT_02_WIN_SCREEN,大海倒退,大海宽体块敌人被推回，挡路墙感消失,大海像素,压迫减弱,后退两格,横版固定机位，像素小川，四个敌人，书包旋风、硬币冲击波，WIN 后一秒安静，再 INSERT COIN,复杂连招、写实血腥、欢乐庆祝、现代UI、改写文字、解释结局,storyboard,B
MSB182,20,WIN / INSERT COIN,05:33,横版中景,CAM_8BIT_02_WIN_SCREEN,小齐闪退,小齐小像素敌人第一个慌张后跳，条纹色块抖动,小齐像素,害怕暴露,快速后跳,横版固定机位，像素小川，四个敌人，书包旋风、硬币冲击波，WIN 后一秒安静，再 INSERT COIN,复杂连招、写实血腥、欢乐庆祝、现代UI、改写文字、解释结局,storyboard,B
MSB183,20,WIN / INSERT COIN,05:35,横版中景,CAM_8BIT_02_WIN_SCREEN,彬子 mini-boss 停住,彬子像素敌人最后停住，黄发黑夹克色块仍清楚,彬子像素,不可置信,短暂停住,横版固定机位，像素小川，四个敌人，书包旋风、硬币冲击波，WIN 后一秒安静，再 INSERT COIN,复杂连招、写实血腥、欢乐庆祝、现代UI、改写文字、解释结局,keyframe,A
MSB184,20,WIN / INSERT COIN,05:38,横版全景,CAM_8BIT_02_WIN_SCREEN,清场瞬间,敌人全部消失或倒地成低分辨率闪烁，不做血腥表现,全体像素,声音抽空式胜利,画面短促闪白,横版固定机位，像素小川，四个敌人，书包旋风、硬币冲击波，WIN 后一秒安静，再 INSERT COIN,复杂连招、写实血腥、欢乐庆祝、现代UI、改写文字、解释结局,end_frame,A
MSB185,20,WIN / INSERT COIN,05:40,横版中景,CAM_8BIT_02_WIN_SCREEN,小川不庆祝,像素小川站在左中，仍是紧张待机动作，没有胜利姿势,小川像素,空白，不明白胜利,静止,横版固定机位，像素小川，四个敌人，书包旋风、硬币冲击波，WIN 后一秒安静，再 INSERT COIN,复杂连招、写实血腥、欢乐庆祝、现代UI、改写文字、解释结局,storyboard,A
MSB186,20,WIN / INSERT COIN,05:42,横版全景/UI,CAM_8BIT_02_WIN_SCREEN,WIN 居中,巨大黄色像素字 WIN 出现在画面中央，背景仍是废楼像素走廊,UI/小川,爽感被压住,UI 弹出,横版固定机位，像素小川，四个敌人，书包旋风、硬币冲击波，WIN 后一秒安静，再 INSERT COIN,复杂连招、写实血腥、欢乐庆祝、现代UI、改写文字、解释结局,keyframe,A
MSB187,20,WIN / INSERT COIN,05:45,横版全景/UI,CAM_8BIT_02_WIN_SCREEN,一秒安静,WIN 保持不动，像街机卡住一样安静，电话亭轮廓仍在背景,UI/环境,不安停顿,几乎静止,横版固定机位，像素小川，四个敌人，书包旋风、硬币冲击波，WIN 后一秒安静，再 INSERT COIN,复杂连招、写实血腥、欢乐庆祝、现代UI、改写文字、解释结局,storyboard,A
MSB188,20,WIN / INSERT COIN,05:47,横版全景/UI,CAM_8BIT_02_WIN_SCREEN,INSERT COIN 尾针,画面角落闪出 INSERT COIN，WIN 仍在，街机待机感吞掉结局,UI/环境,胜利变成循环,文字闪烁,横版固定机位，像素小川，四个敌人，书包旋风、硬币冲击波，WIN 后一秒安静，再 INSERT COIN,复杂连招、写实血腥、欢乐庆祝、现代UI、改写文字、解释结局,keyframe,A
