asset_id,pure_path,annotated_path,aspect_ratio,shot_size,subject_position,subject_action,motion_direction,camera_movement,foreground_midground_background,lighting,start_frame,end_frame,needs_middle_frame,generation_risk,fix_plan,hidden_cut_transition,annotation_density
MSB001,visual_assets/pure/micro_storyboard/B01/MSB001_v001.png,visual_assets/annotated/micro_storyboard/B01/MSB001_v001_annotated.png,16:9,远景,环境 / 潮湿地面和破自行车占前景，居民楼底层角落被压在画面右后方,空镜压低视线 / locked-off，低机位，轻微前推,locked-off，低机位，轻微前推,locked-off / very slow push-in,前景湿地/破自行车，中景门口，背景发黄居民楼,暗黄小区环境光 + 门内 CRT 蓝绿微光,no,no,"no, adjacent panels are enough",现代商铺化、入口漂移,回到 SCN_COMPOUND master 和 CAM_COMPOUND_01,CRT 微光引出三兄弟,"compact, do not cover faces/hands/key props"
MSB002,visual_assets/pure/micro_storyboard/B01/MSB002_v001.png,visual_assets/annotated/micro_storyboard/B01/MSB002_v001_annotated.png,16:9,远景,环境 / 发黄楼体、铁栏杆、晾衣绳形成遮挡，游戏机房入口几乎被墙角吞掉,居民楼像迷宫 / 镜头保持低，建筑线条压迫,镜头保持低，建筑线条压迫,locked-off / very slow push-in,前景湿地/破自行车，中景门口，背景发黄居民楼,暗黄小区环境光 + 门内 CRT 蓝绿微光,no,no,"no, adjacent panels are enough",现代商铺化、入口漂移,回到 SCN_COMPOUND master 和 CAM_COMPOUND_01,CRT 微光引出三兄弟,"compact, do not cover faces/hands/key props"
MSB003,visual_assets/pure/micro_storyboard/B01/MSB003_v001.png,visual_assets/annotated/micro_storyboard/B01/MSB003_v001_annotated.png,16:9,中远景,环境 / 一扇不起眼的门里漏出蓝绿 CRT 光，门口杂草和水渍清楚,门缝 CRT 光 / 只允许光轻闪,只允许光轻闪,locked-off / very slow push-in,前景湿地/破自行车，中景门口，背景发黄居民楼,暗黄小区环境光 + 门内 CRT 蓝绿微光,candidate,candidate,"yes, high-risk action or transition needs neighboring panels",现代商铺化、入口漂移,回到 SCN_COMPOUND master 和 CAM_COMPOUND_01,CRT 微光引出三兄弟,"compact, do not cover faces/hands/key props"
MSB004,visual_assets/pure/micro_storyboard/B01/MSB004_v001.png,visual_assets/annotated/micro_storyboard/B01/MSB004_v001_annotated.png,16:9,中景,环境 / 旧门头、卷帘门边缘、贴坏的游戏贴纸和墙皮脱落,旧招牌细节 / 固定构图，细节可读,固定构图，细节可读,locked-off / very slow push-in,前景湿地/破自行车，中景门口，背景发黄居民楼,暗黄小区环境光 + 门内 CRT 蓝绿微光,no,no,"no, adjacent panels are enough",现代商铺化、入口漂移,回到 SCN_COMPOUND master 和 CAM_COMPOUND_01,CRT 微光引出三兄弟,"compact, do not cover faces/hands/key props"
MSB005,visual_assets/pure/micro_storyboard/B01/MSB005_v001.png,visual_assets/annotated/micro_storyboard/B01/MSB005_v001_annotated.png,16:9,中远景,环境 / 楼道黑洞和游戏机房门口形成两个入口，观众不确定哪个更危险,楼道暗处 / 微 push-in,微 push-in,locked-off / very slow push-in,前景湿地/破自行车，中景门口，背景发黄居民楼,暗黄小区环境光 + 门内 CRT 蓝绿微光,no,no,"no, adjacent panels are enough",现代商铺化、入口漂移,回到 SCN_COMPOUND master 和 CAM_COMPOUND_01,CRT 微光引出三兄弟,"compact, do not cover faces/hands/key props"
MSB006,visual_assets/pure/micro_storyboard/B01/MSB006_v001.png,visual_assets/annotated/micro_storyboard/B01/MSB006_v001_annotated.png,16:9,特写,环境/道具 / 潮湿地面水洼反射出微弱 CRT 色块，旁边有碎石和烟头,CRT 反光到水面 / 低角度近景,低角度近景,locked-off / very slow push-in,前景湿地/破自行车，中景门口，背景发黄居民楼,暗黄小区环境光 + 门内 CRT 蓝绿微光,no,no,"no, adjacent panels are enough",现代商铺化、入口漂移,回到 SCN_COMPOUND master 和 CAM_COMPOUND_01,CRT 微光引出三兄弟,"compact, do not cover faces/hands/key props"
MSB007,visual_assets/pure/micro_storyboard/B01/MSB007_v001.png,visual_assets/annotated/micro_storyboard/B01/MSB007_v001_annotated.png,16:9,远景,环境 / 从院子深处看向游戏机房角落，给出三兄弟稍后进入的路线,空间方向确认 / 低位广角,低位广角,locked-off / very slow push-in,前景湿地/破自行车，中景门口，背景发黄居民楼,暗黄小区环境光 + 门内 CRT 蓝绿微光,yes,no,"yes, high-risk action or transition needs neighboring panels",现代商铺化、入口漂移,回到 SCN_COMPOUND master 和 CAM_COMPOUND_01,CRT 微光引出三兄弟,"compact, do not cover faces/hands/key props"
MSB008,visual_assets/pure/micro_storyboard/B01/MSB008_v001.png,visual_assets/annotated/micro_storyboard/B01/MSB008_v001_annotated.png,16:9,远景,环境 / 画面左后方留出空位，门口 CRT 光稳定，像在等待孩子靠近,等待人物进入 / locked-off,locked-off,locked-off / very slow push-in,前景湿地/破自行车，中景门口，背景发黄居民楼,暗黄小区环境光 + 门内 CRT 蓝绿微光,no,yes,"yes, high-risk action or transition needs neighboring panels",现代商铺化、入口漂移,回到 SCN_COMPOUND master 和 CAM_COMPOUND_01,CRT 微光引出三兄弟,"compact, do not cover faces/hands/key props"
MSB009,visual_assets/pure/micro_storyboard/B01/MSB009_v001.png,visual_assets/annotated/micro_storyboard/B01/MSB009_v001_annotated.png,16:9,全景,阿磊 / 阿磊从画面左后方先出现，双手插兜，装作熟门熟路,阿磊先进画 / 步子比弟弟大半拍,步子比弟弟大半拍,child-height tracking,前景湿地/破自行车，中景门口，背景发黄居民楼,暗黄小区环境光 + 门内 CRT 蓝绿微光,no,no,"no, adjacent panels are enough",三兄弟同款脸、站位像学生队列,回到人物 v2，强调阿磊/小川/小满姿态差异,门帘/门框遮挡切入游戏厅,"compact, do not cover faces/hands/key props"
MSB010,visual_assets/pure/micro_storyboard/B01/MSB010_v001.png,visual_assets/annotated/micro_storyboard/B01/MSB010_v001_annotated.png,16:9,全景,小川 / 小川背浅绿色塌书包跟在半步后，两手攥书包带,小川跟半步 / 肩膀缩，步子短,肩膀缩，步子短,child-height tracking,前景湿地/破自行车，中景门口，背景发黄居民楼,暗黄小区环境光 + 门内 CRT 蓝绿微光,no,no,"no, adjacent panels are enough",三兄弟同款脸、站位像学生队列,回到人物 v2，强调阿磊/小川/小满姿态差异,门帘/门框遮挡切入游戏厅,"compact, do not cover faces/hands/key props"
MSB011,visual_assets/pure/micro_storyboard/B01/MSB011_v001.png,visual_assets/annotated/micro_storyboard/B01/MSB011_v001_annotated.png,16:9,全景,小满 / 小满更小，浅色大衬衫，抓衣角，脚尖内扣地跟上,小满贴最后 / 贴着小川的路线走,贴着小川的路线走,child-height tracking,前景湿地/破自行车，中景门口，背景发黄居民楼,暗黄小区环境光 + 门内 CRT 蓝绿微光,no,no,"no, adjacent panels are enough",三兄弟同款脸、站位像学生队列,回到人物 v2，强调阿磊/小川/小满姿态差异,门帘/门框遮挡切入游戏厅,"compact, do not cover faces/hands/key props"
MSB012,visual_assets/pure/micro_storyboard/B01/MSB012_v001.png,visual_assets/annotated/micro_storyboard/B01/MSB012_v001_annotated.png,16:9,中远景,三兄弟 / 三兄弟同框，阿磊高一头，小川中间，小满明显更小,三人身高差 / 三角形站位建立,三角形站位建立,child-height tracking,前景湿地/破自行车，中景门口，背景发黄居民楼,暗黄小区环境光 + 门内 CRT 蓝绿微光,candidate,candidate,"yes, high-risk action or transition needs neighboring panels",三兄弟同款脸、站位像学生队列,回到人物 v2，强调阿磊/小川/小满姿态差异,门帘/门框遮挡切入游戏厅,"compact, do not cover faces/hands/key props"
MSB013,visual_assets/pure/micro_storyboard/B01/MSB013_v001.png,visual_assets/annotated/micro_storyboard/B01/MSB013_v001_annotated.png,16:9,中景,阿磊/小川 / 阿磊半回头催弟弟，手背蹭鼻尖，小川抬眼看他,阿磊回头催 / 轻微回头，不改变路线,轻微回头，不改变路线,child-height tracking,前景湿地/破自行车，中景门口，背景发黄居民楼,暗黄小区环境光 + 门内 CRT 蓝绿微光,no,no,"no, adjacent panels are enough",三兄弟同款脸、站位像学生队列,回到人物 v2，强调阿磊/小川/小满姿态差异,门帘/门框遮挡切入游戏厅,"compact, do not cover faces/hands/key props"
MSB014,visual_assets/pure/micro_storyboard/B01/MSB014_v001.png,visual_assets/annotated/micro_storyboard/B01/MSB014_v001_annotated.png,16:9,中景,小川 / CRT 光照到小川眼睛和红领巾，小川嘴微张,门口吸引小川 / 手仍攥书包带,手仍攥书包带,child-height tracking,前景湿地/破自行车，中景门口，背景发黄居民楼,暗黄小区环境光 + 门内 CRT 蓝绿微光,no,no,"no, adjacent panels are enough",三兄弟同款脸、站位像学生队列,回到人物 v2，强调阿磊/小川/小满姿态差异,门帘/门框遮挡切入游戏厅,"compact, do not cover faces/hands/key props"
MSB015,visual_assets/pure/micro_storyboard/B01/MSB015_v001.png,visual_assets/annotated/micro_storyboard/B01/MSB015_v001_annotated.png,16:9,中景,小满 / 小满在后面眨眼，抓衣角更紧，身体往小川背后缩,小满被光吓到 / 脚尖内扣停一下,脚尖内扣停一下,child-height tracking,前景湿地/破自行车，中景门口，背景发黄居民楼,暗黄小区环境光 + 门内 CRT 蓝绿微光,no,no,"no, adjacent panels are enough",三兄弟同款脸、站位像学生队列,回到人物 v2，强调阿磊/小川/小满姿态差异,门帘/门框遮挡切入游戏厅,"compact, do not cover faces/hands/key props"
MSB016,visual_assets/pure/micro_storyboard/B01/MSB016_v001.png,visual_assets/annotated/micro_storyboard/B01/MSB016_v001_annotated.png,16:9,中远景,三兄弟 / 三兄弟停在门口，门缝光打到鞋尖，阿磊站最前,三人到门前 / 队形稳定,队形稳定,child-height tracking,前景湿地/破自行车，中景门口，背景发黄居民楼,暗黄小区环境光 + 门内 CRT 蓝绿微光,no,yes,"yes, high-risk action or transition needs neighboring panels",三兄弟同款脸、站位像学生队列,回到人物 v2，强调阿磊/小川/小满姿态差异,门帘/门框遮挡切入游戏厅,"compact, do not cover faces/hands/key props"
MSB017,visual_assets/pure/micro_storyboard/B01/MSB017_v001.png,visual_assets/annotated/micro_storyboard/B01/MSB017_v001_annotated.png,16:9,近景,阿磊/道具 / 阿磊的手伸向脏门帘或门边，袖口磨毛清楚,阿磊伸手 / 手从口袋抽出,手从口袋抽出,child-height tracking,前景湿地/破自行车，中景门口，背景发黄居民楼,暗黄小区环境光 + 门内 CRT 蓝绿微光,no,no,"no, adjacent panels are enough",三兄弟同款脸、站位像学生队列,回到人物 v2，强调阿磊/小川/小满姿态差异,门帘/门框遮挡切入游戏厅,"compact, do not cover faces/hands/key props"
MSB018,visual_assets/pure/micro_storyboard/B01/MSB018_v001.png,visual_assets/annotated/micro_storyboard/B01/MSB018_v001_annotated.png,16:9,中景,三兄弟 / 门帘在三兄弟面前轻晃，三张不同年龄的脸被 CRT 光分层照亮,门帘前停顿 / 静止一拍,静止一拍,child-height tracking,前景湿地/破自行车，中景门口，背景发黄居民楼,暗黄小区环境光 + 门内 CRT 蓝绿微光,candidate,candidate,"yes, high-risk action or transition needs neighboring panels",三兄弟同款脸、站位像学生队列,回到人物 v2，强调阿磊/小川/小满姿态差异,门帘/门框遮挡切入游戏厅,"compact, do not cover faces/hands/key props"
MSB019,visual_assets/pure/micro_storyboard/B01/MSB019_v001.png,visual_assets/annotated/micro_storyboard/B01/MSB019_v001_annotated.png,16:9,近景,环境/道具 / 脏塑料门帘贴着镜头擦过，后面露出旧街机彩光,门帘擦镜 / 门帘晃动作为隐藏剪辑,门帘晃动作为隐藏剪辑,slow dolly-in,前景街机/门帘/按钮，中景人物，背景低天花和街机排,CRT 红蓝绿屏幕光 + 昏暗旧荧光灯,no,no,"no, adjacent panels are enough",现代电玩城、空间过宽,强化低天花、CRT、旧街机、烟雾,CRT 光 match cut 到街霸机,"compact, do not cover faces/hands/key props"
MSB020,visual_assets/pure/micro_storyboard/B01/MSB020_v001.png,visual_assets/annotated/micro_storyboard/B01/MSB020_v001_annotated.png,16:9,全景,三兄弟 / 三兄弟站在入口下方，室内低天花和两侧街机压住他们,三兄弟入口剪影 / 站位保持阿磊前、小川中、小满后,站位保持阿磊前、小川中、小满后,slow dolly-in,前景街机/门帘/按钮，中景人物，背景低天花和街机排,CRT 红蓝绿屏幕光 + 昏暗旧荧光灯,yes,no,"yes, high-risk action or transition needs neighboring panels",现代电玩城、空间过宽,强化低天花、CRT、旧街机、烟雾,CRT 光 match cut 到街霸机,"compact, do not cover faces/hands/key props"
MSB021,visual_assets/pure/micro_storyboard/B01/MSB021_v001.png,visual_assets/annotated/micro_storyboard/B01/MSB021_v001_annotated.png,16:9,中景,阿磊 / 阿磊向前迈一步，肩膀故意撑开，小川和小满还在门口,阿磊先迈入 / 向前一步后停,向前一步后停,slow dolly-in,前景街机/门帘/按钮，中景人物，背景低天花和街机排,CRT 红蓝绿屏幕光 + 昏暗旧荧光灯,no,no,"no, adjacent panels are enough",现代电玩城、空间过宽,强化低天花、CRT、旧街机、烟雾,CRT 光 match cut 到街霸机,"compact, do not cover faces/hands/key props"
MSB022,visual_assets/pure/micro_storyboard/B01/MSB022_v001.png,visual_assets/annotated/micro_storyboard/B01/MSB022_v001_annotated.png,16:9,中景,小川 / 小川侧脸被蓝绿屏幕光照亮，红领巾和书包边缘清楚,小川看屏幕 / 头部小幅转向街机,头部小幅转向街机,slow dolly-in,前景街机/门帘/按钮，中景人物，背景低天花和街机排,CRT 红蓝绿屏幕光 + 昏暗旧荧光灯,no,no,"no, adjacent panels are enough",现代电玩城、空间过宽,强化低天花、CRT、旧街机、烟雾,CRT 光 match cut 到街霸机,"compact, do not cover faces/hands/key props"
MSB023,visual_assets/pure/micro_storyboard/B01/MSB023_v001.png,visual_assets/annotated/micro_storyboard/B01/MSB023_v001_annotated.png,16:9,中景,小满 / 小满靠近小川身后，只露半个身体，看向发光屏幕,小满贴近 / 抓衣角，跟半步,抓衣角，跟半步,slow dolly-in,前景街机/门帘/按钮，中景人物，背景低天花和街机排,CRT 红蓝绿屏幕光 + 昏暗旧荧光灯,no,no,"no, adjacent panels are enough",现代电玩城、空间过宽,强化低天花、CRT、旧街机、烟雾,CRT 光 match cut 到街霸机,"compact, do not cover faces/hands/key props"
MSB024,visual_assets/pure/micro_storyboard/B01/MSB024_v001.png,visual_assets/annotated/micro_storyboard/B01/MSB024_v001_annotated.png,16:9,广角,环境 / 两排旧街机形成狭窄通道，远处有人影但不抢主体,街机排布 / slow dolly in,slow dolly in,slow dolly-in,前景街机/门帘/按钮，中景人物，背景低天花和街机排,CRT 红蓝绿屏幕光 + 昏暗旧荧光灯,candidate,candidate,"yes, high-risk action or transition needs neighboring panels",现代电玩城、空间过宽,强化低天花、CRT、旧街机、烟雾,CRT 光 match cut 到街霸机,"compact, do not cover faces/hands/key props"
MSB025,visual_assets/pure/micro_storyboard/B01/MSB025_v001.png,visual_assets/annotated/micro_storyboard/B01/MSB025_v001_annotated.png,16:9,特写,道具 / 磨损摇杆、彩色按钮、硬币槽，孩子的手和旧机器比例对比,摇杆按钮前景 / 固定近景,固定近景,slow dolly-in,前景街机/门帘/按钮，中景人物，背景低天花和街机排,CRT 红蓝绿屏幕光 + 昏暗旧荧光灯,no,no,"no, adjacent panels are enough",现代电玩城、空间过宽,强化低天花、CRT、旧街机、烟雾,CRT 光 match cut 到街霸机,"compact, do not cover faces/hands/key props"
MSB026,visual_assets/pure/micro_storyboard/B01/MSB026_v001.png,visual_assets/annotated/micro_storyboard/B01/MSB026_v001_annotated.png,16:9,中远景,环境 / 昏暗顶灯、烟雾、墙上海报和老旧天花板形成密闭感,烟雾和顶灯 / 只允许烟雾轻动,只允许烟雾轻动,slow dolly-in,前景街机/门帘/按钮，中景人物，背景低天花和街机排,CRT 红蓝绿屏幕光 + 昏暗旧荧光灯,no,no,"no, adjacent panels are enough",现代电玩城、空间过宽,强化低天花、CRT、旧街机、烟雾,CRT 光 match cut 到街霸机,"compact, do not cover faces/hands/key props"
MSB027,visual_assets/pure/micro_storyboard/B01/MSB027_v001.png,visual_assets/annotated/micro_storyboard/B01/MSB027_v001_annotated.png,16:9,全景,三兄弟 / 三人沿街机通道向里走，阿磊被机器吸引，小川跟着看，小满被拉着走,三兄弟深入 / 前进方向清楚,前进方向清楚,slow dolly-in,前景街机/门帘/按钮，中景人物，背景低天花和街机排,CRT 红蓝绿屏幕光 + 昏暗旧荧光灯,no,no,"no, adjacent panels are enough",现代电玩城、空间过宽,强化低天花、CRT、旧街机、烟雾,CRT 光 match cut 到街霸机,"compact, do not cover faces/hands/key props"
MSB028,visual_assets/pure/micro_storyboard/B01/MSB028_v001.png,visual_assets/annotated/micro_storyboard/B01/MSB028_v001_annotated.png,16:9,中远景,环境/道具 / 远处一台街头霸王机器的屏幕更亮，像目标点,街霸机远处出现 / 镜头停在机器方向,镜头停在机器方向,slow dolly-in,前景街机/门帘/按钮，中景人物，背景低天花和街机排,CRT 红蓝绿屏幕光 + 昏暗旧荧光灯,no,yes,"yes, high-risk action or transition needs neighboring panels",现代电玩城、空间过宽,强化低天花、CRT、旧街机、烟雾,CRT 光 match cut 到街霸机,"compact, do not cover faces/hands/key props"
MSB029,visual_assets/pure/micro_storyboard/B02/MSB029_v001.png,visual_assets/annotated/micro_storyboard/B02/MSB029_v001_annotated.png,16:9,中景,街机 / 街头霸王街机占画面中心，屏幕和操作台磨损清楚,街霸机正面 / 固定构图,固定构图,fixed / slight handheld,前景街机/门帘/按钮，中景人物，背景低天花和街机排,CRT 红蓝绿屏幕光 + 昏暗旧荧光灯,candidate,candidate,"yes, high-risk action or transition needs neighboring panels",街霸机不明确、人物混乱,使用街霸机和磨损按钮作为中心锚点,硬币入槽接对战,"compact, do not cover faces/hands/key props"
MSB030,visual_assets/pure/micro_storyboard/B02/MSB030_v001.png,visual_assets/annotated/micro_storyboard/B02/MSB030_v001_annotated.png,16:9,中景,阿磊 / 阿磊站到操作位，手放在摇杆旁，下巴微扬,阿磊抢到操作位 / 身体前倾，肩膀撑开,身体前倾，肩膀撑开,fixed / slight handheld,前景街机/门帘/按钮，中景人物，背景低天花和街机排,CRT 红蓝绿屏幕光 + 昏暗旧荧光灯,no,no,"no, adjacent panels are enough",街霸机不明确、人物混乱,使用街霸机和磨损按钮作为中心锚点,硬币入槽接对战,"compact, do not cover faces/hands/key props"
MSB031,visual_assets/pure/micro_storyboard/B02/MSB031_v001.png,visual_assets/annotated/micro_storyboard/B02/MSB031_v001_annotated.png,16:9,中景,小川 / 小川站在阿磊侧后，红领巾被屏幕光照亮，手还抓书包带,小川靠旁边看 / 不碰机器，只看,不碰机器，只看,fixed / slight handheld,前景街机/门帘/按钮，中景人物，背景低天花和街机排,CRT 红蓝绿屏幕光 + 昏暗旧荧光灯,no,no,"no, adjacent panels are enough",街霸机不明确、人物混乱,使用街霸机和磨损按钮作为中心锚点,硬币入槽接对战,"compact, do not cover faces/hands/key props"
MSB032,visual_assets/pure/micro_storyboard/B02/MSB032_v001.png,visual_assets/annotated/micro_storyboard/B02/MSB032_v001_annotated.png,16:9,中景,小满 / 小满只露出半张脸和浅色衬衫，躲在小川身后看屏幕,小满躲机器后 / 贴近小川,贴近小川,fixed / slight handheld,前景街机/门帘/按钮，中景人物，背景低天花和街机排,CRT 红蓝绿屏幕光 + 昏暗旧荧光灯,no,no,"no, adjacent panels are enough",街霸机不明确、人物混乱,使用街霸机和磨损按钮作为中心锚点,硬币入槽接对战,"compact, do not cover faces/hands/key props"
MSB033,visual_assets/pure/micro_storyboard/B02/MSB033_v001.png,visual_assets/annotated/micro_storyboard/B02/MSB033_v001_annotated.png,16:9,特写,阿磊/道具 / 阿磊的儿童手指放到彩色按钮上，袖口磨毛和按钮划痕同框,按钮手部 / 手开始操作前的准备,手开始操作前的准备,fixed / slight handheld,前景街机/门帘/按钮，中景人物，背景低天花和街机排,CRT 红蓝绿屏幕光 + 昏暗旧荧光灯,no,no,"no, adjacent panels are enough",街霸机不明确、人物混乱,使用街霸机和磨损按钮作为中心锚点,硬币入槽接对战,"compact, do not cover faces/hands/key props"
MSB034,visual_assets/pure/micro_storyboard/B02/MSB034_v001.png,visual_assets/annotated/micro_storyboard/B02/MSB034_v001_annotated.png,16:9,中景,彬子 / 彬子从机器另一侧进入画面，黄发梢和黑夹克先被看见,彬子进入边缘 / 下巴前顶，靠近机器,下巴前顶，靠近机器,fixed / slight handheld,前景街机/门帘/按钮，中景人物，背景低天花和街机排,CRT 红蓝绿屏幕光 + 昏暗旧荧光灯,no,no,"no, adjacent panels are enough",街霸机不明确、人物混乱,使用街霸机和磨损按钮作为中心锚点,硬币入槽接对战,"compact, do not cover faces/hands/key props"
MSB035,visual_assets/pure/micro_storyboard/B02/MSB035_v001.png,visual_assets/annotated/micro_storyboard/B02/MSB035_v001_annotated.png,16:9,中景,阿磊/彬子 / 阿磊和彬子分别站在机器两侧，屏幕在中间，身高差和气势差清楚,两侧对位 / 对战站位锁定,对战站位锁定,fixed / slight handheld,前景街机/门帘/按钮，中景人物，背景低天花和街机排,CRT 红蓝绿屏幕光 + 昏暗旧荧光灯,yes,no,"yes, high-risk action or transition needs neighboring panels",街霸机不明确、人物混乱,使用街霸机和磨损按钮作为中心锚点,硬币入槽接对战,"compact, do not cover faces/hands/key props"
MSB036,visual_assets/pure/micro_storyboard/B02/MSB036_v001.png,visual_assets/annotated/micro_storyboard/B02/MSB036_v001_annotated.png,16:9,近景,小川 / 小川看见彬子，笑意收住，眼睛从屏幕移到彬子脸上,小川反应 / 头部小幅转移,头部小幅转移,fixed / slight handheld,前景街机/门帘/按钮，中景人物，背景低天花和街机排,CRT 红蓝绿屏幕光 + 昏暗旧荧光灯,no,no,"no, adjacent panels are enough",街霸机不明确、人物混乱,使用街霸机和磨损按钮作为中心锚点,硬币入槽接对战,"compact, do not cover faces/hands/key props"
MSB037,visual_assets/pure/micro_storyboard/B02/MSB037_v001.png,visual_assets/annotated/micro_storyboard/B02/MSB037_v001_annotated.png,16:9,特写,道具 / 硬币投入街机槽，金属声和 CRT 光形成对战开始点,硬币入槽 / 手离开硬币槽,手离开硬币槽,fixed / slight handheld,前景街机/门帘/按钮，中景人物，背景低天花和街机排,CRT 红蓝绿屏幕光 + 昏暗旧荧光灯,no,yes,"yes, high-risk action or transition needs neighboring panels",街霸机不明确、人物混乱,使用街霸机和磨损按钮作为中心锚点,硬币入槽接对战,"compact, do not cover faces/hands/key props"
MSB038,visual_assets/pure/micro_storyboard/B02/MSB038_v001.png,visual_assets/annotated/micro_storyboard/B02/MSB038_v001_annotated.png,16:9,过肩中景,阿磊/彬子 / 阿磊左前景肩背、彬子右侧，街霸屏幕夹在中间,对战开局肩背 / 镜头固定在屏幕和肩背之间,镜头固定在屏幕和肩背之间,locked over-shoulder,前景街机/门帘/按钮，中景人物，背景低天花和街机排,CRT 红蓝绿屏幕光 + 昏暗旧荧光灯,yes,no,"yes, high-risk action or transition needs neighboring panels",对战变现实打斗,只拍屏幕/手/反应，禁止现实打斗,胜利红光照彬子脸,"compact, do not cover faces/hands/key props"
MSB039,visual_assets/pure/micro_storyboard/B02/MSB039_v001.png,visual_assets/annotated/micro_storyboard/B02/MSB039_v001_annotated.png,16:9,特写,阿磊/道具 / 阿磊手指在彩色按钮上快速动作，袖口磨毛明显,阿磊快速按键 / 只拍手和按钮,只拍手和按钮,locked over-shoulder,前景街机/门帘/按钮，中景人物，背景低天花和街机排,CRT 红蓝绿屏幕光 + 昏暗旧荧光灯,no,no,"no, adjacent panels are enough",对战变现实打斗,只拍屏幕/手/反应，禁止现实打斗,胜利红光照彬子脸,"compact, do not cover faces/hands/key props"
MSB040,visual_assets/pure/micro_storyboard/B02/MSB040_v001.png,visual_assets/annotated/micro_storyboard/B02/MSB040_v001_annotated.png,16:9,近景,彬子 / 彬子侧脸被 CRT 光照亮，嘴角歪，眼睛从下往上瞪,彬子挑衅侧脸 / 下巴前顶,下巴前顶,locked over-shoulder,前景街机/门帘/按钮，中景人物，背景低天花和街机排,CRT 红蓝绿屏幕光 + 昏暗旧荧光灯,no,no,"no, adjacent panels are enough",对战变现实打斗,只拍屏幕/手/反应，禁止现实打斗,胜利红光照彬子脸,"compact, do not cover faces/hands/key props"
MSB041,visual_assets/pure/micro_storyboard/B02/MSB041_v001.png,visual_assets/annotated/micro_storyboard/B02/MSB041_v001_annotated.png,16:9,近景,小川 / 小川不看屏幕，先看阿磊脸色，试图判断能不能高兴,小川看哥哥 / 攥书包带更紧,攥书包带更紧,locked over-shoulder,前景街机/门帘/按钮，中景人物，背景低天花和街机排,CRT 红蓝绿屏幕光 + 昏暗旧荧光灯,no,no,"no, adjacent panels are enough",对战变现实打斗,只拍屏幕/手/反应，禁止现实打斗,胜利红光照彬子脸,"compact, do not cover faces/hands/key props"
MSB042,visual_assets/pure/micro_storyboard/B02/MSB042_v001.png,visual_assets/annotated/micro_storyboard/B02/MSB042_v001_annotated.png,16:9,特写,街机屏幕 / 街霸屏幕出现强烈攻击闪光，不需要真实游戏版权细节,屏幕战斗闪白 / CRT 闪烁,CRT 闪烁,locked over-shoulder,前景街机/门帘/按钮，中景人物，背景低天花和街机排,CRT 红蓝绿屏幕光 + 昏暗旧荧光灯,no,no,"no, adjacent panels are enough",对战变现实打斗,只拍屏幕/手/反应，禁止现实打斗,胜利红光照彬子脸,"compact, do not cover faces/hands/key props"
MSB043,visual_assets/pure/micro_storyboard/B02/MSB043_v001.png,visual_assets/annotated/micro_storyboard/B02/MSB043_v001_annotated.png,16:9,中近景,阿磊 / 阿磊嘴角轻微上扬但不敢太明显，肩膀一抖,阿磊嘴角压不住 / 手继续操作,手继续操作,locked over-shoulder,前景街机/门帘/按钮，中景人物，背景低天花和街机排,CRT 红蓝绿屏幕光 + 昏暗旧荧光灯,no,no,"no, adjacent panels are enough",对战变现实打斗,只拍屏幕/手/反应，禁止现实打斗,胜利红光照彬子脸,"compact, do not cover faces/hands/key props"
MSB044,visual_assets/pure/micro_storyboard/B02/MSB044_v001.png,visual_assets/annotated/micro_storyboard/B02/MSB044_v001_annotated.png,16:9,中近景,彬子 / 彬子笑意消失，眨眼变少，鼻翼绷紧,彬子表情变僵 / 身体僵住,身体僵住,locked over-shoulder,前景街机/门帘/按钮，中景人物，背景低天花和街机排,CRT 红蓝绿屏幕光 + 昏暗旧荧光灯,no,no,"no, adjacent panels are enough",对战变现实打斗,只拍屏幕/手/反应，禁止现实打斗,胜利红光照彬子脸,"compact, do not cover faces/hands/key props"
MSB045,visual_assets/pure/micro_storyboard/B02/MSB045_v001.png,visual_assets/annotated/micro_storyboard/B02/MSB045_v001_annotated.png,16:9,特写,街机屏幕 / CRT 胜利画面红光爆亮，屏幕边缘反射在机身上,胜利画面亮起 / 画面闪红,画面闪红,locked over-shoulder,前景街机/门帘/按钮，中景人物，背景低天花和街机排,CRT 红蓝绿屏幕光 + 昏暗旧荧光灯,candidate,candidate,"yes, high-risk action or transition needs neighboring panels",对战变现实打斗,只拍屏幕/手/反应，禁止现实打斗,胜利红光照彬子脸,"compact, do not cover faces/hands/key props"
MSB046,visual_assets/pure/micro_storyboard/B02/MSB046_v001.png,visual_assets/annotated/micro_storyboard/B02/MSB046_v001_annotated.png,16:9,近景,彬子 / 胜利红光照到彬子脸，黄发梢和嘴角小痣清楚,红光照彬子 / 完全停住一拍,完全停住一拍,locked over-shoulder,前景街机/门帘/按钮，中景人物，背景低天花和街机排,CRT 红蓝绿屏幕光 + 昏暗旧荧光灯,candidate,candidate,"yes, high-risk action or transition needs neighboring panels",对战变现实打斗,只拍屏幕/手/反应，禁止现实打斗,胜利红光照彬子脸,"compact, do not cover faces/hands/key props"
MSB047,visual_assets/pure/micro_storyboard/B02/MSB047_v001.png,visual_assets/annotated/micro_storyboard/B02/MSB047_v001_annotated.png,16:9,中景,阿磊 / 阿磊想笑又忍住，手从按钮上离开，下巴更高,阿磊装不在乎 / 肩膀轻抖,肩膀轻抖,locked over-shoulder,前景街机/门帘/按钮，中景人物，背景低天花和街机排,CRT 红蓝绿屏幕光 + 昏暗旧荧光灯,no,no,"no, adjacent panels are enough",对战变现实打斗,只拍屏幕/手/反应，禁止现实打斗,胜利红光照彬子脸,"compact, do not cover faces/hands/key props"
MSB048,visual_assets/pure/micro_storyboard/B02/MSB048_v001.png,visual_assets/annotated/micro_storyboard/B02/MSB048_v001_annotated.png,16:9,近景,小川 / 小川看到哥哥赢，嘴角刚要笑，眼睛还看彬子反应,小川半笑 / 身体没有靠前,身体没有靠前,locked over-shoulder,前景街机/门帘/按钮，中景人物，背景低天花和街机排,CRT 红蓝绿屏幕光 + 昏暗旧荧光灯,no,no,"no, adjacent panels are enough",对战变现实打斗,只拍屏幕/手/反应，禁止现实打斗,胜利红光照彬子脸,"compact, do not cover faces/hands/key props"
MSB049,visual_assets/pure/micro_storyboard/B02/MSB049_v001.png,visual_assets/annotated/micro_storyboard/B02/MSB049_v001_annotated.png,16:9,中景,彬子/阿磊 / 彬子越过街机盯住阿磊，背景三同伙模糊出现,彬子视线钉住阿磊 / 彬子不动，只看,彬子不动，只看,locked over-shoulder,前景街机/门帘/按钮，中景人物，背景低天花和街机排,CRT 红蓝绿屏幕光 + 昏暗旧荧光灯,no,yes,"yes, high-risk action or transition needs neighboring panels",对战变现实打斗,只拍屏幕/手/反应，禁止现实打斗,胜利红光照彬子脸,"compact, do not cover faces/hands/key props"
MSB050,visual_assets/pure/micro_storyboard/B02/MSB050_v001.png,visual_assets/annotated/micro_storyboard/B02/MSB050_v001_annotated.png,16:9,近景,彬子 / 彬子脸在红光里僵住，嘴角歪笑消失，下颌咬紧,彬子脸色沉下 / 只允许眼神变化,只允许眼神变化,slow push-in,前景街机/门帘/按钮，中景人物，背景低天花和街机排,CRT 红蓝绿屏幕光 + 昏暗旧荧光灯,candidate,candidate,"yes, high-risk action or transition needs neighboring panels",四人组同质化,拉开彬子/高杆/大海/小齐轮廓,彬子眼神接离开,"compact, do not cover faces/hands/key props"
MSB051,visual_assets/pure/micro_storyboard/B02/MSB051_v001.png,visual_assets/annotated/micro_storyboard/B02/MSB051_v001_annotated.png,16:9,中景,高杆 / 高杆从背景一侧靠近，灰白夹克和长手臂先形成剪影,高杆入背景 / 慢慢站到边缘,慢慢站到边缘,slow push-in,前景街机/门帘/按钮，中景人物，背景低天花和街机排,CRT 红蓝绿屏幕光 + 昏暗旧荧光灯,no,no,"no, adjacent panels are enough",四人组同质化,拉开彬子/高杆/大海/小齐轮廓,彬子眼神接离开,"compact, do not cover faces/hands/key props"
MSB052,visual_assets/pure/micro_storyboard/B02/MSB052_v001.png,visual_assets/annotated/micro_storyboard/B02/MSB052_v001_annotated.png,16:9,中景,大海 / 大海宽身体进入背景，褪色 T 恤和宽站姿把空间堵住,大海堵住后方 / 脚站宽，抹汗,脚站宽，抹汗,slow push-in,前景街机/门帘/按钮，中景人物，背景低天花和街机排,CRT 红蓝绿屏幕光 + 昏暗旧荧光灯,no,no,"no, adjacent panels are enough",四人组同质化,拉开彬子/高杆/大海/小齐轮廓,彬子眼神接离开,"compact, do not cover faces/hands/key props"
MSB053,visual_assets/pure/micro_storyboard/B02/MSB053_v001.png,visual_assets/annotated/micro_storyboard/B02/MSB053_v001_annotated.png,16:9,中景,小齐 / 小齐本来想笑，看到彬子脸色后笑收住，手抠袖口,小齐起哄收声 / 身体前探又缩回,身体前探又缩回,slow push-in,前景街机/门帘/按钮，中景人物，背景低天花和街机排,CRT 红蓝绿屏幕光 + 昏暗旧荧光灯,no,no,"no, adjacent panels are enough",四人组同质化,拉开彬子/高杆/大海/小齐轮廓,彬子眼神接离开,"compact, do not cover faces/hands/key props"
MSB054,visual_assets/pure/micro_storyboard/B02/MSB054_v001.png,visual_assets/annotated/micro_storyboard/B02/MSB054_v001_annotated.png,16:9,中景,混混四人 / 彬子矮在前，高杆高瘦、大海宽、小齐飘在边缘，轮廓差异清楚,四人轮廓成组 / slow push-in,slow push-in,slow push-in,前景街机/门帘/按钮，中景人物，背景低天花和街机排,CRT 红蓝绿屏幕光 + 昏暗旧荧光灯,candidate,candidate,"yes, high-risk action or transition needs neighboring panels",四人组同质化,拉开彬子/高杆/大海/小齐轮廓,彬子眼神接离开,"compact, do not cover faces/hands/key props"
MSB055,visual_assets/pure/micro_storyboard/B02/MSB055_v001.png,visual_assets/annotated/micro_storyboard/B02/MSB055_v001_annotated.png,16:9,反打中景,阿磊/三兄弟 / 阿磊带着弟弟准备离开，还在压住笑意,阿磊没察觉后果 / 向门口方向转身,向门口方向转身,slow push-in,前景街机/门帘/按钮，中景人物，背景低天花和街机排,CRT 红蓝绿屏幕光 + 昏暗旧荧光灯,no,no,"no, adjacent panels are enough",四人组同质化,拉开彬子/高杆/大海/小齐轮廓,彬子眼神接离开,"compact, do not cover faces/hands/key props"
MSB056,visual_assets/pure/micro_storyboard/B02/MSB056_v001.png,visual_assets/annotated/micro_storyboard/B02/MSB056_v001_annotated.png,16:9,中近景,彬子 / 彬子盯着阿磊背影，手把腰包往上一拽,彬子看背影 / 手部动作短促,手部动作短促,slow push-in,前景街机/门帘/按钮，中景人物，背景低天花和街机排,CRT 红蓝绿屏幕光 + 昏暗旧荧光灯,no,no,"no, adjacent panels are enough",四人组同质化,拉开彬子/高杆/大海/小齐轮廓,彬子眼神接离开,"compact, do not cover faces/hands/key props"
MSB057,visual_assets/pure/micro_storyboard/B02/MSB057_v001.png,visual_assets/annotated/micro_storyboard/B02/MSB057_v001_annotated.png,16:9,中远景,混混四人/环境 / 游戏厅仍热闹，但四人组所在区域像被声音抽空,街机声变闷 / 背景人模糊不抢主体,背景人模糊不抢主体,slow push-in,前景街机/门帘/按钮，中景人物，背景低天花和街机排,CRT 红蓝绿屏幕光 + 昏暗旧荧光灯,no,yes,"yes, high-risk action or transition needs neighboring panels",四人组同质化,拉开彬子/高杆/大海/小齐轮廓,彬子眼神接离开,"compact, do not cover faces/hands/key props"
MSB058,visual_assets/pure/micro_storyboard/B03/MSB058_v001.png,visual_assets/annotated/micro_storyboard/B03/MSB058_v001_annotated.png,16:9,中远景,三兄弟 / 三兄弟从门内 CRT 彩光走进门外黄路灯，色温切换清楚,门内到门外 / 从室内到门口,从室内到门口,low tracking,前景脏台阶，中景三兄弟，背景旧门口和 CRT 漏光,昏黄路灯 + 门内 CRT 漏光,yes,no,"yes, high-risk action or transition needs neighboring panels",过早追逐或门口冲突,明确无混混追逐，只是离开过渡,暗处门口过渡到小路,"compact, do not cover faces/hands/key props"
MSB059,visual_assets/pure/micro_storyboard/B03/MSB059_v001.png,visual_assets/annotated/micro_storyboard/B03/MSB059_v001_annotated.png,16:9,中景,阿磊 / 阿磊边走边用手模仿刚才的操作，肩膀抖一下,阿磊比划胜利 / 手部比划小幅,手部比划小幅,low tracking,前景脏台阶，中景三兄弟，背景旧门口和 CRT 漏光,昏黄路灯 + 门内 CRT 漏光,no,no,"no, adjacent panels are enough",过早追逐或门口冲突,明确无混混追逐，只是离开过渡,暗处门口过渡到小路,"compact, do not cover faces/hands/key props"
MSB060,visual_assets/pure/micro_storyboard/B03/MSB060_v001.png,visual_assets/annotated/micro_storyboard/B03/MSB060_v001_annotated.png,16:9,中景,小川 / 小川偷偷学阿磊按键动作，马上又攥回书包带,小川学了一下 / 动作小而短,动作小而短,low tracking,前景脏台阶，中景三兄弟，背景旧门口和 CRT 漏光,昏黄路灯 + 门内 CRT 漏光,no,no,"no, adjacent panels are enough",过早追逐或门口冲突,明确无混混追逐，只是离开过渡,暗处门口过渡到小路,"compact, do not cover faces/hands/key props"
MSB061,visual_assets/pure/micro_storyboard/B03/MSB061_v001.png,visual_assets/annotated/micro_storyboard/B03/MSB061_v001_annotated.png,16:9,中景,小满 / 小满看小川笑才跟着笑，衣角还攥在手里,小满跟着笑 / 脚步慢半拍,脚步慢半拍,low tracking,前景脏台阶，中景三兄弟，背景旧门口和 CRT 漏光,昏黄路灯 + 门内 CRT 漏光,no,no,"no, adjacent panels are enough",过早追逐或门口冲突,明确无混混追逐，只是离开过渡,暗处门口过渡到小路,"compact, do not cover faces/hands/key props"
MSB062,visual_assets/pure/micro_storyboard/B03/MSB062_v001.png,visual_assets/annotated/micro_storyboard/B03/MSB062_v001_annotated.png,16:9,远景,环境/三兄弟 / 游戏机房门口缩在老楼角落里，三兄弟走向小路方向,门口空间回看 / 低机位跟拍,低机位跟拍,low tracking,前景脏台阶，中景三兄弟，背景旧门口和 CRT 漏光,昏黄路灯 + 门内 CRT 漏光,candidate,candidate,"yes, high-risk action or transition needs neighboring panels",过早追逐或门口冲突,明确无混混追逐，只是离开过渡,暗处门口过渡到小路,"compact, do not cover faces/hands/key props"
MSB063,visual_assets/pure/micro_storyboard/B03/MSB063_v001.png,visual_assets/annotated/micro_storyboard/B03/MSB063_v001_annotated.png,16:9,特写,环境 / 门口旧招牌和漏出的彩光逐渐留在后景，街机声远去,CRT 声远去 / 镜头被暗处遮挡,镜头被暗处遮挡,low tracking,前景脏台阶，中景三兄弟，背景旧门口和 CRT 漏光,昏黄路灯 + 门内 CRT 漏光,no,no,"no, adjacent panels are enough",过早追逐或门口冲突,明确无混混追逐，只是离开过渡,暗处门口过渡到小路,"compact, do not cover faces/hands/key props"
MSB064,visual_assets/pure/micro_storyboard/B03/MSB064_v001.png,visual_assets/annotated/micro_storyboard/B03/MSB064_v001_annotated.png,16:9,全景,三兄弟 / 阿磊保持前方，小川半步后，小满最后，队形回到初始但更放松,阿磊走在最前 / 向小路方向走,向小路方向走,low tracking,前景脏台阶，中景三兄弟，背景旧门口和 CRT 漏光,昏黄路灯 + 门内 CRT 漏光,no,no,"no, adjacent panels are enough",过早追逐或门口冲突,明确无混混追逐，只是离开过渡,暗处门口过渡到小路,"compact, do not cover faces/hands/key props"
MSB065,visual_assets/pure/micro_storyboard/B03/MSB065_v001.png,visual_assets/annotated/micro_storyboard/B03/MSB065_v001_annotated.png,16:9,中远景,三兄弟/环境 / 三兄弟走进老小区背后的暗巷入口，黄路灯把影子拉长,暗巷入口 / 影子变长,影子变长,low tracking,前景脏台阶，中景三兄弟，背景旧门口和 CRT 漏光,昏黄路灯 + 门内 CRT 漏光,no,yes,"yes, high-risk action or transition needs neighboring panels",过早追逐或门口冲突,明确无混混追逐，只是离开过渡,暗处门口过渡到小路,"compact, do not cover faces/hands/key props"
MSB066,visual_assets/pure/micro_storyboard/B03/MSB066_v001.png,visual_assets/annotated/micro_storyboard/B03/MSB066_v001_annotated.png,16:9,远景,环境 / 狭窄小路两侧围墙和杂草，远处旧路灯，路面湿而空,小路全貌 / locked-off,locked-off,stable low tracking,前景湿地/碎石/墙面，中景人物阵营，背景窄巷和旧路灯,旧路灯黄 + 远处窗光 + 湿地反光,candidate,candidate,"yes, high-risk action or transition needs neighboring panels",小路不够偏僻、石块未预埋,强化围墙、杂草、碎砖石、旧路灯和路边石块,远处阴影形成堵路,"compact, do not cover faces/hands/key props"
MSB067,visual_assets/pure/micro_storyboard/B03/MSB067_v001.png,visual_assets/annotated/micro_storyboard/B03/MSB067_v001_annotated.png,16:9,全景,三兄弟 / 三兄弟从画面左侧进入，小路深处留出危险空间,三兄弟进入小路 / 低机位 tracking,低机位 tracking,stable low tracking,前景湿地/碎石/墙面，中景人物阵营，背景窄巷和旧路灯,旧路灯黄 + 远处窗光 + 湿地反光,yes,no,"yes, high-risk action or transition needs neighboring panels",小路不够偏僻、石块未预埋,强化围墙、杂草、碎砖石、旧路灯和路边石块,远处阴影形成堵路,"compact, do not cover faces/hands/key props"
MSB068,visual_assets/pure/micro_storyboard/B03/MSB068_v001.png,visual_assets/annotated/micro_storyboard/B03/MSB068_v001_annotated.png,16:9,中景,阿磊/小川 / 阿磊边走边比划摇杆，小川抬头认真听,阿磊继续讲赢法 / 向前走，手比划,向前走，手比划,stable low tracking,前景湿地/碎石/墙面，中景人物阵营，背景窄巷和旧路灯,旧路灯黄 + 远处窗光 + 湿地反光,no,no,"no, adjacent panels are enough",小路不够偏僻、石块未预埋,强化围墙、杂草、碎砖石、旧路灯和路边石块,远处阴影形成堵路,"compact, do not cover faces/hands/key props"
MSB069,visual_assets/pure/micro_storyboard/B03/MSB069_v001.png,visual_assets/annotated/micro_storyboard/B03/MSB069_v001_annotated.png,16:9,中景,小满 / 小满落后半步，脚尖内扣，努力跟上哥哥节奏,小满跟不上 / 小跑两步追上,小跑两步追上,stable low tracking,前景湿地/碎石/墙面，中景人物阵营，背景窄巷和旧路灯,旧路灯黄 + 远处窗光 + 湿地反光,no,no,"no, adjacent panels are enough",小路不够偏僻、石块未预埋,强化围墙、杂草、碎砖石、旧路灯和路边石块,远处阴影形成堵路,"compact, do not cover faces/hands/key props"
MSB070,visual_assets/pure/micro_storyboard/B03/MSB070_v001.png,visual_assets/annotated/micro_storyboard/B03/MSB070_v001_annotated.png,16:9,特写,道具/环境 / 路边碎砖石和一块普通石块在画面角落出现，不被强调成武器,路边碎石第一次出现 / 固定低角度,固定低角度,stable low tracking,前景湿地/碎石/墙面，中景人物阵营，背景窄巷和旧路灯,旧路灯黄 + 远处窗光 + 湿地反光,no,no,"no, adjacent panels are enough",小路不够偏僻、石块未预埋,强化围墙、杂草、碎砖石、旧路灯和路边石块,远处阴影形成堵路,"compact, do not cover faces/hands/key props"
MSB071,visual_assets/pure/micro_storyboard/B03/MSB071_v001.png,visual_assets/annotated/micro_storyboard/B03/MSB071_v001_annotated.png,16:9,中景,小川/道具 / 小川从石块旁走过，完全没注意，书包甩过前景,小川经过石块 / 石块作为环境锚点,石块作为环境锚点,stable low tracking,前景湿地/碎石/墙面，中景人物阵营，背景窄巷和旧路灯,旧路灯黄 + 远处窗光 + 湿地反光,no,no,"no, adjacent panels are enough",小路不够偏僻、石块未预埋,强化围墙、杂草、碎砖石、旧路灯和路边石块,远处阴影形成堵路,"compact, do not cover faces/hands/key props"
MSB072,visual_assets/pure/micro_storyboard/B03/MSB072_v001.png,visual_assets/annotated/micro_storyboard/B03/MSB072_v001_annotated.png,16:9,远景,混混远影/三兄弟 / 小路前方灯下出现几个人影，三兄弟还未完全意识到,远处阴影 / 人物在远处不清晰,人物在远处不清晰,stable low tracking,前景湿地/碎石/墙面，中景人物阵营，背景窄巷和旧路灯,旧路灯黄 + 远处窗光 + 湿地反光,no,no,"no, adjacent panels are enough",小路不够偏僻、石块未预埋,强化围墙、杂草、碎砖石、旧路灯和路边石块,远处阴影形成堵路,"compact, do not cover faces/hands/key props"
MSB073,visual_assets/pure/micro_storyboard/B03/MSB073_v001.png,visual_assets/annotated/micro_storyboard/B03/MSB073_v001_annotated.png,16:9,中景,阿磊 / 阿磊的比划停住，身体略挡到小川前面,阿磊脚步变慢 / 步子慢下来,步子慢下来,stable low tracking,前景湿地/碎石/墙面，中景人物阵营，背景窄巷和旧路灯,旧路灯黄 + 远处窗光 + 湿地反光,no,no,"no, adjacent panels are enough",小路不够偏僻、石块未预埋,强化围墙、杂草、碎砖石、旧路灯和路边石块,远处阴影形成堵路,"compact, do not cover faces/hands/key props"
MSB074,visual_assets/pure/micro_storyboard/B03/MSB074_v001.png,visual_assets/annotated/micro_storyboard/B03/MSB074_v001_annotated.png,16:9,近景,小川 / 小川不看前方，先看阿磊脸色，笑收住,小川看哥哥表情 / 头转向阿磊,头转向阿磊,stable low tracking,前景湿地/碎石/墙面，中景人物阵营，背景窄巷和旧路灯,旧路灯黄 + 远处窗光 + 湿地反光,no,no,"no, adjacent panels are enough",小路不够偏僻、石块未预埋,强化围墙、杂草、碎砖石、旧路灯和路边石块,远处阴影形成堵路,"compact, do not cover faces/hands/key props"
MSB075,visual_assets/pure/micro_storyboard/B03/MSB075_v001.png,visual_assets/annotated/micro_storyboard/B03/MSB075_v001_annotated.png,16:9,全景,三兄弟/环境 / 三兄弟停住，前方阴影更清楚，后方路变暗,三人停在小路中段 / 左右空间锁定,左右空间锁定,stable low tracking,前景湿地/碎石/墙面，中景人物阵营，背景窄巷和旧路灯,旧路灯黄 + 远处窗光 + 湿地反光,no,yes,"yes, high-risk action or transition needs neighboring panels",小路不够偏僻、石块未预埋,强化围墙、杂草、碎砖石、旧路灯和路边石块,远处阴影形成堵路,"compact, do not cover faces/hands/key props"
MSB076,visual_assets/pure/micro_storyboard/B03/MSB076_v001.png,visual_assets/annotated/micro_storyboard/B03/MSB076_v001_annotated.png,16:9,全景,混混四人 / 彬子带三人从小路前方堵住去路，四人剪影差异明显,混混四人亮相 / locked-off,locked-off,"locked-off, no axis flip",前景湿地/碎石/墙面，中景人物阵营，背景窄巷和旧路灯,旧路灯黄 + 远处窗光 + 湿地反光,candidate,candidate,"yes, high-risk action or transition needs neighboring panels",左右阵营反转、立刻开打,锁三兄弟左/近侧，混混右/远侧，不翻轴,彬子向前半步接围堵,"compact, do not cover faces/hands/key props"
MSB077,visual_assets/pure/micro_storyboard/B03/MSB077_v001.png,visual_assets/annotated/micro_storyboard/B03/MSB077_v001_annotated.png,16:9,中景,彬子 / 彬子短小身形向前压，下巴顶出，手拽腰包,彬子向前半步 / 向前半步后停,向前半步后停,"locked-off, no axis flip",前景湿地/碎石/墙面，中景人物阵营，背景窄巷和旧路灯,旧路灯黄 + 远处窗光 + 湿地反光,no,no,"no, adjacent panels are enough",左右阵营反转、立刻开打,锁三兄弟左/近侧，混混右/远侧，不翻轴,彬子向前半步接围堵,"compact, do not cover faces/hands/key props"
MSB078,visual_assets/pure/micro_storyboard/B03/MSB078_v001.png,visual_assets/annotated/micro_storyboard/B03/MSB078_v001_annotated.png,16:9,中景,高杆 / 高杆站在路边，长手臂横住墙边空隙,高杆封侧路 / 横臂封路,横臂封路,"locked-off, no axis flip",前景湿地/碎石/墙面，中景人物阵营，背景窄巷和旧路灯,旧路灯黄 + 远处窗光 + 湿地反光,no,no,"no, adjacent panels are enough",左右阵营反转、立刻开打,锁三兄弟左/近侧，混混右/远侧，不翻轴,彬子向前半步接围堵,"compact, do not cover faces/hands/key props"
MSB079,visual_assets/pure/micro_storyboard/B03/MSB079_v001.png,visual_assets/annotated/micro_storyboard/B03/MSB079_v001_annotated.png,16:9,中景,大海 / 大海宽脚站在路中，褪色 T 恤汗湿领口，身体像墙,大海堵中线 / 宽站姿不动,宽站姿不动,"locked-off, no axis flip",前景湿地/碎石/墙面，中景人物阵营，背景窄巷和旧路灯,旧路灯黄 + 远处窗光 + 湿地反光,no,no,"no, adjacent panels are enough",左右阵营反转、立刻开打,锁三兄弟左/近侧，混混右/远侧，不翻轴,彬子向前半步接围堵,"compact, do not cover faces/hands/key props"
MSB080,visual_assets/pure/micro_storyboard/B03/MSB080_v001.png,visual_assets/annotated/micro_storyboard/B03/MSB080_v001_annotated.png,16:9,中景,小齐 / 小齐在边缘前探，嘴角快笑，手还抠袖口,小齐起哄 / 换重心,换重心,"locked-off, no axis flip",前景湿地/碎石/墙面，中景人物阵营，背景窄巷和旧路灯,旧路灯黄 + 远处窗光 + 湿地反光,no,no,"no, adjacent panels are enough",左右阵营反转、立刻开打,锁三兄弟左/近侧，混混右/远侧，不翻轴,彬子向前半步接围堵,"compact, do not cover faces/hands/key props"
MSB081,visual_assets/pure/micro_storyboard/B03/MSB081_v001.png,visual_assets/annotated/micro_storyboard/B03/MSB081_v001_annotated.png,16:9,全景,阿磊/三兄弟 / 阿磊迈到小川和小满前面，三兄弟左侧队形收紧,阿磊挡弟弟 / 身体挡前,身体挡前,"locked-off, no axis flip",前景湿地/碎石/墙面，中景人物阵营，背景窄巷和旧路灯,旧路灯黄 + 远处窗光 + 湿地反光,candidate,candidate,"yes, high-risk action or transition needs neighboring panels",左右阵营反转、立刻开打,锁三兄弟左/近侧，混混右/远侧，不翻轴,彬子向前半步接围堵,"compact, do not cover faces/hands/key props"
MSB082,visual_assets/pure/micro_storyboard/B03/MSB082_v001.png,visual_assets/annotated/micro_storyboard/B03/MSB082_v001_annotated.png,16:9,中景,小川 / 小川站在阿磊背后半个身位，眼睛越过哥哥看彬子,小川被遮住半个 / 攥书包带,攥书包带,"locked-off, no axis flip",前景湿地/碎石/墙面，中景人物阵营，背景窄巷和旧路灯,旧路灯黄 + 远处窗光 + 湿地反光,no,no,"no, adjacent panels are enough",左右阵营反转、立刻开打,锁三兄弟左/近侧，混混右/远侧，不翻轴,彬子向前半步接围堵,"compact, do not cover faces/hands/key props"
MSB083,visual_assets/pure/micro_storyboard/B03/MSB083_v001.png,visual_assets/annotated/micro_storyboard/B03/MSB083_v001_annotated.png,16:9,中景,小满 / 小满退到墙边，抓衣角，脚尖内扣，不知道该跑还是站,小满靠墙 / 僵住,僵住,"locked-off, no axis flip",前景湿地/碎石/墙面，中景人物阵营，背景窄巷和旧路灯,旧路灯黄 + 远处窗光 + 湿地反光,no,no,"no, adjacent panels are enough",左右阵营反转、立刻开打,锁三兄弟左/近侧，混混右/远侧，不翻轴,彬子向前半步接围堵,"compact, do not cover faces/hands/key props"
MSB084,visual_assets/pure/micro_storyboard/B03/MSB084_v001.png,visual_assets/annotated/micro_storyboard/B03/MSB084_v001_annotated.png,16:9,远景,全体 / 小路像被两组人堵成死巷，三兄弟后方也变暗,双方空间关系 / 不翻轴,不翻轴,"locked-off, no axis flip",前景湿地/碎石/墙面，中景人物阵营，背景窄巷和旧路灯,旧路灯黄 + 远处窗光 + 湿地反光,no,no,"no, adjacent panels are enough",左右阵营反转、立刻开打,锁三兄弟左/近侧，混混右/远侧，不翻轴,彬子向前半步接围堵,"compact, do not cover faces/hands/key props"
MSB085,visual_assets/pure/micro_storyboard/B03/MSB085_v001.png,visual_assets/annotated/micro_storyboard/B03/MSB085_v001_annotated.png,16:9,近景,彬子/阿磊 / 彬子越过小路盯住阿磊，旧街机红光记忆从脸上隐约回响,彬子盯阿磊 / 眼神锁定,眼神锁定,"locked-off, no axis flip",前景湿地/碎石/墙面，中景人物阵营，背景窄巷和旧路灯,旧路灯黄 + 远处窗光 + 湿地反光,no,yes,"yes, high-risk action or transition needs neighboring panels",左右阵营反转、立刻开打,锁三兄弟左/近侧，混混右/远侧，不翻轴,彬子向前半步接围堵,"compact, do not cover faces/hands/key props"
MSB086,visual_assets/pure/micro_storyboard/B04/MSB086_v001.png,visual_assets/annotated/micro_storyboard/B04/MSB086_v001_annotated.png,16:9,全景,阿磊/混混四人 / 混混四人从半圆收拢，阿磊被挤到画面中心,四人收拢 / 向中心挤压,向中心挤压,"low handheld, small shake",前景湿地/碎石/墙面，中景人物阵营，背景窄巷和旧路灯,旧路灯黄 + 远处窗光 + 湿地反光,yes,no,"yes, high-risk action or transition needs neighboring panels",复杂武打、血腥、英雄化,拆成围住、推搡、失衡，避免连续武打,小川视线下坠接石块,"compact, do not cover faces/hands/key props"
MSB087,visual_assets/pure/micro_storyboard/B04/MSB087_v001.png,visual_assets/annotated/micro_storyboard/B04/MSB087_v001_annotated.png,16:9,中景,阿磊 / 阿磊下巴抬着说话，手却从口袋里抽出来挡在身前,阿磊还嘴 / 后退半步,后退半步,"low handheld, small shake",前景湿地/碎石/墙面，中景人物阵营，背景窄巷和旧路灯,旧路灯黄 + 远处窗光 + 湿地反光,no,no,"yes, high-risk action or transition needs neighboring panels",复杂武打、血腥、英雄化,拆成围住、推搡、失衡，避免连续武打,小川视线下坠接石块,"compact, do not cover faces/hands/key props"
MSB088,visual_assets/pure/micro_storyboard/B04/MSB088_v001.png,visual_assets/annotated/micro_storyboard/B04/MSB088_v001_annotated.png,16:9,中景,高杆/阿磊 / 高杆长手臂挡住阿磊侧后，灰白袖子像横杠,高杆封退路 / 横臂不大动,横臂不大动,"low handheld, small shake",前景湿地/碎石/墙面，中景人物阵营，背景窄巷和旧路灯,旧路灯黄 + 远处窗光 + 湿地反光,no,no,"yes, high-risk action or transition needs neighboring panels",复杂武打、血腥、英雄化,拆成围住、推搡、失衡，避免连续武打,小川视线下坠接石块,"compact, do not cover faces/hands/key props"
MSB089,visual_assets/pure/micro_storyboard/B04/MSB089_v001.png,visual_assets/annotated/micro_storyboard/B04/MSB089_v001_annotated.png,16:9,中景,大海/阿磊 / 大海用肩膀和身体把空间压小，不做漂亮拳脚,大海肩膀顶近 / 身体前压,身体前压,"low handheld, small shake",前景湿地/碎石/墙面，中景人物阵营，背景窄巷和旧路灯,旧路灯黄 + 远处窗光 + 湿地反光,no,no,"yes, high-risk action or transition needs neighboring panels",复杂武打、血腥、英雄化,拆成围住、推搡、失衡，避免连续武打,小川视线下坠接石块,"compact, do not cover faces/hands/key props"
MSB090,visual_assets/pure/micro_storyboard/B04/MSB090_v001.png,visual_assets/annotated/micro_storyboard/B04/MSB090_v001_annotated.png,16:9,中景,小齐 / 小齐在边上起哄，身体前探但脚随时想退,小齐起哄边退 / 换重心,换重心,"low handheld, small shake",前景湿地/碎石/墙面，中景人物阵营，背景窄巷和旧路灯,旧路灯黄 + 远处窗光 + 湿地反光,no,no,"yes, high-risk action or transition needs neighboring panels",复杂武打、血腥、英雄化,拆成围住、推搡、失衡，避免连续武打,小川视线下坠接石块,"compact, do not cover faces/hands/key props"
MSB091,visual_assets/pure/micro_storyboard/B04/MSB091_v001.png,visual_assets/annotated/micro_storyboard/B04/MSB091_v001_annotated.png,16:9,近景,彬子/阿磊 / 彬子站到阿磊面前，短脖子前压，嘴角歪,彬子靠近阿磊 / 下巴顶人,下巴顶人,"low handheld, small shake",前景湿地/碎石/墙面，中景人物阵营，背景窄巷和旧路灯,旧路灯黄 + 远处窗光 + 湿地反光,no,no,"yes, high-risk action or transition needs neighboring panels",复杂武打、血腥、英雄化,拆成围住、推搡、失衡，避免连续武打,小川视线下坠接石块,"compact, do not cover faces/hands/key props"
MSB092,visual_assets/pure/micro_storyboard/B04/MSB092_v001.png,visual_assets/annotated/micro_storyboard/B04/MSB092_v001_annotated.png,16:9,中景,阿磊 / 阿磊被推得肩膀一歪，仍想站稳,第一次推搡 / 身体失衡但没倒,身体失衡但没倒,"low handheld, small shake",前景湿地/碎石/墙面，中景人物阵营，背景窄巷和旧路灯,旧路灯黄 + 远处窗光 + 湿地反光,no,no,"yes, high-risk action or transition needs neighboring panels",复杂武打、血腥、英雄化,拆成围住、推搡、失衡，避免连续武打,小川视线下坠接石块,"compact, do not cover faces/hands/key props"
MSB093,visual_assets/pure/micro_storyboard/B04/MSB093_v001.png,visual_assets/annotated/micro_storyboard/B04/MSB093_v001_annotated.png,16:9,中景,小川 / 小川站在侧面，双手攥书包带，眼睛在哥哥和彬子之间跳,小川侧面僵住 / 身体收紧,身体收紧,"low handheld, small shake",前景湿地/碎石/墙面，中景人物阵营，背景窄巷和旧路灯,旧路灯黄 + 远处窗光 + 湿地反光,candidate,candidate,"yes, high-risk action or transition needs neighboring panels",复杂武打、血腥、英雄化,拆成围住、推搡、失衡，避免连续武打,小川视线下坠接石块,"compact, do not cover faces/hands/key props"
MSB094,visual_assets/pure/micro_storyboard/B04/MSB094_v001.png,visual_assets/annotated/micro_storyboard/B04/MSB094_v001_annotated.png,16:9,中景,小满 / 小满靠墙，嘴角下压，抓衣角，不哭也不喊,小满完全不动 / 脚尖内扣，冻结,脚尖内扣，冻结,"low handheld, small shake",前景湿地/碎石/墙面，中景人物阵营，背景窄巷和旧路灯,旧路灯黄 + 远处窗光 + 湿地反光,no,no,"yes, high-risk action or transition needs neighboring panels",复杂武打、血腥、英雄化,拆成围住、推搡、失衡，避免连续武打,小川视线下坠接石块,"compact, do not cover faces/hands/key props"
MSB095,visual_assets/pure/micro_storyboard/B04/MSB095_v001.png,visual_assets/annotated/micro_storyboard/B04/MSB095_v001_annotated.png,16:9,低机位中景,阿磊/混混 / 阿磊被推到更低位置，混混身体变成画面边框,哥哥失衡低位 / 手持轻晃后停,手持轻晃后停,"low handheld, small shake",前景湿地/碎石/墙面，中景人物阵营，背景窄巷和旧路灯,旧路灯黄 + 远处窗光 + 湿地反光,candidate,candidate,"yes, high-risk action or transition needs neighboring panels",复杂武打、血腥、英雄化,拆成围住、推搡、失衡，避免连续武打,小川视线下坠接石块,"compact, do not cover faces/hands/key props"
MSB096,visual_assets/pure/micro_storyboard/B04/MSB096_v001.png,visual_assets/annotated/micro_storyboard/B04/MSB096_v001_annotated.png,16:9,中近景,彬子 / 彬子表情变空，手臂或身体准备进一步动作，但不展示暴力细节,彬子准备下狠手 / 动作停在准备阶段,动作停在准备阶段,"low handheld, small shake",前景湿地/碎石/墙面，中景人物阵营，背景窄巷和旧路灯,旧路灯黄 + 远处窗光 + 湿地反光,no,yes,"yes, high-risk action or transition needs neighboring panels",复杂武打、血腥、英雄化,拆成围住、推搡、失衡，避免连续武打,小川视线下坠接石块,"compact, do not cover faces/hands/key props"
MSB097,visual_assets/pure/micro_storyboard/B04/MSB097_v001.png,visual_assets/annotated/micro_storyboard/B04/MSB097_v001_annotated.png,16:9,近景,小川 / 小川看到彬子的准备动作，脸僵住，眼神即将落向地面,小川视线下坠前 / 头部开始下移,头部开始下移,"low handheld, small shake",前景湿地/碎石/墙面，中景人物阵营，背景窄巷和旧路灯,旧路灯黄 + 远处窗光 + 湿地反光,no,no,"yes, high-risk action or transition needs neighboring panels",复杂武打、血腥、英雄化,拆成围住、推搡、失衡，避免连续武打,小川视线下坠接石块,"compact, do not cover faces/hands/key props"
MSB098,visual_assets/pure/micro_storyboard/B04/MSB098_v001.png,visual_assets/annotated/micro_storyboard/B04/MSB098_v001_annotated.png,16:9,特写,石块/环境 / 路边普通石块在湿地边缘，旁边碎砖和杂草说明它属于环境,石块再出现 / 固定低角度,固定低角度,brief handheld then locked-off,前景湿地/碎石/墙面，中景人物阵营，背景窄巷和旧路灯,旧路灯黄 + 远处窗光 + 湿地反光,no,no,"yes, high-risk action or transition needs neighboring panels",血腥特写、石块武器化,用前景遮挡冲击，只表现慌乱和冻结,声音抽空和红黄停顿接逃跑,"compact, do not cover faces/hands/key props"
MSB099,visual_assets/pure/micro_storyboard/B04/MSB099_v001.png,visual_assets/annotated/micro_storyboard/B04/MSB099_v001_annotated.png,16:9,近景,小川 / 小川眼神从哥哥和彬子之间突然落到地面石块,小川眼神落下 / 只有眼神变化,只有眼神变化,brief handheld then locked-off,前景湿地/碎石/墙面，中景人物阵营，背景窄巷和旧路灯,旧路灯黄 + 远处窗光 + 湿地反光,no,no,"yes, high-risk action or transition needs neighboring panels",血腥特写、石块武器化,用前景遮挡冲击，只表现慌乱和冻结,声音抽空和红黄停顿接逃跑,"compact, do not cover faces/hands/key props"
MSB100,visual_assets/pure/micro_storyboard/B04/MSB100_v001.png,visual_assets/annotated/micro_storyboard/B04/MSB100_v001_annotated.png,16:9,特写,小川 / 小川一只手从书包带上松开，指节发白,手松开书包带 / 手部松开,手部松开,brief handheld then locked-off,前景湿地/碎石/墙面，中景人物阵营，背景窄巷和旧路灯,旧路灯黄 + 远处窗光 + 湿地反光,no,no,"yes, high-risk action or transition needs neighboring panels",血腥特写、石块武器化,用前景遮挡冲击，只表现慌乱和冻结,声音抽空和红黄停顿接逃跑,"compact, do not cover faces/hands/key props"
MSB101,visual_assets/pure/micro_storyboard/B04/MSB101_v001.png,visual_assets/annotated/micro_storyboard/B04/MSB101_v001_annotated.png,16:9,中景,小川 / 小川身体歪斜向下，不是漂亮下蹲，书包失去平衡,弯身动作开始 / 身体向下折,身体向下折,brief handheld then locked-off,前景湿地/碎石/墙面，中景人物阵营，背景窄巷和旧路灯,旧路灯黄 + 远处窗光 + 湿地反光,no,no,"yes, high-risk action or transition needs neighboring panels",血腥特写、石块武器化,用前景遮挡冲击，只表现慌乱和冻结,声音抽空和红黄停顿接逃跑,"compact, do not cover faces/hands/key props"
MSB102,visual_assets/pure/micro_storyboard/B04/MSB102_v001.png,visual_assets/annotated/micro_storyboard/B04/MSB102_v001_annotated.png,16:9,特写,小川/石块 / 小川的手碰到湿石块，泥水和小手比例清楚,手碰到石块 / 手抓住石块,手抓住石块,brief handheld then locked-off,前景湿地/碎石/墙面，中景人物阵营，背景窄巷和旧路灯,旧路灯黄 + 远处窗光 + 湿地反光,candidate,candidate,"yes, high-risk action or transition needs neighboring panels",血腥特写、石块武器化,用前景遮挡冲击，只表现慌乱和冻结,声音抽空和红黄停顿接逃跑,"compact, do not cover faces/hands/key props"
MSB103,visual_assets/pure/micro_storyboard/B04/MSB103_v001.png,visual_assets/annotated/micro_storyboard/B04/MSB103_v001_annotated.png,16:9,中景,彬子/阿磊/小川 / 彬子准备动作继续靠近阿磊，画面边缘小川弯身,彬子动作逼近 / 两条动作线并置,两条动作线并置,brief handheld then locked-off,前景湿地/碎石/墙面，中景人物阵营，背景窄巷和旧路灯,旧路灯黄 + 远处窗光 + 湿地反光,no,no,"yes, high-risk action or transition needs neighboring panels",血腥特写、石块武器化,用前景遮挡冲击，只表现慌乱和冻结,声音抽空和红黄停顿接逃跑,"compact, do not cover faces/hands/key props"
MSB104,visual_assets/pure/micro_storyboard/B04/MSB104_v001.png,visual_assets/annotated/micro_storyboard/B04/MSB104_v001_annotated.png,16:9,中景,小川 / 小川抓着石块猛地起身，身体歪，动作短促混乱,小川起身甩动 / 起身+甩动合一,起身+甩动合一,brief handheld then locked-off,前景湿地/碎石/墙面，中景人物阵营，背景窄巷和旧路灯,旧路灯黄 + 远处窗光 + 湿地反光,no,no,"yes, high-risk action or transition needs neighboring panels",血腥特写、石块武器化,用前景遮挡冲击，只表现慌乱和冻结,声音抽空和红黄停顿接逃跑,"compact, do not cover faces/hands/key props"
MSB105,visual_assets/pure/micro_storyboard/B04/MSB105_v001.png,visual_assets/annotated/micro_storyboard/B04/MSB105_v001_annotated.png,16:9,中景,全体 / 前景人影或路灯柱遮住冲击瞬间，只看到众人身体突然停住,遮挡冲击瞬间 / 动作后突然 locked-off,动作后突然 locked-off,brief handheld then locked-off,前景湿地/碎石/墙面，中景人物阵营，背景窄巷和旧路灯,旧路灯黄 + 远处窗光 + 湿地反光,no,yes,"yes, high-risk action or transition needs neighboring panels",血腥特写、石块武器化,用前景遮挡冲击，只表现慌乱和冻结,声音抽空和红黄停顿接逃跑,"compact, do not cover faces/hands/key props"
MSB106,visual_assets/pure/micro_storyboard/B04/MSB106_v001.png,visual_assets/annotated/micro_storyboard/B04/MSB106_v001_annotated.png,16:9,近景,彬子 / 彬子不做血腥表现，只拍脸上不可置信和失去凶相的空白,彬子不可置信 / 停住不动,停住不动,brief handheld then locked-off,前景湿地/碎石/墙面，中景人物阵营，背景窄巷和旧路灯,旧路灯黄 + 远处窗光 + 湿地反光,candidate,candidate,"yes, high-risk action or transition needs neighboring panels",血腥特写、石块武器化,用前景遮挡冲击，只表现慌乱和冻结,声音抽空和红黄停顿接逃跑,"compact, do not cover faces/hands/key props"
MSB107,visual_assets/pure/micro_storyboard/B04/MSB107_v001.png,visual_assets/annotated/micro_storyboard/B04/MSB107_v001_annotated.png,16:9,近景,小川 / 小川手还悬着，嘴张开但发不出声，浅绿书包歪到一边,小川失声 / 冻结一拍,冻结一拍,brief handheld then locked-off,前景湿地/碎石/墙面，中景人物阵营，背景窄巷和旧路灯,旧路灯黄 + 远处窗光 + 湿地反光,candidate,candidate,"yes, high-risk action or transition needs neighboring panels",血腥特写、石块武器化,用前景遮挡冲击，只表现慌乱和冻结,声音抽空和红黄停顿接逃跑,"compact, do not cover faces/hands/key props"
MSB108,visual_assets/pure/micro_storyboard/B04/MSB108_v001.png,visual_assets/annotated/micro_storyboard/B04/MSB108_v001_annotated.png,16:9,中景,小川 / 小川从冻结中突然歪出去，脚步不是标准起跑,冻结后的第一步 / 身体先歪，脚才跟上,身体先歪，脚才跟上,low handheld tracking,前景湿地/碎石/墙面，中景人物阵营，背景窄巷和旧路灯,旧路灯黄 + 远处窗光 + 湿地反光,yes,no,"yes, high-risk action or transition needs neighboring panels",逃跑方向漂移、追兵贴太近,锁定逃向废楼方向，追兵留后景,黑暗墙面擦镜接废楼入口,"compact, do not cover faces/hands/key props"
MSB109,visual_assets/pure/micro_storyboard/B04/MSB109_v001.png,visual_assets/annotated/micro_storyboard/B04/MSB109_v001_annotated.png,16:9,近景,小川/道具 / 浅绿色书包斜甩，红领巾被带起，证明是同一个主角,书包猛甩 / 低位跟拍,低位跟拍,low handheld tracking,前景湿地/碎石/墙面，中景人物阵营，背景窄巷和旧路灯,旧路灯黄 + 远处窗光 + 湿地反光,no,no,"yes, high-risk action or transition needs neighboring panels",逃跑方向漂移、追兵贴太近,锁定逃向废楼方向，追兵留后景,黑暗墙面擦镜接废楼入口,"compact, do not cover faces/hands/key props"
MSB110,visual_assets/pure/micro_storyboard/B04/MSB110_v001.png,visual_assets/annotated/micro_storyboard/B04/MSB110_v001_annotated.png,16:9,远景,阿磊/小满 / 阿磊和小满留在混乱后方，阿磊半起身想喊，小满仍僵,哥哥留后方 / 不跟跑,不跟跑,low handheld tracking,前景湿地/碎石/墙面，中景人物阵营，背景窄巷和旧路灯,旧路灯黄 + 远处窗光 + 湿地反光,no,no,"yes, high-risk action or transition needs neighboring panels",逃跑方向漂移、追兵贴太近,锁定逃向废楼方向，追兵留后景,黑暗墙面擦镜接废楼入口,"compact, do not cover faces/hands/key props"
MSB111,visual_assets/pure/micro_storyboard/B04/MSB111_v001.png,visual_assets/annotated/micro_storyboard/B04/MSB111_v001_annotated.png,16:9,中景,混混四人 / 高杆和大海先愣住，小齐收声，彬子状态不清,混混反应慢半拍 / 动作延迟,动作延迟,low handheld tracking,前景湿地/碎石/墙面，中景人物阵营，背景窄巷和旧路灯,旧路灯黄 + 远处窗光 + 湿地反光,no,no,"yes, high-risk action or transition needs neighboring panels",逃跑方向漂移、追兵贴太近,锁定逃向废楼方向，追兵留后景,黑暗墙面擦镜接废楼入口,"compact, do not cover faces/hands/key props"
MSB112,visual_assets/pure/micro_storyboard/B04/MSB112_v001.png,visual_assets/annotated/micro_storyboard/B04/MSB112_v001_annotated.png,16:9,低机位中景,小川/环境 / 小川跑过刚才石块所在位置，湿地反光拉长,小川冲过石块点 / 沿同一轴线向深处,沿同一轴线向深处,low handheld tracking,前景湿地/碎石/墙面，中景人物阵营，背景窄巷和旧路灯,旧路灯黄 + 远处窗光 + 湿地反光,no,no,"yes, high-risk action or transition needs neighboring panels",逃跑方向漂移、追兵贴太近,锁定逃向废楼方向，追兵留后景,黑暗墙面擦镜接废楼入口,"compact, do not cover faces/hands/key props"
MSB113,visual_assets/pure/micro_storyboard/B04/MSB113_v001.png,visual_assets/annotated/micro_storyboard/B04/MSB113_v001_annotated.png,16:9,远景,追兵/小川 / 后方混混开始反应追，但与小川保持距离,追兵启动 / 同方向，不翻轴,同方向，不翻轴,low handheld tracking,前景湿地/碎石/墙面，中景人物阵营，背景窄巷和旧路灯,旧路灯黄 + 远处窗光 + 湿地反光,no,no,"yes, high-risk action or transition needs neighboring panels",逃跑方向漂移、追兵贴太近,锁定逃向废楼方向，追兵留后景,黑暗墙面擦镜接废楼入口,"compact, do not cover faces/hands/key props"
MSB114,visual_assets/pure/micro_storyboard/B04/MSB114_v001.png,visual_assets/annotated/micro_storyboard/B04/MSB114_v001_annotated.png,16:9,近景,环境 / 黑暗墙面快速擦过镜头，作为逃跑隐藏剪辑,墙面擦镜 / 横向擦镜,横向擦镜,low handheld tracking,前景湿地/碎石/墙面，中景人物阵营，背景窄巷和旧路灯,旧路灯黄 + 远处窗光 + 湿地反光,no,no,"yes, high-risk action or transition needs neighboring panels",逃跑方向漂移、追兵贴太近,锁定逃向废楼方向，追兵留后景,黑暗墙面擦镜接废楼入口,"compact, do not cover faces/hands/key props"
MSB115,visual_assets/pure/micro_storyboard/B04/MSB115_v001.png,visual_assets/annotated/micro_storyboard/B04/MSB115_v001_annotated.png,16:9,中景,小川/环境 / 旧路灯在小川头顶拉成长条，像 CRT 扫描线预兆,路灯拖影 / 低位跟拍,低位跟拍,low handheld tracking,前景湿地/碎石/墙面，中景人物阵营，背景窄巷和旧路灯,旧路灯黄 + 远处窗光 + 湿地反光,candidate,candidate,"yes, high-risk action or transition needs neighboring panels",逃跑方向漂移、追兵贴太近,锁定逃向废楼方向，追兵留后景,黑暗墙面擦镜接废楼入口,"compact, do not cover faces/hands/key props"
MSB116,visual_assets/pure/micro_storyboard/B04/MSB116_v001.png,visual_assets/annotated/micro_storyboard/B04/MSB116_v001_annotated.png,16:9,中近景,小川 / 小川边跑边短促回头，圆眼睛睁大，嘴还张着,小川回头 / 头部快速回看,头部快速回看,low handheld tracking,前景湿地/碎石/墙面，中景人物阵营，背景窄巷和旧路灯,旧路灯黄 + 远处窗光 + 湿地反光,no,no,"yes, high-risk action or transition needs neighboring panels",逃跑方向漂移、追兵贴太近,锁定逃向废楼方向，追兵留后景,黑暗墙面擦镜接废楼入口,"compact, do not cover faces/hands/key props"
MSB117,visual_assets/pure/micro_storyboard/B04/MSB117_v001.png,visual_assets/annotated/micro_storyboard/B04/MSB117_v001_annotated.png,16:9,远景,环境/小川 / 小路尽头出现废楼暗入口，像唯一可逃方向,废楼轮廓出现 / 镜头前方显露入口,镜头前方显露入口,low handheld tracking,前景湿地/碎石/墙面，中景人物阵营，背景窄巷和旧路灯,旧路灯黄 + 远处窗光 + 湿地反光,no,no,"yes, high-risk action or transition needs neighboring panels",逃跑方向漂移、追兵贴太近,锁定逃向废楼方向，追兵留后景,黑暗墙面擦镜接废楼入口,"compact, do not cover faces/hands/key props"
MSB118,visual_assets/pure/micro_storyboard/B04/MSB118_v001.png,visual_assets/annotated/micro_storyboard/B04/MSB118_v001_annotated.png,16:9,全景,小川 / 小川朝废楼入口跑去，追兵声音留在后方,小川冲向废楼 / 方向锁定废楼,方向锁定废楼,low handheld tracking,前景湿地/碎石/墙面，中景人物阵营，背景窄巷和旧路灯,旧路灯黄 + 远处窗光 + 湿地反光,no,yes,"yes, high-risk action or transition needs neighboring panels",逃跑方向漂移、追兵贴太近,锁定逃向废楼方向，追兵留后景,黑暗墙面擦镜接废楼入口,"compact, do not cover faces/hands/key props"
MSB119,visual_assets/pure/micro_storyboard/B04/MSB119_v001.png,visual_assets/annotated/micro_storyboard/B04/MSB119_v001_annotated.png,16:9,中景,小川/环境 / 小川身影被废楼入口暗处吞进去，路灯黄留在外面,黑暗吞没 / 暗处过门,暗处过门,low handheld tracking,前景湿地/碎石/墙面，中景人物阵营，背景窄巷和旧路灯,旧路灯黄 + 远处窗光 + 湿地反光,candidate,candidate,"yes, high-risk action or transition needs neighboring panels",逃跑方向漂移、追兵贴太近,锁定逃向废楼方向，追兵留后景,黑暗墙面擦镜接废楼入口,"compact, do not cover faces/hands/key props"
MSB120,visual_assets/pure/micro_storyboard/B05/MSB120_v001.png,visual_assets/annotated/micro_storyboard/B05/MSB120_v001_annotated.png,16:9,远景,小川/环境 / 从废楼内部看小川冲进来，外面小路黄光在身后变小,入口内反打 / 由外到内,由外到内,low tracking / slow push-in,前景门框/墙面，中景小川，背景重复门洞和消防箱,冷绿色荧光灯 + 黑暗纵深,yes,no,"yes, high-risk action or transition needs neighboring panels",走廊变医院/学校,强化废弃单位楼、消防箱、发霉墙,跑步声变空接无限走廊,"compact, do not cover faces/hands/key props"
MSB121,visual_assets/pure/micro_storyboard/B05/MSB121_v001.png,visual_assets/annotated/micro_storyboard/B05/MSB121_v001_annotated.png,16:9,中景,小川 / 冷绿灯管照到小川脸和红领巾，颜色从黄路灯切换,第一次冷绿光 / 停顿半拍,停顿半拍,low tracking / slow push-in,前景门框/墙面，中景小川，背景重复门洞和消防箱,冷绿色荧光灯 + 黑暗纵深,no,no,"no, adjacent panels are enough",走廊变医院/学校,强化废弃单位楼、消防箱、发霉墙,跑步声变空接无限走廊,"compact, do not cover faces/hands/key props"
MSB122,visual_assets/pure/micro_storyboard/B05/MSB122_v001.png,visual_assets/annotated/micro_storyboard/B05/MSB122_v001_annotated.png,16:9,远景,环境/小川 / 长走廊重复门洞和消防箱清楚，小川站在近处很小,走廊中轴 / 中轴透视,中轴透视,low tracking / slow push-in,前景门框/墙面，中景小川，背景重复门洞和消防箱,冷绿色荧光灯 + 黑暗纵深,candidate,candidate,"yes, high-risk action or transition needs neighboring panels",走廊变医院/学校,强化废弃单位楼、消防箱、发霉墙,跑步声变空接无限走廊,"compact, do not cover faces/hands/key props"
MSB123,visual_assets/pure/micro_storyboard/B05/MSB123_v001.png,visual_assets/annotated/micro_storyboard/B05/MSB123_v001_annotated.png,16:9,全景,小川 / 小川沿走廊深处跑，书包晃动变小,小川继续跑 / 向深处奔跑,向深处奔跑,low tracking / slow push-in,前景门框/墙面，中景小川，背景重复门洞和消防箱,冷绿色荧光灯 + 黑暗纵深,no,no,"no, adjacent panels are enough",走廊变医院/学校,强化废弃单位楼、消防箱、发霉墙,跑步声变空接无限走廊,"compact, do not cover faces/hands/key props"
MSB124,visual_assets/pure/micro_storyboard/B05/MSB124_v001.png,visual_assets/annotated/micro_storyboard/B05/MSB124_v001_annotated.png,16:9,特写,小川/道具 / 白鞋踩过湿冷地面，回声拉长,脚步回声 / 脚步快速不稳,脚步快速不稳,low tracking / slow push-in,前景门框/墙面，中景小川，背景重复门洞和消防箱,冷绿色荧光灯 + 黑暗纵深,no,no,"no, adjacent panels are enough",走廊变医院/学校,强化废弃单位楼、消防箱、发霉墙,跑步声变空接无限走廊,"compact, do not cover faces/hands/key props"
MSB125,visual_assets/pure/micro_storyboard/B05/MSB125_v001.png,visual_assets/annotated/micro_storyboard/B05/MSB125_v001_annotated.png,16:9,中景,小川 / 小川回头看入口，追兵声像被门口吞掉,回头看入口 / 头部回看,头部回看,low tracking / slow push-in,前景门框/墙面，中景小川，背景重复门洞和消防箱,冷绿色荧光灯 + 黑暗纵深,no,no,"no, adjacent panels are enough",走廊变医院/学校,强化废弃单位楼、消防箱、发霉墙,跑步声变空接无限走廊,"compact, do not cover faces/hands/key props"
MSB126,visual_assets/pure/micro_storyboard/B05/MSB126_v001.png,visual_assets/annotated/micro_storyboard/B05/MSB126_v001_annotated.png,16:9,近景,环境 / 发霉墙、旧标语残片、消防箱红色块，建立废楼质感,墙面剥落细节 / 固定细节,固定细节,low tracking / slow push-in,前景门框/墙面，中景小川，背景重复门洞和消防箱,冷绿色荧光灯 + 黑暗纵深,no,no,"no, adjacent panels are enough",走廊变医院/学校,强化废弃单位楼、消防箱、发霉墙,跑步声变空接无限走廊,"compact, do not cover faces/hands/key props"
MSB127,visual_assets/pure/micro_storyboard/B05/MSB127_v001.png,visual_assets/annotated/micro_storyboard/B05/MSB127_v001_annotated.png,16:9,远景,小川/环境 / 小川跑向深处，身影被重复门洞切碎,小川变小 / 低机位慢推,低机位慢推,low tracking / slow push-in,前景门框/墙面，中景小川，背景重复门洞和消防箱,冷绿色荧光灯 + 黑暗纵深,no,yes,"yes, high-risk action or transition needs neighboring panels",走廊变医院/学校,强化废弃单位楼、消防箱、发霉墙,跑步声变空接无限走廊,"compact, do not cover faces/hands/key props"
MSB128,visual_assets/pure/micro_storyboard/B05/MSB128_v001.png,visual_assets/annotated/micro_storyboard/B05/MSB128_v001_annotated.png,16:9,远景,环境 / 小川刚跑出画面，走廊空着，只剩冷绿灯闪,走廊空一拍 / locked-off,locked-off,low tracking / slow push-in,前景门框/墙面，中景小川，背景重复门洞和消防箱,冷绿色荧光灯 + 黑暗纵深,no,no,"no, adjacent panels are enough",走廊变医院/学校,强化废弃单位楼、消防箱、发霉墙,跑步声变空接无限走廊,"compact, do not cover faces/hands/key props"
MSB129,visual_assets/pure/micro_storyboard/B05/MSB129_v001.png,visual_assets/annotated/micro_storyboard/B05/MSB129_v001_annotated.png,16:9,低机位中景,小川/环境 / 镜头贴着墙面跟小川跑，墙皮近到压迫画面,贴墙低位跟拍 / 低位 tracking,低位 tracking,low tracking,前景门框/墙面，中景小川，背景重复门洞和消防箱,冷绿色荧光灯 + 黑暗纵深,yes,no,"yes, high-risk action or transition needs neighboring panels",空间扭曲过度、鬼怪化,只允许纵深轻微拉长，不换场景,灯管节奏接电话铃,"compact, do not cover faces/hands/key props"
MSB130,visual_assets/pure/micro_storyboard/B05/MSB130_v001.png,visual_assets/annotated/micro_storyboard/B05/MSB130_v001_annotated.png,16:9,中近景,小川 / 小川一只手扶墙，另一只手抓书包带，呼吸乱,小川手扶墙 / 手擦过发霉墙,手擦过发霉墙,low tracking,前景门框/墙面，中景小川，背景重复门洞和消防箱,冷绿色荧光灯 + 黑暗纵深,no,no,"no, adjacent panels are enough",空间扭曲过度、鬼怪化,只允许纵深轻微拉长，不换场景,灯管节奏接电话铃,"compact, do not cover faces/hands/key props"
MSB131,visual_assets/pure/micro_storyboard/B05/MSB131_v001.png,visual_assets/annotated/micro_storyboard/B05/MSB131_v001_annotated.png,16:9,中景,小川 / 小川猛回头，远处没有清晰追兵，只有灯管闪,回头无追兵 / 头部快速回看,头部快速回看,low tracking,前景门框/墙面，中景小川，背景重复门洞和消防箱,冷绿色荧光灯 + 黑暗纵深,no,no,"no, adjacent panels are enough",空间扭曲过度、鬼怪化,只允许纵深轻微拉长，不换场景,灯管节奏接电话铃,"compact, do not cover faces/hands/key props"
MSB132,visual_assets/pure/micro_storyboard/B05/MSB132_v001.png,visual_assets/annotated/micro_storyboard/B05/MSB132_v001_annotated.png,16:9,远景,环境 / 重复门洞看起来比上一镜更多，但结构仍真实,门洞重复 / slow dolly in,slow dolly in,low tracking,前景门框/墙面，中景小川，背景重复门洞和消防箱,冷绿色荧光灯 + 黑暗纵深,candidate,candidate,"yes, high-risk action or transition needs neighboring panels",空间扭曲过度、鬼怪化,只允许纵深轻微拉长，不换场景,灯管节奏接电话铃,"compact, do not cover faces/hands/key props"
MSB133,visual_assets/pure/micro_storyboard/B05/MSB133_v001.png,visual_assets/annotated/micro_storyboard/B05/MSB133_v001_annotated.png,16:9,特写,环境/道具 / 冷绿灯管闪烁，节奏慢慢接近电话铃,灯管节奏 / 灯光闪动,灯光闪动,low tracking,前景门框/墙面，中景小川，背景重复门洞和消防箱,冷绿色荧光灯 + 黑暗纵深,no,no,"no, adjacent panels are enough",空间扭曲过度、鬼怪化,只允许纵深轻微拉长，不换场景,灯管节奏接电话铃,"compact, do not cover faces/hands/key props"
MSB134,visual_assets/pure/micro_storyboard/B05/MSB134_v001.png,visual_assets/annotated/micro_storyboard/B05/MSB134_v001_annotated.png,16:9,中景,小川 / 小川停在走廊边，嘴张开，试图听声音,小川停一下 / 停住，身体仍绷,停住，身体仍绷,low tracking,前景门框/墙面，中景小川，背景重复门洞和消防箱,冷绿色荧光灯 + 黑暗纵深,no,no,"no, adjacent panels are enough",空间扭曲过度、鬼怪化,只允许纵深轻微拉长，不换场景,灯管节奏接电话铃,"compact, do not cover faces/hands/key props"
MSB135,visual_assets/pure/micro_storyboard/B05/MSB135_v001.png,visual_assets/annotated/micro_storyboard/B05/MSB135_v001_annotated.png,16:9,远景,环境 / 走廊尽头仍是暗门，没有出口，空间像循环,远处暗门 / 中轴固定,中轴固定,low tracking,前景门框/墙面，中景小川，背景重复门洞和消防箱,冷绿色荧光灯 + 黑暗纵深,no,no,"no, adjacent panels are enough",空间扭曲过度、鬼怪化,只允许纵深轻微拉长，不换场景,灯管节奏接电话铃,"compact, do not cover faces/hands/key props"
MSB136,visual_assets/pure/micro_storyboard/B05/MSB136_v001.png,visual_assets/annotated/micro_storyboard/B05/MSB136_v001_annotated.png,16:9,中远景,小川 / 小川从跑变成慢走，书包歪着，脚步变轻,小川继续走 / 速度减慢,速度减慢,low tracking,前景门框/墙面，中景小川，背景重复门洞和消防箱,冷绿色荧光灯 + 黑暗纵深,no,no,"no, adjacent panels are enough",空间扭曲过度、鬼怪化,只允许纵深轻微拉长，不换场景,灯管节奏接电话铃,"compact, do not cover faces/hands/key props"
MSB137,visual_assets/pure/micro_storyboard/B05/MSB137_v001.png,visual_assets/annotated/micro_storyboard/B05/MSB137_v001_annotated.png,16:9,近景,小川 / 小川听到远处铃声，眼睛抬起但不知来源,铃声第一次进入 / 头微抬,头微抬,low tracking,前景门框/墙面，中景小川，背景重复门洞和消防箱,冷绿色荧光灯 + 黑暗纵深,no,yes,"yes, high-risk action or transition needs neighboring panels",空间扭曲过度、鬼怪化,只允许纵深轻微拉长，不换场景,灯管节奏接电话铃,"compact, do not cover faces/hands/key props"
MSB138,visual_assets/pure/micro_storyboard/B05/MSB138_v001.png,visual_assets/annotated/micro_storyboard/B05/MSB138_v001_annotated.png,16:9,远景,环境 / 走廊深处出现极弱暖点，还不像电话亭,走廊深处微光未明 / 远处暖光一点,远处暖光一点,low tracking,前景门框/墙面，中景小川，背景重复门洞和消防箱,冷绿色荧光灯 + 黑暗纵深,no,no,"no, adjacent panels are enough",空间扭曲过度、鬼怪化,只允许纵深轻微拉长，不换场景,灯管节奏接电话铃,"compact, do not cover faces/hands/key props"
MSB139,visual_assets/pure/micro_storyboard/B05/MSB139_v001.png,visual_assets/annotated/micro_storyboard/B05/MSB139_v001_annotated.png,16:9,远景,电话亭/环境 / 走廊尽头暖白光变清楚，电话亭轮廓第一次可辨,暖光明确 / locked-off,locked-off,deep locked-off,前景电话亭边框/电话线，中景小川，背景冷绿走廊,暖白电话亭光 + 冷绿走廊环境,candidate,candidate,"yes, high-risk action or transition needs neighboring panels",电话亭科幻化,旧电话亭、旧塑料、玻璃金属框，现实错误物,铃声引导靠近,"compact, do not cover faces/hands/key props"
MSB140,visual_assets/pure/micro_storyboard/B05/MSB140_v001.png,visual_assets/annotated/micro_storyboard/B05/MSB140_v001_annotated.png,16:9,远景,小川/电话亭 / 小川在走廊中段停下，面对远处电话亭，比例很小,小川远处停住 / 身体停住,身体停住,deep locked-off,前景电话亭边框/电话线，中景小川，背景冷绿走廊,暖白电话亭光 + 冷绿走廊环境,yes,no,"yes, high-risk action or transition needs neighboring panels",电话亭科幻化,旧电话亭、旧塑料、玻璃金属框，现实错误物,铃声引导靠近,"compact, do not cover faces/hands/key props"
MSB141,visual_assets/pure/micro_storyboard/B05/MSB141_v001.png,visual_assets/annotated/micro_storyboard/B05/MSB141_v001_annotated.png,16:9,中景,小川 / 小川侧脸听铃声，眼睛看向暖光，红领巾微亮,铃声来源 / 头慢慢抬,头慢慢抬,deep locked-off,前景电话亭边框/电话线，中景小川，背景冷绿走廊,暖白电话亭光 + 冷绿走廊环境,no,no,"no, adjacent panels are enough",电话亭科幻化,旧电话亭、旧塑料、玻璃金属框，现实错误物,铃声引导靠近,"compact, do not cover faces/hands/key props"
MSB142,visual_assets/pure/micro_storyboard/B05/MSB142_v001.png,visual_assets/annotated/micro_storyboard/B05/MSB142_v001_annotated.png,16:9,远景,电话亭 / 电话亭不合理地嵌在废楼深处，但材质是旧玻璃和金属,电话亭像错误物 / 不移动，只发光,不移动，只发光,deep locked-off,前景电话亭边框/电话线，中景小川，背景冷绿走廊,暖白电话亭光 + 冷绿走廊环境,no,no,"no, adjacent panels are enough",电话亭科幻化,旧电话亭、旧塑料、玻璃金属框，现实错误物,铃声引导靠近,"compact, do not cover faces/hands/key props"
MSB143,visual_assets/pure/micro_storyboard/B05/MSB143_v001.png,visual_assets/annotated/micro_storyboard/B05/MSB143_v001_annotated.png,16:9,中远景,环境/小川 / 冷绿走廊和暖白电话亭形成明确色块，小川夹在中间,冷暖对比 / 构图对称,构图对称,deep locked-off,前景电话亭边框/电话线，中景小川，背景冷绿走廊,暖白电话亭光 + 冷绿走廊环境,candidate,candidate,"yes, high-risk action or transition needs neighboring panels",电话亭科幻化,旧电话亭、旧塑料、玻璃金属框，现实错误物,铃声引导靠近,"compact, do not cover faces/hands/key props"
MSB144,visual_assets/pure/micro_storyboard/B05/MSB144_v001.png,visual_assets/annotated/micro_storyboard/B05/MSB144_v001_annotated.png,16:9,全景,小川 / 小川很慢地向电话亭方向迈一步，不是逃跑,小川迈出第一步 / 慢步向前,慢步向前,deep locked-off,前景电话亭边框/电话线，中景小川，背景冷绿走廊,暖白电话亭光 + 冷绿走廊环境,no,no,"no, adjacent panels are enough",电话亭科幻化,旧电话亭、旧塑料、玻璃金属框，现实错误物,铃声引导靠近,"compact, do not cover faces/hands/key props"
MSB145,visual_assets/pure/micro_storyboard/B05/MSB145_v001.png,visual_assets/annotated/micro_storyboard/B05/MSB145_v001_annotated.png,16:9,中远景,电话亭/道具 / 电话亭内旧电话和垂下电话线隐约可见,电话线细节远现 / 微 push-in,微 push-in,deep locked-off,前景电话亭边框/电话线，中景小川，背景冷绿走廊,暖白电话亭光 + 冷绿走廊环境,no,no,"no, adjacent panels are enough",电话亭科幻化,旧电话亭、旧塑料、玻璃金属框，现实错误物,铃声引导靠近,"compact, do not cover faces/hands/key props"
MSB146,visual_assets/pure/micro_storyboard/B05/MSB146_v001.png,visual_assets/annotated/micro_storyboard/B05/MSB146_v001_annotated.png,16:9,远景,小川/电话亭 / 小川在电话亭前方一段距离停下，暖光照到鞋尖,靠近前停顿 / 停顿一拍,停顿一拍,deep locked-off,前景电话亭边框/电话线，中景小川，背景冷绿走廊,暖白电话亭光 + 冷绿走廊环境,no,yes,"yes, high-risk action or transition needs neighboring panels",电话亭科幻化,旧电话亭、旧塑料、玻璃金属框，现实错误物,铃声引导靠近,"compact, do not cover faces/hands/key props"
MSB147,visual_assets/pure/micro_storyboard/B05/MSB147_v001.png,visual_assets/annotated/micro_storyboard/B05/MSB147_v001_annotated.png,16:9,中景,小川/电话亭 / 电话亭门框占前景，小川从左侧黑暗靠近,电话亭门框前景 / slow dolly in,slow dolly in,slow dolly-in,前景电话亭边框/电话线，中景小川，背景冷绿走廊,暖白电话亭光 + 冷绿走廊环境,yes,no,"yes, high-risk action or transition needs neighboring panels",主角变脸、电话亭位置漂移,减少正脸大转头，锁红领巾和绿书包,手部动作切听筒特写,"compact, do not cover faces/hands/key props"
MSB148,visual_assets/pure/micro_storyboard/B05/MSB148_v001.png,visual_assets/annotated/micro_storyboard/B05/MSB148_v001_annotated.png,16:9,近景,小川 / 暖白光先照到小川红领巾和脸下半部，眼睛仍在阴影里,暖光照红领巾 / 慢慢前进,慢慢前进,slow dolly-in,前景电话亭边框/电话线，中景小川，背景冷绿走廊,暖白电话亭光 + 冷绿走廊环境,no,no,"no, adjacent panels are enough",主角变脸、电话亭位置漂移,减少正脸大转头，锁红领巾和绿书包,手部动作切听筒特写,"compact, do not cover faces/hands/key props"
MSB149,visual_assets/pure/micro_storyboard/B05/MSB149_v001.png,visual_assets/annotated/micro_storyboard/B05/MSB149_v001_annotated.png,16:9,中近景,小川/道具 / 浅绿色书包边缘被电话亭光勾出来，肩带一松一紧,书包边缘亮起 / 小步靠近,小步靠近,slow dolly-in,前景电话亭边框/电话线，中景小川，背景冷绿走廊,暖白电话亭光 + 冷绿走廊环境,no,no,"no, adjacent panels are enough",主角变脸、电话亭位置漂移,减少正脸大转头，锁红领巾和绿书包,手部动作切听筒特写,"compact, do not cover faces/hands/key props"
MSB150,visual_assets/pure/micro_storyboard/B05/MSB150_v001.png,visual_assets/annotated/micro_storyboard/B05/MSB150_v001_annotated.png,16:9,近景,小川/电话 / 小川眼睛看向旧听筒，不看镜头，嘴唇半张,小川看听筒 / 头微转,头微转,slow dolly-in,前景电话亭边框/电话线，中景小川，背景冷绿走廊,暖白电话亭光 + 冷绿走廊环境,no,no,"no, adjacent panels are enough",主角变脸、电话亭位置漂移,减少正脸大转头，锁红领巾和绿书包,手部动作切听筒特写,"compact, do not cover faces/hands/key props"
MSB151,visual_assets/pure/micro_storyboard/B05/MSB151_v001.png,visual_assets/annotated/micro_storyboard/B05/MSB151_v001_annotated.png,16:9,特写,小川/道具 / 小川手伸向电话亭边缘又缩回一点，指尖颤,伸手又缩 / 伸手-停-缩,伸手-停-缩,slow dolly-in,前景电话亭边框/电话线，中景小川，背景冷绿走廊,暖白电话亭光 + 冷绿走廊环境,no,no,"no, adjacent panels are enough",主角变脸、电话亭位置漂移,减少正脸大转头，锁红领巾和绿书包,手部动作切听筒特写,"compact, do not cover faces/hands/key props"
MSB152,visual_assets/pure/micro_storyboard/B05/MSB152_v001.png,visual_assets/annotated/micro_storyboard/B05/MSB152_v001_annotated.png,16:9,中景,小川/电话亭 / 小川站在电话亭前，小身体被暖光包住，背后仍是冷绿走廊,站到电话亭前 / 停住,停住,slow dolly-in,前景电话亭边框/电话线，中景小川，背景冷绿走廊,暖白电话亭光 + 冷绿走廊环境,candidate,candidate,"yes, high-risk action or transition needs neighboring panels",主角变脸、电话亭位置漂移,减少正脸大转头，锁红领巾和绿书包,手部动作切听筒特写,"compact, do not cover faces/hands/key props"
MSB153,visual_assets/pure/micro_storyboard/B05/MSB153_v001.png,visual_assets/annotated/micro_storyboard/B05/MSB153_v001_annotated.png,16:9,特写,电话/道具 / 旧电话听筒轻微震动或铃声源头被强调，塑料旧化清楚,铃声压迫 / 固定特写,固定特写,slow dolly-in,前景电话亭边框/电话线，中景小川，背景冷绿走廊,暖白电话亭光 + 冷绿走廊环境,no,no,"no, adjacent panels are enough",主角变脸、电话亭位置漂移,减少正脸大转头，锁红领巾和绿书包,手部动作切听筒特写,"compact, do not cover faces/hands/key props"
MSB154,visual_assets/pure/micro_storyboard/B05/MSB154_v001.png,visual_assets/annotated/micro_storyboard/B05/MSB154_v001_annotated.png,16:9,中近景,小川/电话 / 小川手悬在听筒旁，眼泪没落，呼吸压住,手准备拿起 / 手悬停,手悬停,slow dolly-in,前景电话亭边框/电话线，中景小川，背景冷绿走廊,暖白电话亭光 + 冷绿走廊环境,no,yes,"yes, high-risk action or transition needs neighboring panels",主角变脸、电话亭位置漂移,减少正脸大转头，锁红领巾和绿书包,手部动作切听筒特写,"compact, do not cover faces/hands/key props"
MSB155,visual_assets/pure/micro_storyboard/B06/MSB155_v001.png,visual_assets/annotated/micro_storyboard/B06/MSB155_v001_annotated.png,16:9,特写,电话 / 旧电话听筒安静挂着，暖白光照出塑料划痕,听筒静止 / fixed close-up,fixed close-up,fixed close-up,前景电话亭边框/电话线，中景小川，背景冷绿走廊,暖白电话亭光 + 冷绿走廊环境,yes,no,"yes, high-risk action or transition needs neighboring panels",手和听筒变形,缩短动作，固定构图，必要时用实拍 delta 参考,电话线 match cut 到扫描线,"compact, do not cover faces/hands/key props"
MSB156,visual_assets/pure/micro_storyboard/B06/MSB156_v001.png,visual_assets/annotated/micro_storyboard/B06/MSB156_v001_annotated.png,16:9,特写,小川/电话 / 小川的小手从下方进入画面，指尖犹豫,手进入画面 / 手慢慢靠近,手慢慢靠近,fixed close-up,前景电话亭边框/电话线，中景小川，背景冷绿走廊,暖白电话亭光 + 冷绿走廊环境,no,no,"no, adjacent panels are enough",手和听筒变形,缩短动作，固定构图，必要时用实拍 delta 参考,电话线 match cut 到扫描线,"compact, do not cover faces/hands/key props"
MSB157,visual_assets/pure/micro_storyboard/B06/MSB157_v001.png,visual_assets/annotated/micro_storyboard/B06/MSB157_v001_annotated.png,16:9,极近景,小川/电话 / 指尖刚碰到旧听筒，手指发僵,指尖碰到听筒 / 微颤,微颤,fixed close-up,前景电话亭边框/电话线，中景小川，背景冷绿走廊,暖白电话亭光 + 冷绿走廊环境,no,no,"no, adjacent panels are enough",手和听筒变形,缩短动作，固定构图，必要时用实拍 delta 参考,电话线 match cut 到扫描线,"compact, do not cover faces/hands/key props"
MSB158,visual_assets/pure/micro_storyboard/B06/MSB158_v001.png,visual_assets/annotated/micro_storyboard/B06/MSB158_v001_annotated.png,16:9,特写,电话/小川 / 听筒被轻轻拿起，底座弹起，电话线开始晃,听筒离座 / 向上拿起,向上拿起,fixed close-up,前景电话亭边框/电话线，中景小川，背景冷绿走廊,暖白电话亭光 + 冷绿走廊环境,candidate,candidate,"yes, high-risk action or transition needs neighboring panels",手和听筒变形,缩短动作，固定构图，必要时用实拍 delta 参考,电话线 match cut 到扫描线,"compact, do not cover faces/hands/key props"
MSB159,visual_assets/pure/micro_storyboard/B06/MSB159_v001.png,visual_assets/annotated/micro_storyboard/B06/MSB159_v001_annotated.png,16:9,近景,电话线 / 旧电话线轻轻晃，形状像之后的像素线条,电话线晃动 / 轻摆,轻摆,fixed close-up,前景电话亭边框/电话线，中景小川，背景冷绿走廊,暖白电话亭光 + 冷绿走廊环境,no,no,"no, adjacent panels are enough",手和听筒变形,缩短动作，固定构图，必要时用实拍 delta 参考,电话线 match cut 到扫描线,"compact, do not cover faces/hands/key props"
MSB160,visual_assets/pure/micro_storyboard/B06/MSB160_v001.png,visual_assets/annotated/micro_storyboard/B06/MSB160_v001_annotated.png,16:9,中近景,小川 / 小川把听筒贴近耳边，眼睛看向空处,听筒贴耳 / 手停在耳边,手停在耳边,fixed close-up,前景电话亭边框/电话线，中景小川，背景冷绿走廊,暖白电话亭光 + 冷绿走廊环境,no,yes,"yes, high-risk action or transition needs neighboring panels",手和听筒变形,缩短动作，固定构图，必要时用实拍 delta 参考,电话线 match cut 到扫描线,"compact, do not cover faces/hands/key props"
MSB161,visual_assets/pure/micro_storyboard/B06/MSB161_v001.png,visual_assets/annotated/micro_storyboard/B06/MSB161_v001_annotated.png,16:9,近景,小川 / 小川脸部微微僵住，暖光与冷绿在脸上分裂,声音进入身体 / 完全静止一拍,完全静止一拍,fixed close-up,前景电话亭边框/电话线，中景小川，背景冷绿走廊,暖白电话亭光 + 冷绿走廊环境,candidate,candidate,"yes, high-risk action or transition needs neighboring panels",手和听筒变形,缩短动作，固定构图，必要时用实拍 delta 参考,电话线 match cut 到扫描线,"compact, do not cover faces/hands/key props"
MSB162,visual_assets/pure/micro_storyboard/B06/MSB162_v001.png,visual_assets/annotated/micro_storyboard/B06/MSB162_v001_annotated.png,16:9,特写,电话线 / 电话线表面出现细微 CRT 扫描线，不是科幻电流,电话线起扫描 / 线条轻闪,线条轻闪,locked-off / slight push-in,前景电话亭边框/电话线，中景小川，背景冷绿走廊,暖白电话亭光 + 冷绿走廊环境,yes,no,"yes, high-risk action or transition needs neighboring panels",绿色代码雨、未来城市,限制为 CRT 扫描线和低分辨率色块,像素闪白接横版关卡,"compact, do not cover faces/hands/key props"
MSB163,visual_assets/pure/micro_storyboard/B06/MSB163_v001.png,visual_assets/annotated/micro_storyboard/B06/MSB163_v001_annotated.png,16:9,近景,小川/电话线 / 扫描线从听筒沿电话线到小川手腕，手仍颤,扫描到手腕 / 不移动位置,不移动位置,locked-off / slight push-in,前景电话亭边框/电话线，中景小川，背景冷绿走廊,暖白电话亭光 + 冷绿走廊环境,no,no,"yes, high-risk action or transition needs neighboring panels",绿色代码雨、未来城市,限制为 CRT 扫描线和低分辨率色块,像素闪白接横版关卡,"compact, do not cover faces/hands/key props"
MSB164,visual_assets/pure/micro_storyboard/B06/MSB164_v001.png,visual_assets/annotated/micro_storyboard/B06/MSB164_v001_annotated.png,16:9,近景,小川 / 小川红领巾边缘出现低分辨率色块，但脸仍真实,红领巾色块化 / 像素从边缘开始,像素从边缘开始,locked-off / slight push-in,前景电话亭边框/电话线，中景小川，背景冷绿走廊,暖白电话亭光 + 冷绿走廊环境,no,no,"yes, high-risk action or transition needs neighboring panels",绿色代码雨、未来城市,限制为 CRT 扫描线和低分辨率色块,像素闪白接横版关卡,"compact, do not cover faces/hands/key props"
MSB165,visual_assets/pure/micro_storyboard/B06/MSB165_v001.png,visual_assets/annotated/micro_storyboard/B06/MSB165_v001_annotated.png,16:9,中近景,小川/书包 / 浅绿色书包边缘被像素块切开，身份锚点保留,书包变色块 / 身体不动,身体不动,locked-off / slight push-in,前景电话亭边框/电话线，中景小川，背景冷绿走廊,暖白电话亭光 + 冷绿走廊环境,no,no,"yes, high-risk action or transition needs neighboring panels",绿色代码雨、未来城市,限制为 CRT 扫描线和低分辨率色块,像素闪白接横版关卡,"compact, do not cover faces/hands/key props"
MSB166,visual_assets/pure/micro_storyboard/B06/MSB166_v001.png,visual_assets/annotated/micro_storyboard/B06/MSB166_v001_annotated.png,16:9,中景,环境 / 电话亭后方走廊墙砖和灯管边缘开始色彩错位,走廊边缘分裂 / locked-off,locked-off,locked-off / slight push-in,前景电话亭边框/电话线，中景小川，背景冷绿走廊,暖白电话亭光 + 冷绿走廊环境,candidate,candidate,"yes, high-risk action or transition needs neighboring panels",绿色代码雨、未来城市,限制为 CRT 扫描线和低分辨率色块,像素闪白接横版关卡,"compact, do not cover faces/hands/key props"
MSB167,visual_assets/pure/micro_storyboard/B06/MSB167_v001.png,visual_assets/annotated/micro_storyboard/B06/MSB167_v001_annotated.png,16:9,近景,小川 / 小川半张脸仍真实，半张脸被扫描线切割,脸部半电子化 / 保持同一脸,保持同一脸,locked-off / slight push-in,前景电话亭边框/电话线，中景小川，背景冷绿走廊,暖白电话亭光 + 冷绿走廊环境,no,no,"yes, high-risk action or transition needs neighboring panels",绿色代码雨、未来城市,限制为 CRT 扫描线和低分辨率色块,像素闪白接横版关卡,"compact, do not cover faces/hands/key props"
MSB168,visual_assets/pure/micro_storyboard/B06/MSB168_v001.png,visual_assets/annotated/micro_storyboard/B06/MSB168_v001_annotated.png,16:9,远景,环境/电话亭 / 走廊纵深像纸片一样被压平，电话亭位置仍在深处,纵深展平前 / 空间压平,空间压平,locked-off / slight push-in,前景电话亭边框/电话线，中景小川，背景冷绿走廊,暖白电话亭光 + 冷绿走廊环境,no,yes,"yes, high-risk action or transition needs neighboring panels",绿色代码雨、未来城市,限制为 CRT 扫描线和低分辨率色块,像素闪白接横版关卡,"compact, do not cover faces/hands/key props"
MSB169,visual_assets/pure/micro_storyboard/B06/MSB169_v001.png,visual_assets/annotated/micro_storyboard/B06/MSB169_v001_annotated.png,16:9,全景,环境/小川 / CRT 扫描线和像素块闪白，作为进入 8-bit 的隐藏剪辑,像素闪白 / 强光但不换主题,强光但不换主题,locked-off / slight push-in,前景电话亭边框/电话线，中景小川，背景冷绿走廊,暖白电话亭光 + 冷绿走廊环境,candidate,candidate,"yes, high-risk action or transition needs neighboring panels",绿色代码雨、未来城市,限制为 CRT 扫描线和低分辨率色块,像素闪白接横版关卡,"compact, do not cover faces/hands/key props"
MSB170,visual_assets/pure/micro_storyboard/B06/MSB170_v001.png,visual_assets/annotated/micro_storyboard/B06/MSB170_v001_annotated.png,16:9,横版远景,环境/电话亭 / 废楼走廊变成像素横版舞台，电话亭在背景中右,横版舞台建立 / orthographic fixed,orthographic fixed,orthographic fixed,前景像素地砖/UI，中景像素角色，背景像素废楼走廊和电话亭,平面化 8-bit 街机光，有限色盘,candidate,candidate,"yes, high-risk action or transition needs neighboring panels",现代手游/3D卡通,固定横版机位，保留废楼电话亭轮廓,敌人入场音效接战斗,"compact, do not cover faces/hands/key props"
MSB171,visual_assets/pure/micro_storyboard/B06/MSB171_v001.png,visual_assets/annotated/micro_storyboard/B06/MSB171_v001_annotated.png,16:9,横版中景,小川像素 / 像素小川站在左侧，蓝白外套、红领巾、浅绿书包色块清楚,像素小川待机 / 小幅 idle,小幅 idle,orthographic fixed,前景像素地砖/UI，中景像素角色，背景像素废楼走廊和电话亭,平面化 8-bit 街机光，有限色盘,yes,no,"yes, high-risk action or transition needs neighboring panels",现代手游/3D卡通,固定横版机位，保留废楼电话亭轮廓,敌人入场音效接战斗,"compact, do not cover faces/hands/key props"
MSB172,visual_assets/pure/micro_storyboard/B06/MSB172_v001.png,visual_assets/annotated/micro_storyboard/B06/MSB172_v001_annotated.png,16:9,横版全景,UI/环境 / 老街机 UI 边缘出现，血条/分数有限色盘，不遮挡角色,UI 初现 / UI 静止,UI 静止,orthographic fixed,前景像素地砖/UI，中景像素角色，背景像素废楼走廊和电话亭,平面化 8-bit 街机光，有限色盘,no,no,"no, adjacent panels are enough",现代手游/3D卡通,固定横版机位，保留废楼电话亭轮廓,敌人入场音效接战斗,"compact, do not cover faces/hands/key props"
MSB173,visual_assets/pure/micro_storyboard/B06/MSB173_v001.png,visual_assets/annotated/micro_storyboard/B06/MSB173_v001_annotated.png,16:9,横版全景,混混像素 / 四个像素敌人的影子从右侧进入，轮廓差异先出现,敌人影子右侧 / 右到左入场,右到左入场,orthographic fixed,前景像素地砖/UI，中景像素角色，背景像素废楼走廊和电话亭,平面化 8-bit 街机光，有限色盘,no,no,"no, adjacent panels are enough",现代手游/3D卡通,固定横版机位，保留废楼电话亭轮廓,敌人入场音效接战斗,"compact, do not cover faces/hands/key props"
MSB174,visual_assets/pure/micro_storyboard/B06/MSB174_v001.png,visual_assets/annotated/micro_storyboard/B06/MSB174_v001_annotated.png,16:9,横版中景,彬子像素 / 短小黑夹克黄发像素敌人站在前方，腰包小色块可读,彬子 mini-boss / 前压 idle,前压 idle,orthographic fixed,前景像素地砖/UI，中景像素角色，背景像素废楼走廊和电话亭,平面化 8-bit 街机光，有限色盘,candidate,candidate,"yes, high-risk action or transition needs neighboring panels",现代手游/3D卡通,固定横版机位，保留废楼电话亭轮廓,敌人入场音效接战斗,"compact, do not cover faces/hands/key props"
MSB175,visual_assets/pure/micro_storyboard/B06/MSB175_v001.png,visual_assets/annotated/micro_storyboard/B06/MSB175_v001_annotated.png,16:9,横版中景,高杆像素 / 高杆像素敌人长条身形，横臂封路动作保留,高杆长条敌人 / 横臂待机,横臂待机,orthographic fixed,前景像素地砖/UI，中景像素角色，背景像素废楼走廊和电话亭,平面化 8-bit 街机光，有限色盘,no,no,"no, adjacent panels are enough",现代手游/3D卡通,固定横版机位，保留废楼电话亭轮廓,敌人入场音效接战斗,"compact, do not cover faces/hands/key props"
MSB176,visual_assets/pure/micro_storyboard/B06/MSB176_v001.png,visual_assets/annotated/micro_storyboard/B06/MSB176_v001_annotated.png,16:9,横版全景,混混像素 / 宽体块大海和抖动小齐进入队形，四人功能清楚,大海小齐入位 / 右侧站位,右侧站位,orthographic fixed,前景像素地砖/UI，中景像素角色，背景像素废楼走廊和电话亭,平面化 8-bit 街机光，有限色盘,no,no,"no, adjacent panels are enough",现代手游/3D卡通,固定横版机位，保留废楼电话亭轮廓,敌人入场音效接战斗,"compact, do not cover faces/hands/key props"
MSB177,visual_assets/pure/micro_storyboard/B06/MSB177_v001.png,visual_assets/annotated/micro_storyboard/B06/MSB177_v001_annotated.png,16:9,横版全景,全体像素 / 像素小川左侧，四个敌人右侧，电话亭仍在背景，开战前停一拍,战斗开始前静止 / 全体 idle,全体 idle,orthographic fixed,前景像素地砖/UI，中景像素角色，背景像素废楼走廊和电话亭,平面化 8-bit 街机光，有限色盘,no,yes,"yes, high-risk action or transition needs neighboring panels",现代手游/3D卡通,固定横版机位，保留废楼电话亭轮廓,敌人入场音效接战斗,"compact, do not cover faces/hands/key props"
MSB178,visual_assets/pure/micro_storyboard/B06/MSB178_v001.png,visual_assets/annotated/micro_storyboard/B06/MSB178_v001_annotated.png,16:9,横版中景,小川像素/敌人 / 像素小川用浅绿书包色块形成短促旋风，击退最近敌人,第一下书包旋风 / 动作不超过一拍,动作不超过一拍,orthographic fixed,前景像素地砖/UI，中景像素角色，背景像素废楼走廊和电话亭,平面化 8-bit 街机光，有限色盘,no,no,"yes, high-risk action or transition needs neighboring panels",欢乐庆祝、现代UI,UI 简洁，WIN 后静止，再 INSERT COIN 闪烁,WIN 静止后 INSERT COIN 尾针,"compact, do not cover faces/hands/key props"
MSB179,visual_assets/pure/micro_storyboard/B06/MSB179_v001.png,visual_assets/annotated/micro_storyboard/B06/MSB179_v001_annotated.png,16:9,横版中景,小川像素/道具 / 一枚像素硬币从小川方向弹出，形成低分辨率冲击波,硬币冲击波 / 左到右短促,左到右短促,orthographic fixed,前景像素地砖/UI，中景像素角色，背景像素废楼走廊和电话亭,平面化 8-bit 街机光，有限色盘,no,no,"yes, high-risk action or transition needs neighboring panels",欢乐庆祝、现代UI,UI 简洁，WIN 后静止，再 INSERT COIN 闪烁,WIN 静止后 INSERT COIN 尾针,"compact, do not cover faces/hands/key props"
MSB180,visual_assets/pure/micro_storyboard/B06/MSB180_v001.png,visual_assets/annotated/micro_storyboard/B06/MSB180_v001_annotated.png,16:9,横版全景,高杆像素 / 高杆长条像素敌人向后滑，横臂封路姿态瓦解,高杆被击退 / 右侧后退,右侧后退,orthographic fixed,前景像素地砖/UI，中景像素角色，背景像素废楼走廊和电话亭,平面化 8-bit 街机光，有限色盘,no,no,"yes, high-risk action or transition needs neighboring panels",欢乐庆祝、现代UI,UI 简洁，WIN 后静止，再 INSERT COIN 闪烁,WIN 静止后 INSERT COIN 尾针,"compact, do not cover faces/hands/key props"
MSB181,visual_assets/pure/micro_storyboard/B06/MSB181_v001.png,visual_assets/annotated/micro_storyboard/B06/MSB181_v001_annotated.png,16:9,横版全景,大海像素 / 大海宽体块敌人被推回，挡路墙感消失,大海倒退 / 后退两格,后退两格,orthographic fixed,前景像素地砖/UI，中景像素角色，背景像素废楼走廊和电话亭,平面化 8-bit 街机光，有限色盘,no,no,"yes, high-risk action or transition needs neighboring panels",欢乐庆祝、现代UI,UI 简洁，WIN 后静止，再 INSERT COIN 闪烁,WIN 静止后 INSERT COIN 尾针,"compact, do not cover faces/hands/key props"
MSB182,visual_assets/pure/micro_storyboard/B06/MSB182_v001.png,visual_assets/annotated/micro_storyboard/B06/MSB182_v001_annotated.png,16:9,横版中景,小齐像素 / 小齐小像素敌人第一个慌张后跳，条纹色块抖动,小齐闪退 / 快速后跳,快速后跳,orthographic fixed,前景像素地砖/UI，中景像素角色，背景像素废楼走廊和电话亭,平面化 8-bit 街机光，有限色盘,no,no,"yes, high-risk action or transition needs neighboring panels",欢乐庆祝、现代UI,UI 简洁，WIN 后静止，再 INSERT COIN 闪烁,WIN 静止后 INSERT COIN 尾针,"compact, do not cover faces/hands/key props"
MSB183,visual_assets/pure/micro_storyboard/B06/MSB183_v001.png,visual_assets/annotated/micro_storyboard/B06/MSB183_v001_annotated.png,16:9,横版中景,彬子像素 / 彬子像素敌人最后停住，黄发黑夹克色块仍清楚,彬子 mini-boss 停住 / 短暂停住,短暂停住,orthographic fixed,前景像素地砖/UI，中景像素角色，背景像素废楼走廊和电话亭,平面化 8-bit 街机光，有限色盘,candidate,candidate,"yes, high-risk action or transition needs neighboring panels",欢乐庆祝、现代UI,UI 简洁，WIN 后静止，再 INSERT COIN 闪烁,WIN 静止后 INSERT COIN 尾针,"compact, do not cover faces/hands/key props"
MSB184,visual_assets/pure/micro_storyboard/B06/MSB184_v001.png,visual_assets/annotated/micro_storyboard/B06/MSB184_v001_annotated.png,16:9,横版全景,全体像素 / 敌人全部消失或倒地成低分辨率闪烁，不做血腥表现,清场瞬间 / 画面短促闪白,画面短促闪白,orthographic fixed,前景像素地砖/UI，中景像素角色，背景像素废楼走廊和电话亭,平面化 8-bit 街机光，有限色盘,no,yes,"yes, high-risk action or transition needs neighboring panels",欢乐庆祝、现代UI,UI 简洁，WIN 后静止，再 INSERT COIN 闪烁,WIN 静止后 INSERT COIN 尾针,"compact, do not cover faces/hands/key props"
MSB185,visual_assets/pure/micro_storyboard/B06/MSB185_v001.png,visual_assets/annotated/micro_storyboard/B06/MSB185_v001_annotated.png,16:9,横版中景,小川像素 / 像素小川站在左中，仍是紧张待机动作，没有胜利姿势,小川不庆祝 / 静止,静止,orthographic fixed,前景像素地砖/UI，中景像素角色，背景像素废楼走廊和电话亭,平面化 8-bit 街机光，有限色盘,no,no,"yes, high-risk action or transition needs neighboring panels",欢乐庆祝、现代UI,UI 简洁，WIN 后静止，再 INSERT COIN 闪烁,WIN 静止后 INSERT COIN 尾针,"compact, do not cover faces/hands/key props"
MSB186,visual_assets/pure/micro_storyboard/B06/MSB186_v001.png,visual_assets/annotated/micro_storyboard/B06/MSB186_v001_annotated.png,16:9,横版全景/UI,UI/小川 / 巨大黄色像素字 WIN 出现在画面中央，背景仍是废楼像素走廊,WIN 居中 / UI 弹出,UI 弹出,orthographic fixed,前景像素地砖/UI，中景像素角色，背景像素废楼走廊和电话亭,平面化 8-bit 街机光，有限色盘,candidate,candidate,"yes, high-risk action or transition needs neighboring panels",欢乐庆祝、现代UI,UI 简洁，WIN 后静止，再 INSERT COIN 闪烁,WIN 静止后 INSERT COIN 尾针,"compact, do not cover faces/hands/key props"
MSB187,visual_assets/pure/micro_storyboard/B06/MSB187_v001.png,visual_assets/annotated/micro_storyboard/B06/MSB187_v001_annotated.png,16:9,横版全景/UI,UI/环境 / WIN 保持不动，像街机卡住一样安静，电话亭轮廓仍在背景,一秒安静 / 几乎静止,几乎静止,orthographic fixed,前景像素地砖/UI，中景像素角色，背景像素废楼走廊和电话亭,平面化 8-bit 街机光，有限色盘,no,no,"yes, high-risk action or transition needs neighboring panels",欢乐庆祝、现代UI,UI 简洁，WIN 后静止，再 INSERT COIN 闪烁,WIN 静止后 INSERT COIN 尾针,"compact, do not cover faces/hands/key props"
MSB188,visual_assets/pure/micro_storyboard/B06/MSB188_v001.png,visual_assets/annotated/micro_storyboard/B06/MSB188_v001_annotated.png,16:9,横版全景/UI,UI/环境 / 画面角落闪出 INSERT COIN，WIN 仍在，街机待机感吞掉结局,INSERT COIN 尾针 / 文字闪烁,文字闪烁,orthographic fixed,前景像素地砖/UI，中景像素角色，背景像素废楼走廊和电话亭,平面化 8-bit 街机光，有限色盘,candidate,candidate,"yes, high-risk action or transition needs neighboring panels",欢乐庆祝、现代UI,UI 简洁，WIN 后静止，再 INSERT COIN 闪烁,WIN 静止后 INSERT COIN 尾针,"compact, do not cover faces/hands/key props"
