panel_id,batch,clip,clip_title,priority,story_stage,pure_path,annotated_path,whitebox_reference_path,status,production_order,notes
MSB001,B01,01,老小区建立,A,S0_START_CLEAN,visual_assets/pure/micro_storyboard/B01/MSB001_v001.png,visual_assets/annotated/micro_storyboard/B01/MSB001_v001_annotated.png,whitebox_renders_v2/B01/WB2_COMPOUND_MSB001.png,generated_passed_qa,1,pure generated and QA passed; image=1672x941; annotated_exists=True
MSB002,B01,01,老小区建立,A,S0_START_CLEAN,visual_assets/pure/micro_storyboard/B01/MSB002_v001.png,visual_assets/annotated/micro_storyboard/B01/MSB002_v001_annotated.png,whitebox_renders_v2/B01/WB2_COMPOUND_MSB002.png,generated_passed_qa,2,pure generated and QA passed; image=1672x941; annotated_exists=True
MSB003,B01,01,老小区建立,A,S0_START_CLEAN,visual_assets/pure/micro_storyboard/B01/MSB003_v001.png,visual_assets/annotated/micro_storyboard/B01/MSB003_v001_annotated.png,whitebox_renders_v2/B01/WB2_COMPOUND_MSB003.png,generated_passed_qa,3,pure generated and QA passed; image=1672x941; annotated_exists=True
MSB007,B01,01,老小区建立,A,S0_START_CLEAN,visual_assets/pure/micro_storyboard/B01/MSB007_v001.png,visual_assets/annotated/micro_storyboard/B01/MSB007_v001_annotated.png,whitebox_renders_v2/B01/WB2_COMPOUND_MSB007.png,generated_passed_qa,4,pure generated and QA passed; image=1672x941; annotated_exists=True
MSB008,B01,01,老小区建立,A,S0_START_CLEAN,visual_assets/pure/micro_storyboard/B01/MSB008_v001.png,visual_assets/annotated/micro_storyboard/B01/MSB008_v001_annotated.png,whitebox_renders_v2/B01/WB2_COMPOUND_MSB008.png,generated_passed_qa,5,pure generated and QA passed; image=1672x941; annotated_exists=True
MSB009,B01,02,三兄弟靠近,A,S0_START_CLEAN,visual_assets/pure/micro_storyboard/B01/MSB009_v001.png,visual_assets/annotated/micro_storyboard/B01/MSB009_v001_annotated.png,whitebox_renders_v2/B01/WB2_COMPOUND_MSB009.png,generated_passed_qa,6,pure generated and QA passed; image=1672x941; annotated_exists=True
MSB010,B01,02,三兄弟靠近,A,S0_START_CLEAN,visual_assets/pure/micro_storyboard/B01/MSB010_v001.png,visual_assets/annotated/micro_storyboard/B01/MSB010_v001_annotated.png,whitebox_renders_v2/B01/WB2_COMPOUND_MSB010.png,generated_passed_qa,7,pure generated and QA passed; image=1672x941; annotated_exists=True
MSB011,B01,02,三兄弟靠近,A,S0_START_CLEAN,visual_assets/pure/micro_storyboard/B01/MSB011_v001.png,visual_assets/annotated/micro_storyboard/B01/MSB011_v001_annotated.png,whitebox_renders_v2/B01/WB2_COMPOUND_MSB011.png,generated_passed_qa,8,pure generated and QA passed; image=1672x941; annotated_exists=True
MSB012,B01,02,三兄弟靠近,A,S0_START_CLEAN,visual_assets/pure/micro_storyboard/B01/MSB012_v001.png,visual_assets/annotated/micro_storyboard/B01/MSB012_v001_annotated.png,whitebox_renders_v2/B01/WB2_COMPOUND_MSB012.png,generated_passed_qa,9,pure generated and QA passed; image=1672x941; annotated_exists=True
MSB014,B01,02,三兄弟靠近,A,S0_START_CLEAN,visual_assets/pure/micro_storyboard/B01/MSB014_v001.png,visual_assets/annotated/micro_storyboard/B01/MSB014_v001_annotated.png,whitebox_renders_v2/B01/WB2_COMPOUND_MSB014.png,generated_passed_qa,10,pure generated and QA passed; image=1672x941; annotated_exists=True
MSB016,B01,02,三兄弟靠近,A,S0_START_CLEAN,visual_assets/pure/micro_storyboard/B01/MSB016_v001.png,visual_assets/annotated/micro_storyboard/B01/MSB016_v001_annotated.png,whitebox_renders_v2/B01/WB2_COMPOUND_MSB016.png,generated_passed_qa,11,pure generated and QA passed; image=1672x941; annotated_exists=True
MSB018,B01,02,三兄弟靠近,A,S0_START_CLEAN,visual_assets/pure/micro_storyboard/B01/MSB018_v001.png,visual_assets/annotated/micro_storyboard/B01/MSB018_v001_annotated.png,whitebox_renders_v2/B01/WB2_COMPOUND_MSB018.png,generated_passed_qa,12,pure generated and QA passed; image=1672x941; annotated_exists=True
MSB086,B04,10,围殴哥哥,A,S3_ALLEY_PRESSURE,visual_assets/pure/micro_storyboard/B04/MSB086_v001.png,visual_assets/annotated/micro_storyboard/B04/MSB086_v001_annotated.png,whitebox_renders_v2/B04/WB2_ALLEY_MSB086.png,blocked_generation_policy_retry_needed,13,Built-in image generation rejected MSB086 twice even after rewriting as non-contact alley pressure; likely child/teen intimidation safety trigger. Use whitebox fallback in review video; retry later with a safer symbolic/offscreen approach or approved production model.
MSB088,B04,10,围殴哥哥,A,S3_ALLEY_PRESSURE,visual_assets/pure/micro_storyboard/B04/MSB088_v001.png,visual_assets/annotated/micro_storyboard/B04/MSB088_v001_annotated.png,whitebox_renders_v2/B04/WB2_ALLEY_MSB088.png,blocked_generation_policy_retry_needed,14,Built-in image generation rejected MSB088 even after rewriting as non-contact alley path-blocking; likely youth intimidation safety trigger. Use whitebox fallback in review video; retry later with symbolic/offscreen framing or approved production model.
MSB089,B04,10,围殴哥哥,A,S3_ALLEY_PRESSURE,visual_assets/pure/micro_storyboard/B04/MSB089_v001.png,visual_assets/annotated/micro_storyboard/B04/MSB089_v001_annotated.png,whitebox_renders_v2/B04/WB2_ALLEY_MSB089.png,blocked_generation_policy_retry_needed,15,Built-in image generation rejected MSB089 after rewriting as non-contact alley crowding/body-distance pressure; likely youth intimidation safety trigger. Use whitebox fallback in review video; retry later with symbolic/offscreen framing or approved production model.
MSB091,B04,10,围殴哥哥,A,S3_ALLEY_PRESSURE,visual_assets/pure/micro_storyboard/B04/MSB091_v001.png,visual_assets/annotated/micro_storyboard/B04/MSB091_v001_annotated.png,whitebox_renders_v2/B04/WB2_ALLEY_MSB091.png,blocked_generation_policy_retry_needed,16,Built-in image generation rejected MSB091 even as a symbolic non-contact alley standoff; this confirms S3 alley-pressure direct photoreal generation is policy-sensitive. Use whitebox fallback in review video; retry later with offscreen/symbolic framing or approved production model.
MSB092,B04,10,围殴哥哥,A,S3_ALLEY_PRESSURE,visual_assets/pure/micro_storyboard/B04/MSB092_v001.png,visual_assets/annotated/micro_storyboard/B04/MSB092_v001_annotated.png,whitebox_renders_v2/B04/WB2_ALLEY_MSB092.png,generated_passed_qa,17,pure generated and QA passed; image=1672x941; annotated_exists=True
MSB093,B04,10,围殴哥哥,A,S3_ALLEY_PRESSURE,visual_assets/pure/micro_storyboard/B04/MSB093_v001.png,visual_assets/annotated/micro_storyboard/B04/MSB093_v001_annotated.png,whitebox_renders_v2/B04/WB2_ALLEY_MSB093.png,generated_passed_qa,18,pure generated and QA passed; image=1672x941; annotated_exists=True
MSB095,B04,10,围殴哥哥,A,S3_ALLEY_PRESSURE,visual_assets/pure/micro_storyboard/B04/MSB095_v001.png,visual_assets/annotated/micro_storyboard/B04/MSB095_v001_annotated.png,whitebox_renders_v2/B04/WB2_ALLEY_MSB095.png,generated_passed_qa,19,pure generated and QA passed; image=1672x941; annotated_exists=True
MSB096,B04,10,围殴哥哥,A,S3_ALLEY_PRESSURE,visual_assets/pure/micro_storyboard/B04/MSB096_v001.png,visual_assets/annotated/micro_storyboard/B04/MSB096_v001_annotated.png,whitebox_renders_v2/B04/WB2_ALLEY_MSB096.png,generated_passed_qa,20,pure generated and QA passed; image=1672x941; annotated_exists=True
MSB097,B04,10,围殴哥哥,A,S3_ALLEY_PRESSURE,visual_assets/pure/micro_storyboard/B04/MSB097_v001.png,visual_assets/annotated/micro_storyboard/B04/MSB097_v001_annotated.png,whitebox_renders_v2/B04/WB2_ALLEY_MSB097.png,generated_passed_qa,21,pure generated and QA passed; image=1672x941; annotated_exists=True
MSB098,B04,11,石块失手,A,S4_STONE_ACCIDENT,visual_assets/pure/micro_storyboard/B04/MSB098_v001.png,visual_assets/annotated/micro_storyboard/B04/MSB098_v001_annotated.png,whitebox_renders_v2/B04/WB2_ALLEY_MSB098.png,generated_passed_qa,22,pure generated and QA passed; image=1672x941; annotated_exists=True
MSB099,B04,11,石块失手,A,S4_STONE_ACCIDENT,visual_assets/pure/micro_storyboard/B04/MSB099_v001.png,visual_assets/annotated/micro_storyboard/B04/MSB099_v001_annotated.png,whitebox_renders_v2/B04/WB2_ALLEY_MSB099.png,generated_passed_qa,23,pure generated and QA passed; image=1672x941; annotated_exists=True
MSB101,B04,11,石块失手,A,S4_STONE_ACCIDENT,visual_assets/pure/micro_storyboard/B04/MSB101_v001.png,visual_assets/annotated/micro_storyboard/B04/MSB101_v001_annotated.png,whitebox_renders_v2/B04/WB2_ALLEY_MSB101.png,generated_passed_qa,24,pure generated and QA passed; image=1672x941; annotated_exists=True
MSB102,B04,11,石块失手,A,S4_STONE_ACCIDENT,visual_assets/pure/micro_storyboard/B04/MSB102_v001.png,visual_assets/annotated/micro_storyboard/B04/MSB102_v001_annotated.png,whitebox_renders_v2/B04/WB2_ALLEY_MSB102.png,generated_passed_qa,25,pure generated and QA passed; image=1672x941; annotated_exists=True
MSB103,B04,11,石块失手,A,S4_STONE_ACCIDENT,visual_assets/pure/micro_storyboard/B04/MSB103_v001.png,visual_assets/annotated/micro_storyboard/B04/MSB103_v001_annotated.png,whitebox_renders_v2/B04/WB2_ALLEY_MSB103.png,generated_passed_qa,26,pure generated and QA passed; image=1672x941; annotated_exists=True
MSB104,B04,11,石块失手,A,S4_STONE_ACCIDENT,visual_assets/pure/micro_storyboard/B04/MSB104_v001.png,visual_assets/annotated/micro_storyboard/B04/MSB104_v001_annotated.png,whitebox_renders_v2/B04/WB2_ALLEY_MSB104.png,generated_passed_qa,27,pure generated and QA passed; image=1672x941; annotated_exists=True
MSB105,B04,11,石块失手,A,S4_STONE_ACCIDENT,visual_assets/pure/micro_storyboard/B04/MSB105_v001.png,visual_assets/annotated/micro_storyboard/B04/MSB105_v001_annotated.png,whitebox_renders_v2/B04/WB2_ALLEY_MSB105.png,generated_passed_qa,28,pure generated and QA passed; image=1672x940; annotated_exists=True
MSB106,B04,11,石块失手,A,S4_STONE_ACCIDENT,visual_assets/pure/micro_storyboard/B04/MSB106_v001.png,visual_assets/annotated/micro_storyboard/B04/MSB106_v001_annotated.png,whitebox_renders_v2/B04/WB2_ALLEY_MSB106.png,generated_passed_qa,29,pure generated and QA passed; image=1672x940; annotated_exists=True
MSB107,B04,11,石块失手,A,S4_STONE_ACCIDENT,visual_assets/pure/micro_storyboard/B04/MSB107_v001.png,visual_assets/annotated/micro_storyboard/B04/MSB107_v001_annotated.png,whitebox_renders_v2/B04/WB2_ALLEY_MSB107.png,generated_passed_qa,30,pure generated and QA passed; image=1672x940; annotated_exists=True
MSB108,B04,12,主角逃跑,A,S5_ESCAPE_DIRTY,visual_assets/pure/micro_storyboard/B04/MSB108_v001.png,visual_assets/annotated/micro_storyboard/B04/MSB108_v001_annotated.png,whitebox_renders_v2/B04/WB2_ALLEY_MSB108.png,blocked_generation_policy_retry_needed,31,Built-in image generation rejected MSB108 even as a solo nonviolent escape-motion frame; likely youth panic/flight safety trigger. Use whitebox fallback in review video; retry later with symbolic/offscreen framing or approved production model.
MSB109,B04,12,主角逃跑,A,S5_ESCAPE_DIRTY,visual_assets/pure/micro_storyboard/B04/MSB109_v001.png,visual_assets/annotated/micro_storyboard/B04/MSB109_v001_annotated.png,whitebox_renders_v2/B04/WB2_ALLEY_MSB109.png,generated_passed_qa,32,pure generated and QA passed; image=1672x941; annotated_exists=True
MSB110,B04,12,主角逃跑,A,S5_ESCAPE_DIRTY,visual_assets/pure/micro_storyboard/B04/MSB110_v001.png,visual_assets/annotated/micro_storyboard/B04/MSB110_v001_annotated.png,whitebox_renders_v2/B04/WB2_ALLEY_MSB110.png,generated_passed_qa,33,pure generated and QA passed; image=1672x941; annotated_exists=True
MSB112,B04,12,主角逃跑,A,S5_ESCAPE_DIRTY,visual_assets/pure/micro_storyboard/B04/MSB112_v001.png,visual_assets/annotated/micro_storyboard/B04/MSB112_v001_annotated.png,whitebox_renders_v2/B04/WB2_ALLEY_MSB112.png,generated_passed_qa,34,pure generated and QA passed; image=1672x941; annotated_exists=True
MSB113,B04,12,主角逃跑,A,S5_ESCAPE_DIRTY,visual_assets/pure/micro_storyboard/B04/MSB113_v001.png,visual_assets/annotated/micro_storyboard/B04/MSB113_v001_annotated.png,whitebox_renders_v2/B04/WB2_ALLEY_MSB113.png,generated_passed_qa,35,pure generated and QA passed; image=1672x940; annotated_exists=True
MSB115,B04,12,主角逃跑,A,S5_ESCAPE_DIRTY,visual_assets/pure/micro_storyboard/B04/MSB115_v001.png,visual_assets/annotated/micro_storyboard/B04/MSB115_v001_annotated.png,whitebox_renders_v2/B04/WB2_ALLEY_MSB115.png,generated_passed_qa,36,pure generated and QA passed; image=1672x941; annotated_exists=True
MSB116,B04,12,主角逃跑,A,S5_ESCAPE_DIRTY,visual_assets/pure/micro_storyboard/B04/MSB116_v001.png,visual_assets/annotated/micro_storyboard/B04/MSB116_v001_annotated.png,whitebox_renders_v2/B04/WB2_ALLEY_MSB116.png,generated_passed_qa,37,pure generated and QA passed; image=1672x940; annotated_exists=True
MSB117,B04,12,主角逃跑,A,S5_ESCAPE_DIRTY,visual_assets/pure/micro_storyboard/B04/MSB117_v001.png,visual_assets/annotated/micro_storyboard/B04/MSB117_v001_annotated.png,whitebox_renders_v2/B04/WB2_ALLEY_MSB117.png,generated_passed_qa,38,pure generated and QA passed; image=1672x941; annotated_exists=True
MSB118,B04,12,主角逃跑,A,S5_ESCAPE_DIRTY,visual_assets/pure/micro_storyboard/B04/MSB118_v001.png,visual_assets/annotated/micro_storyboard/B04/MSB118_v001_annotated.png,whitebox_renders_v2/B04/WB2_ALLEY_MSB118.png,generated_passed_qa,39,pure generated and QA passed; image=1672x940; annotated_exists=True
MSB119,B04,12,主角逃跑,A,S5_ESCAPE_DIRTY,visual_assets/pure/micro_storyboard/B04/MSB119_v001.png,visual_assets/annotated/micro_storyboard/B04/MSB119_v001_annotated.png,whitebox_renders_v2/B04/WB2_ALLEY_MSB119.png,generated_passed_qa,40,pure generated and QA passed; image=1672x941; annotated_exists=True
MSB120,B05,13,进入废楼,A,S6_CORRIDOR_PHONE_SHOCK,visual_assets/pure/micro_storyboard/B05/MSB120_v001.png,visual_assets/annotated/micro_storyboard/B05/MSB120_v001_annotated.png,whitebox_renders_v2/B05/WB2_CORRIDOR_MSB120.png,generated_passed_qa,41,pure generated and QA passed; image=1672x941; annotated_exists=True
MSB121,B05,13,进入废楼,A,S6_CORRIDOR_PHONE_SHOCK,visual_assets/pure/micro_storyboard/B05/MSB121_v001.png,visual_assets/annotated/micro_storyboard/B05/MSB121_v001_annotated.png,whitebox_renders_v2/B05/WB2_CORRIDOR_MSB121.png,generated_passed_qa,42,pure generated and QA passed; image=1672x941; annotated_exists=True
MSB122,B05,13,进入废楼,A,S6_CORRIDOR_PHONE_SHOCK,visual_assets/pure/micro_storyboard/B05/MSB122_v001.png,visual_assets/annotated/micro_storyboard/B05/MSB122_v001_annotated.png,whitebox_renders_v2/B05/WB2_CORRIDOR_MSB122.png,generated_passed_qa,43,pure generated and QA passed; image=1672x941; annotated_exists=True
MSB123,B05,13,进入废楼,A,S6_CORRIDOR_PHONE_SHOCK,visual_assets/pure/micro_storyboard/B05/MSB123_v001.png,visual_assets/annotated/micro_storyboard/B05/MSB123_v001_annotated.png,whitebox_renders_v2/B05/WB2_CORRIDOR_MSB123.png,generated_passed_qa,44,pure generated and QA passed; image=1672x941; annotated_exists=True
MSB125,B05,13,进入废楼,A,S6_CORRIDOR_PHONE_SHOCK,visual_assets/pure/micro_storyboard/B05/MSB125_v001.png,visual_assets/annotated/micro_storyboard/B05/MSB125_v001_annotated.png,whitebox_renders_v2/B05/WB2_CORRIDOR_MSB125.png,generated_passed_qa,45,pure generated and QA passed; image=1672x941; annotated_exists=True
MSB127,B05,13,进入废楼,A,S6_CORRIDOR_PHONE_SHOCK,visual_assets/pure/micro_storyboard/B05/MSB127_v001.png,visual_assets/annotated/micro_storyboard/B05/MSB127_v001_annotated.png,whitebox_renders_v2/B05/WB2_CORRIDOR_MSB127.png,generated_passed_qa,46,pure generated and QA passed; image=1672x941; annotated_exists=True
MSB129,B05,14,无限走廊,A,S6_CORRIDOR_PHONE_SHOCK,visual_assets/pure/micro_storyboard/B05/MSB129_v001.png,visual_assets/annotated/micro_storyboard/B05/MSB129_v001_annotated.png,whitebox_renders_v2/B05/WB2_CORRIDOR_MSB129.png,generated_passed_qa,47,pure generated and QA passed; image=1672x941; annotated_exists=True
MSB130,B05,14,无限走廊,A,S6_CORRIDOR_PHONE_SHOCK,visual_assets/pure/micro_storyboard/B05/MSB130_v001.png,visual_assets/annotated/micro_storyboard/B05/MSB130_v001_annotated.png,whitebox_renders_v2/B05/WB2_CORRIDOR_MSB130.png,generated_passed_qa,48,pure generated and QA passed; image=1672x941; annotated_exists=True
MSB131,B05,14,无限走廊,A,S6_CORRIDOR_PHONE_SHOCK,visual_assets/pure/micro_storyboard/B05/MSB131_v001.png,visual_assets/annotated/micro_storyboard/B05/MSB131_v001_annotated.png,whitebox_renders_v2/B05/WB2_CORRIDOR_MSB131.png,generated_passed_qa,49,pure generated and QA passed; image=1672x941; annotated_exists=True
MSB132,B05,14,无限走廊,A,S6_CORRIDOR_PHONE_SHOCK,visual_assets/pure/micro_storyboard/B05/MSB132_v001.png,visual_assets/annotated/micro_storyboard/B05/MSB132_v001_annotated.png,whitebox_renders_v2/B05/WB2_CORRIDOR_MSB132.png,generated_passed_qa,50,pure generated and QA passed; image=1672x941; annotated_exists=True
MSB134,B05,14,无限走廊,A,S6_CORRIDOR_PHONE_SHOCK,visual_assets/pure/micro_storyboard/B05/MSB134_v001.png,visual_assets/annotated/micro_storyboard/B05/MSB134_v001_annotated.png,whitebox_renders_v2/B05/WB2_CORRIDOR_MSB134.png,generated_passed_qa,51,pure generated and QA passed; image=1672x941; annotated_exists=True
MSB136,B05,14,无限走廊,A,S6_CORRIDOR_PHONE_SHOCK,visual_assets/pure/micro_storyboard/B05/MSB136_v001.png,visual_assets/annotated/micro_storyboard/B05/MSB136_v001_annotated.png,whitebox_renders_v2/B05/WB2_CORRIDOR_MSB136.png,generated_passed_qa,52,pure generated and QA passed; image=1672x941; annotated_exists=True
MSB137,B05,14,无限走廊,A,S6_CORRIDOR_PHONE_SHOCK,visual_assets/pure/micro_storyboard/B05/MSB137_v001.png,visual_assets/annotated/micro_storyboard/B05/MSB137_v001_annotated.png,whitebox_renders_v2/B05/WB2_CORRIDOR_MSB137.png,generated_passed_qa,53,pure generated and QA passed; image=1672x941; annotated_exists=True
MSB138,B05,14,无限走廊,A,S6_CORRIDOR_PHONE_SHOCK,visual_assets/pure/micro_storyboard/B05/MSB138_v001.png,visual_assets/annotated/micro_storyboard/B05/MSB138_v001_annotated.png,whitebox_renders_v2/B05/WB2_CORRIDOR_MSB138.png,generated_passed_qa,54,pure generated and QA passed; image=1672x941; annotated_exists=True
MSB139,B05,15,远处电话亭,A,S6_CORRIDOR_PHONE_SHOCK,visual_assets/pure/micro_storyboard/B05/MSB139_v001.png,visual_assets/annotated/micro_storyboard/B05/MSB139_v001_annotated.png,whitebox_renders_v2/B05/WB2_PHONE_MSB139.png,generated_passed_qa,55,pure generated and QA passed; image=1672x941; annotated_exists=True
MSB140,B05,15,远处电话亭,A,S6_CORRIDOR_PHONE_SHOCK,visual_assets/pure/micro_storyboard/B05/MSB140_v001.png,visual_assets/annotated/micro_storyboard/B05/MSB140_v001_annotated.png,whitebox_renders_v2/B05/WB2_PHONE_MSB140.png,generated_passed_qa,56,pure generated and QA passed; image=1672x941; annotated_exists=True
MSB141,B05,15,远处电话亭,A,S6_CORRIDOR_PHONE_SHOCK,visual_assets/pure/micro_storyboard/B05/MSB141_v001.png,visual_assets/annotated/micro_storyboard/B05/MSB141_v001_annotated.png,whitebox_renders_v2/B05/WB2_PHONE_MSB141.png,generated_passed_qa,57,pure generated and QA passed; image=1672x941; annotated_exists=True
MSB142,B05,15,远处电话亭,A,S6_CORRIDOR_PHONE_SHOCK,visual_assets/pure/micro_storyboard/B05/MSB142_v001.png,visual_assets/annotated/micro_storyboard/B05/MSB142_v001_annotated.png,whitebox_renders_v2/B05/WB2_PHONE_MSB142.png,generated_passed_qa,58,pure generated and QA passed; image=1672x941; annotated_exists=True
MSB143,B05,15,远处电话亭,A,S6_CORRIDOR_PHONE_SHOCK,visual_assets/pure/micro_storyboard/B05/MSB143_v001.png,visual_assets/annotated/micro_storyboard/B05/MSB143_v001_annotated.png,whitebox_renders_v2/B05/WB2_PHONE_MSB143.png,generated_passed_qa,59,pure generated and QA passed; image=1672x941; annotated_exists=True
MSB146,B05,15,远处电话亭,A,S6_CORRIDOR_PHONE_SHOCK,visual_assets/pure/micro_storyboard/B05/MSB146_v001.png,visual_assets/annotated/micro_storyboard/B05/MSB146_v001_annotated.png,whitebox_renders_v2/B05/WB2_PHONE_MSB146.png,generated_passed_qa,60,pure generated and QA passed; image=1672x941; annotated_exists=True
MSB147,B05,16,靠近电话亭,A,S6_CORRIDOR_PHONE_SHOCK,visual_assets/pure/micro_storyboard/B05/MSB147_v001.png,visual_assets/annotated/micro_storyboard/B05/MSB147_v001_annotated.png,whitebox_renders_v2/B05/WB2_PHONE_MSB147.png,generated_passed_qa,61,pure generated and QA passed; image=1672x941; annotated_exists=True
MSB148,B05,16,靠近电话亭,A,S6_CORRIDOR_PHONE_SHOCK,visual_assets/pure/micro_storyboard/B05/MSB148_v001.png,visual_assets/annotated/micro_storyboard/B05/MSB148_v001_annotated.png,whitebox_renders_v2/B05/WB2_PHONE_MSB148.png,generated_passed_qa,62,pure generated and QA passed; image=1672x941; annotated_exists=True
MSB150,B05,16,靠近电话亭,A,S6_CORRIDOR_PHONE_SHOCK,visual_assets/pure/micro_storyboard/B05/MSB150_v001.png,visual_assets/annotated/micro_storyboard/B05/MSB150_v001_annotated.png,whitebox_renders_v2/B05/WB2_PHONE_MSB150.png,generated_passed_qa,63,pure generated and QA passed; image=1672x941; annotated_exists=True
MSB151,B05,16,靠近电话亭,A,S6_CORRIDOR_PHONE_SHOCK,visual_assets/pure/micro_storyboard/B05/MSB151_v001.png,visual_assets/annotated/micro_storyboard/B05/MSB151_v001_annotated.png,whitebox_renders_v2/B05/WB2_PHONE_MSB151.png,generated_passed_qa,64,pure generated and QA passed; image=1672x941; annotated_exists=True
MSB152,B05,16,靠近电话亭,A,S6_CORRIDOR_PHONE_SHOCK,visual_assets/pure/micro_storyboard/B05/MSB152_v001.png,visual_assets/annotated/micro_storyboard/B05/MSB152_v001_annotated.png,whitebox_renders_v2/B05/WB2_PHONE_MSB152.png,generated_passed_qa,65,pure generated and QA passed; image=1672x941; annotated_exists=True
MSB154,B05,16,靠近电话亭,A,S6_CORRIDOR_PHONE_SHOCK,visual_assets/pure/micro_storyboard/B05/MSB154_v001.png,visual_assets/annotated/micro_storyboard/B05/MSB154_v001_annotated.png,whitebox_renders_v2/B05/WB2_PHONE_MSB154.png,generated_passed_qa,66,pure generated and QA passed; image=1672x941; annotated_exists=True
MSB155,B06,17,接起电话,A,S7_PHONE_ELECTRONICIZATION,visual_assets/pure/micro_storyboard/B06/MSB155_v001.png,visual_assets/annotated/micro_storyboard/B06/MSB155_v001_annotated.png,whitebox_renders_v2/B06/WB2_PHONE_MSB155.png,generated_passed_qa,67,pure generated and QA passed; image=1672x941; annotated_exists=True
MSB156,B06,17,接起电话,A,S7_PHONE_ELECTRONICIZATION,visual_assets/pure/micro_storyboard/B06/MSB156_v001.png,visual_assets/annotated/micro_storyboard/B06/MSB156_v001_annotated.png,whitebox_renders_v2/B06/WB2_PHONE_MSB156.png,generated_passed_qa,68,pure generated and QA passed; image=1672x941; annotated_exists=True
MSB157,B06,17,接起电话,A,S7_PHONE_ELECTRONICIZATION,visual_assets/pure/micro_storyboard/B06/MSB157_v001.png,visual_assets/annotated/micro_storyboard/B06/MSB157_v001_annotated.png,whitebox_renders_v2/B06/WB2_PHONE_MSB157.png,generated_passed_qa,69,pure generated and QA passed; image=1672x941; annotated_exists=True
MSB158,B06,17,接起电话,A,S7_PHONE_ELECTRONICIZATION,visual_assets/pure/micro_storyboard/B06/MSB158_v001.png,visual_assets/annotated/micro_storyboard/B06/MSB158_v001_annotated.png,whitebox_renders_v2/B06/WB2_PHONE_MSB158.png,generated_passed_qa,70,pure generated and QA passed; image=1672x941; annotated_exists=True
MSB160,B06,17,接起电话,A,S7_PHONE_ELECTRONICIZATION,visual_assets/pure/micro_storyboard/B06/MSB160_v001.png,visual_assets/annotated/micro_storyboard/B06/MSB160_v001_annotated.png,whitebox_renders_v2/B06/WB2_PHONE_MSB160.png,generated_passed_qa,71,pure generated and QA passed; image=1672x941; annotated_exists=True
MSB161,B06,17,接起电话,A,S7_PHONE_ELECTRONICIZATION,visual_assets/pure/micro_storyboard/B06/MSB161_v001.png,visual_assets/annotated/micro_storyboard/B06/MSB161_v001_annotated.png,whitebox_renders_v2/B06/WB2_PHONE_MSB161.png,generated_passed_qa,72,pure generated and QA passed; image=1672x941; annotated_exists=True
MSB162,B06,18,电子化,A,S7_PHONE_ELECTRONICIZATION,visual_assets/pure/micro_storyboard/B06/MSB162_v001.png,visual_assets/annotated/micro_storyboard/B06/MSB162_v001_annotated.png,whitebox_renders_v2/B06/WB2_PHONE_MSB162.png,generated_passed_qa,73,pure generated and QA passed; image=1672x941; annotated_exists=True
MSB163,B06,18,电子化,A,S7_PHONE_ELECTRONICIZATION,visual_assets/pure/micro_storyboard/B06/MSB163_v001.png,visual_assets/annotated/micro_storyboard/B06/MSB163_v001_annotated.png,whitebox_renders_v2/B06/WB2_PHONE_MSB163.png,generated_passed_qa,74,pure generated and QA passed; image=1672x941; annotated_exists=True
MSB164,B06,18,电子化,A,S7_PHONE_ELECTRONICIZATION,visual_assets/pure/micro_storyboard/B06/MSB164_v001.png,visual_assets/annotated/micro_storyboard/B06/MSB164_v001_annotated.png,whitebox_renders_v2/B06/WB2_PHONE_MSB164.png,generated_passed_qa,75,pure generated and QA passed; image=1672x941; annotated_exists=True
MSB166,B06,18,电子化,A,S7_PHONE_ELECTRONICIZATION,visual_assets/pure/micro_storyboard/B06/MSB166_v001.png,visual_assets/annotated/micro_storyboard/B06/MSB166_v001_annotated.png,whitebox_renders_v2/B06/WB2_PHONE_MSB166.png,generated_passed_qa,76,pure generated and QA passed; image=1672x941; annotated_exists=True
MSB167,B06,18,电子化,A,S7_PHONE_ELECTRONICIZATION,visual_assets/pure/micro_storyboard/B06/MSB167_v001.png,visual_assets/annotated/micro_storyboard/B06/MSB167_v001_annotated.png,whitebox_renders_v2/B06/WB2_PHONE_MSB167.png,generated_passed_qa,77,pure generated and QA passed; image=1672x941; annotated_exists=True
MSB168,B06,18,电子化,A,S7_PHONE_ELECTRONICIZATION,visual_assets/pure/micro_storyboard/B06/MSB168_v001.png,visual_assets/annotated/micro_storyboard/B06/MSB168_v001_annotated.png,whitebox_renders_v2/B06/WB2_PHONE_MSB168.png,generated_passed_qa,78,pure generated and QA passed; image=1672x941; annotated_exists=True
MSB169,B06,18,电子化,A,S7_PHONE_ELECTRONICIZATION,visual_assets/pure/micro_storyboard/B06/MSB169_v001.png,visual_assets/annotated/micro_storyboard/B06/MSB169_v001_annotated.png,whitebox_renders_v2/B06/WB2_PHONE_MSB169.png,generated_passed_qa,79,pure generated and QA passed; image=1672x941; annotated_exists=True
MSB170,B06,19,进入8-bit关卡,A,S8_8BIT_TRANSLATED,visual_assets/pure/micro_storyboard/B06/MSB170_v001.png,visual_assets/annotated/micro_storyboard/B06/MSB170_v001_annotated.png,whitebox_renders_v2/B06/WB2_8BIT_MSB170.png,generated_passed_qa,80,pure generated and QA passed; image=1672x941; annotated_exists=True
MSB171,B06,19,进入8-bit关卡,A,S8_8BIT_TRANSLATED,visual_assets/pure/micro_storyboard/B06/MSB171_v001.png,visual_assets/annotated/micro_storyboard/B06/MSB171_v001_annotated.png,whitebox_renders_v2/B06/WB2_8BIT_MSB171.png,generated_passed_qa,81,pure generated and QA passed; image=1672x941; annotated_exists=True
MSB173,B06,19,进入8-bit关卡,A,S8_8BIT_TRANSLATED,visual_assets/pure/micro_storyboard/B06/MSB173_v001.png,visual_assets/annotated/micro_storyboard/B06/MSB173_v001_annotated.png,whitebox_renders_v2/B06/WB2_8BIT_MSB173.png,generated_passed_qa,82,pure generated and QA passed; image=1672x941; annotated_exists=True
MSB174,B06,19,进入8-bit关卡,A,S8_8BIT_TRANSLATED,visual_assets/pure/micro_storyboard/B06/MSB174_v001.png,visual_assets/annotated/micro_storyboard/B06/MSB174_v001_annotated.png,whitebox_renders_v2/B06/WB2_8BIT_MSB174.png,generated_passed_qa,83,pure generated and QA passed; image=1672x941; annotated_exists=True
MSB176,B06,19,进入8-bit关卡,A,S8_8BIT_TRANSLATED,visual_assets/pure/micro_storyboard/B06/MSB176_v001.png,visual_assets/annotated/micro_storyboard/B06/MSB176_v001_annotated.png,whitebox_renders_v2/B06/WB2_8BIT_MSB176.png,generated_passed_qa,84,pure generated and QA passed; image=1672x941; annotated_exists=True
MSB177,B06,19,进入8-bit关卡,A,S8_8BIT_TRANSLATED,visual_assets/pure/micro_storyboard/B06/MSB177_v001.png,visual_assets/annotated/micro_storyboard/B06/MSB177_v001_annotated.png,whitebox_renders_v2/B06/WB2_8BIT_MSB177.png,generated_passed_qa,85,pure generated and QA passed; image=1672x941; annotated_exists=True
MSB178,B06,20,WIN / INSERT COIN,A,S8_8BIT_TRANSLATED,visual_assets/pure/micro_storyboard/B06/MSB178_v001.png,visual_assets/annotated/micro_storyboard/B06/MSB178_v001_annotated.png,whitebox_renders_v2/B06/WB2_8BIT_MSB178.png,generated_passed_qa,86,pure generated and QA passed; image=1672x941; annotated_exists=True
MSB179,B06,20,WIN / INSERT COIN,A,S8_8BIT_TRANSLATED,visual_assets/pure/micro_storyboard/B06/MSB179_v001.png,visual_assets/annotated/micro_storyboard/B06/MSB179_v001_annotated.png,whitebox_renders_v2/B06/WB2_8BIT_MSB179.png,generated_passed_qa,87,pure generated and QA passed; image=1672x941; annotated_exists=True
MSB183,B06,20,WIN / INSERT COIN,A,S8_8BIT_TRANSLATED,visual_assets/pure/micro_storyboard/B06/MSB183_v001.png,visual_assets/annotated/micro_storyboard/B06/MSB183_v001_annotated.png,whitebox_renders_v2/B06/WB2_8BIT_MSB183.png,generated_passed_qa,88,pure generated and QA passed; image=1672x941; annotated_exists=True
MSB184,B06,20,WIN / INSERT COIN,A,S8_8BIT_TRANSLATED,visual_assets/pure/micro_storyboard/B06/MSB184_v001.png,visual_assets/annotated/micro_storyboard/B06/MSB184_v001_annotated.png,whitebox_renders_v2/B06/WB2_8BIT_MSB184.png,generated_passed_qa,89,pure generated and QA passed; image=1672x941; annotated_exists=True
MSB185,B06,20,WIN / INSERT COIN,A,S8_8BIT_TRANSLATED,visual_assets/pure/micro_storyboard/B06/MSB185_v001.png,visual_assets/annotated/micro_storyboard/B06/MSB185_v001_annotated.png,whitebox_renders_v2/B06/WB2_8BIT_MSB185.png,generated_passed_qa,90,pure generated and QA passed; image=1672x941; annotated_exists=True
MSB186,B06,20,WIN / INSERT COIN,A,S8_8BIT_TRANSLATED,visual_assets/pure/micro_storyboard/B06/MSB186_v001.png,visual_assets/annotated/micro_storyboard/B06/MSB186_v001_annotated.png,whitebox_renders_v2/B06/WB2_8BIT_MSB186.png,generated_passed_qa,91,pure generated and QA passed; image=1672x941; annotated_exists=True
MSB187,B06,20,WIN / INSERT COIN,A,S8_8BIT_TRANSLATED,visual_assets/pure/micro_storyboard/B06/MSB187_v001.png,visual_assets/annotated/micro_storyboard/B06/MSB187_v001_annotated.png,whitebox_renders_v2/B06/WB2_8BIT_MSB187.png,generated_passed_qa,92,pure generated and QA passed; image=1672x941; annotated_exists=True
MSB188,B06,20,WIN / INSERT COIN,A,S8_8BIT_TRANSLATED,visual_assets/pure/micro_storyboard/B06/MSB188_v001.png,visual_assets/annotated/micro_storyboard/B06/MSB188_v001_annotated.png,whitebox_renders_v2/B06/WB2_8BIT_MSB188.png,generated_passed_qa,93,pure generated and QA passed; image=1672x941; annotated_exists=True
MSB019,B01,03,游戏厅入口,A,S1_ARCADE_PLAY,visual_assets/pure/micro_storyboard/B01/MSB019_v001.png,visual_assets/annotated/micro_storyboard/B01/MSB019_v001_annotated.png,whitebox_renders_v2/B01/WB2_ARCADE_MSB019.png,generated_passed_qa,94,pure generated and QA passed; image=1672x941; annotated_exists=True
MSB020,B01,03,游戏厅入口,A,S1_ARCADE_PLAY,visual_assets/pure/micro_storyboard/B01/MSB020_v001.png,visual_assets/annotated/micro_storyboard/B01/MSB020_v001_annotated.png,whitebox_renders_v2/B01/WB2_ARCADE_MSB020.png,generated_passed_qa,95,pure generated and QA passed; image=1672x941; annotated_exists=True
MSB021,B01,03,游戏厅入口,A,S1_ARCADE_PLAY,visual_assets/pure/micro_storyboard/B01/MSB021_v001.png,visual_assets/annotated/micro_storyboard/B01/MSB021_v001_annotated.png,whitebox_renders_v2/B01/WB2_ARCADE_MSB021.png,generated_passed_qa,96,pure generated and QA passed; image=1672x941; annotated_exists=True
MSB022,B01,03,游戏厅入口,A,S1_ARCADE_PLAY,visual_assets/pure/micro_storyboard/B01/MSB022_v001.png,visual_assets/annotated/micro_storyboard/B01/MSB022_v001_annotated.png,whitebox_renders_v2/B01/WB2_ARCADE_MSB022.png,generated_passed_qa,97,pure generated and QA passed; image=1672x941; annotated_exists=True
MSB024,B01,03,游戏厅入口,A,S1_ARCADE_PLAY,visual_assets/pure/micro_storyboard/B01/MSB024_v001.png,visual_assets/annotated/micro_storyboard/B01/MSB024_v001_annotated.png,whitebox_renders_v2/B01/WB2_ARCADE_MSB024.png,generated_passed_qa,98,pure generated and QA passed; image=1672x941; annotated_exists=True
MSB027,B01,03,游戏厅入口,A,S1_ARCADE_PLAY,visual_assets/pure/micro_storyboard/B01/MSB027_v001.png,visual_assets/annotated/micro_storyboard/B01/MSB027_v001_annotated.png,whitebox_renders_v2/B01/WB2_ARCADE_MSB027.png,generated_passed_qa,99,pure generated and QA passed; image=1672x941; annotated_exists=True
MSB028,B01,03,游戏厅入口,A,S1_ARCADE_PLAY,visual_assets/pure/micro_storyboard/B01/MSB028_v001.png,visual_assets/annotated/micro_storyboard/B01/MSB028_v001_annotated.png,whitebox_renders_v2/B01/WB2_ARCADE_MSB028.png,generated_passed_qa,100,pure generated and QA passed; image=1672x940; annotated_exists=True
MSB029,B02,04,找到街霸,A,S1_ARCADE_PLAY,visual_assets/pure/micro_storyboard/B02/MSB029_v001.png,visual_assets/annotated/micro_storyboard/B02/MSB029_v001_annotated.png,whitebox_renders_v2/B02/WB2_ARCADE_MSB029.png,generated_passed_qa,101,pure generated and QA passed; image=1672x940; annotated_exists=True
MSB030,B02,04,找到街霸,A,S1_ARCADE_PLAY,visual_assets/pure/micro_storyboard/B02/MSB030_v001.png,visual_assets/annotated/micro_storyboard/B02/MSB030_v001_annotated.png,whitebox_renders_v2/B02/WB2_ARCADE_MSB030.png,generated_passed_qa,102,pure generated and QA passed; image=1672x941; annotated_exists=True
MSB031,B02,04,找到街霸,A,S1_ARCADE_PLAY,visual_assets/pure/micro_storyboard/B02/MSB031_v001.png,visual_assets/annotated/micro_storyboard/B02/MSB031_v001_annotated.png,whitebox_renders_v2/B02/WB2_ARCADE_MSB031.png,generated_passed_qa,103,pure generated and QA passed; image=1672x941; annotated_exists=True
MSB034,B02,04,找到街霸,A,S1_ARCADE_PLAY,visual_assets/pure/micro_storyboard/B02/MSB034_v001.png,visual_assets/annotated/micro_storyboard/B02/MSB034_v001_annotated.png,whitebox_renders_v2/B02/WB2_ARCADE_MSB034.png,generated_passed_qa,104,pure generated and QA passed; image=1672x941; annotated_exists=True
MSB035,B02,04,找到街霸,A,S1_ARCADE_PLAY,visual_assets/pure/micro_storyboard/B02/MSB035_v001.png,visual_assets/annotated/micro_storyboard/B02/MSB035_v001_annotated.png,whitebox_renders_v2/B02/WB2_ARCADE_MSB035.png,generated_passed_qa,105,pure generated and QA passed; image=1672x941; annotated_exists=True
MSB038,B02,05,哥哥打赢老大,A,S1_ARCADE_PLAY,visual_assets/pure/micro_storyboard/B02/MSB038_v001.png,visual_assets/annotated/micro_storyboard/B02/MSB038_v001_annotated.png,whitebox_renders_v2/B02/WB2_ARCADE_MSB038.png,generated_passed_qa,106,pure generated and QA passed; image=1672x941; annotated_exists=True
MSB040,B02,05,哥哥打赢老大,A,S1_ARCADE_PLAY,visual_assets/pure/micro_storyboard/B02/MSB040_v001.png,visual_assets/annotated/micro_storyboard/B02/MSB040_v001_annotated.png,whitebox_renders_v2/B02/WB2_ARCADE_MSB040.png,generated_passed_qa,107,pure generated and QA passed; image=1672x941; annotated_exists=True
MSB043,B02,05,哥哥打赢老大,A,S1_ARCADE_PLAY,visual_assets/pure/micro_storyboard/B02/MSB043_v001.png,visual_assets/annotated/micro_storyboard/B02/MSB043_v001_annotated.png,whitebox_renders_v2/B02/WB2_ARCADE_MSB043.png,generated_passed_qa,108,pure generated and QA passed; image=1672x941; annotated_exists=True
MSB044,B02,05,哥哥打赢老大,A,S1_ARCADE_PLAY,visual_assets/pure/micro_storyboard/B02/MSB044_v001.png,visual_assets/annotated/micro_storyboard/B02/MSB044_v001_annotated.png,whitebox_renders_v2/B02/WB2_ARCADE_MSB044.png,generated_passed_qa,109,pure generated and QA passed; image=1672x941; annotated_exists=True
MSB045,B02,05,哥哥打赢老大,A,S1_ARCADE_PLAY,visual_assets/pure/micro_storyboard/B02/MSB045_v001.png,visual_assets/annotated/micro_storyboard/B02/MSB045_v001_annotated.png,whitebox_renders_v2/B02/WB2_ARCADE_MSB045.png,generated_passed_qa,110,pure generated and QA passed; image=1672x941; annotated_exists=True
MSB046,B02,05,哥哥打赢老大,A,S1_ARCADE_PLAY,visual_assets/pure/micro_storyboard/B02/MSB046_v001.png,visual_assets/annotated/micro_storyboard/B02/MSB046_v001_annotated.png,whitebox_renders_v2/B02/WB2_ARCADE_MSB046.png,generated_passed_qa,111,pure generated and QA passed; image=1672x941; annotated_exists=True
MSB047,B02,05,哥哥打赢老大,A,S1_ARCADE_PLAY,visual_assets/pure/micro_storyboard/B02/MSB047_v001.png,visual_assets/annotated/micro_storyboard/B02/MSB047_v001_annotated.png,whitebox_renders_v2/B02/WB2_ARCADE_MSB047.png,generated_passed_qa,112,pure generated and QA passed; image=1672x941; annotated_exists=True
MSB049,B02,05,哥哥打赢老大,A,S1_ARCADE_PLAY,visual_assets/pure/micro_storyboard/B02/MSB049_v001.png,visual_assets/annotated/micro_storyboard/B02/MSB049_v001_annotated.png,whitebox_renders_v2/B02/WB2_ARCADE_MSB049.png,generated_passed_qa,113,pure generated and QA passed; image=1672x941; annotated_exists=True
MSB050,B02,06,老大记仇,A,S1_ARCADE_PLAY,visual_assets/pure/micro_storyboard/B02/MSB050_v001.png,visual_assets/annotated/micro_storyboard/B02/MSB050_v001_annotated.png,whitebox_renders_v2/B02/WB2_ARCADE_MSB050.png,generated_passed_qa,114,pure generated and QA passed; image=1672x941; annotated_exists=True
MSB051,B02,06,老大记仇,A,S1_ARCADE_PLAY,visual_assets/pure/micro_storyboard/B02/MSB051_v001.png,visual_assets/annotated/micro_storyboard/B02/MSB051_v001_annotated.png,whitebox_renders_v2/B02/WB2_ARCADE_MSB051.png,generated_passed_qa,115,pure generated and QA passed; image=1672x941; annotated_exists=True
MSB054,B02,06,老大记仇,A,S1_ARCADE_PLAY,visual_assets/pure/micro_storyboard/B02/MSB054_v001.png,visual_assets/annotated/micro_storyboard/B02/MSB054_v001_annotated.png,whitebox_renders_v2/B02/WB2_ARCADE_MSB054.png,generated_passed_qa,116,pure generated and QA passed; image=1672x941; annotated_exists=True
MSB055,B02,06,老大记仇,A,S1_ARCADE_PLAY,visual_assets/pure/micro_storyboard/B02/MSB055_v001.png,visual_assets/annotated/micro_storyboard/B02/MSB055_v001_annotated.png,whitebox_renders_v2/B02/WB2_ARCADE_MSB055.png,generated_passed_qa,117,pure generated and QA passed; image=1672x941; annotated_exists=True
MSB056,B02,06,老大记仇,A,S1_ARCADE_PLAY,visual_assets/pure/micro_storyboard/B02/MSB056_v001.png,visual_assets/annotated/micro_storyboard/B02/MSB056_v001_annotated.png,whitebox_renders_v2/B02/WB2_ARCADE_MSB056.png,generated_passed_qa,118,pure generated and QA passed; image=1672x941; annotated_exists=True
MSB058,B03,07,志得意满离开,A,S2_EXIT_TO_STANDOFF,visual_assets/pure/micro_storyboard/B03/MSB058_v001.png,visual_assets/annotated/micro_storyboard/B03/MSB058_v001_annotated.png,whitebox_renders_v2/B03/WB2_EXIT_MSB058.png,generated_passed_qa,119,pure generated and QA passed; image=1672x941; annotated_exists=True
MSB059,B03,07,志得意满离开,A,S2_EXIT_TO_STANDOFF,visual_assets/pure/micro_storyboard/B03/MSB059_v001.png,visual_assets/annotated/micro_storyboard/B03/MSB059_v001_annotated.png,whitebox_renders_v2/B03/WB2_EXIT_MSB059.png,generated_passed_qa,120,pure generated and QA passed; image=1672x941; annotated_exists=True
MSB062,B03,07,志得意满离开,A,S2_EXIT_TO_STANDOFF,visual_assets/pure/micro_storyboard/B03/MSB062_v001.png,visual_assets/annotated/micro_storyboard/B03/MSB062_v001_annotated.png,whitebox_renders_v2/B03/WB2_EXIT_MSB062.png,generated_passed_qa,121,pure generated and QA passed; image=1672x941; annotated_exists=True
MSB064,B03,07,志得意满离开,A,S2_EXIT_TO_STANDOFF,visual_assets/pure/micro_storyboard/B03/MSB064_v001.png,visual_assets/annotated/micro_storyboard/B03/MSB064_v001_annotated.png,whitebox_renders_v2/B03/WB2_EXIT_MSB064.png,generated_passed_qa,122,pure generated and QA passed; image=1672x941; annotated_exists=True
MSB065,B03,07,志得意满离开,A,S2_EXIT_TO_STANDOFF,visual_assets/pure/micro_storyboard/B03/MSB065_v001.png,visual_assets/annotated/micro_storyboard/B03/MSB065_v001_annotated.png,whitebox_renders_v2/B03/WB2_EXIT_MSB065.png,generated_passed_qa,123,pure generated and QA passed; image=1672x941; annotated_exists=True
MSB066,B03,08,偏僻小路,A,S2_EXIT_TO_STANDOFF,visual_assets/pure/micro_storyboard/B03/MSB066_v001.png,visual_assets/annotated/micro_storyboard/B03/MSB066_v001_annotated.png,whitebox_renders_v2/B03/WB2_ALLEY_MSB066.png,generated_passed_qa,124,pure generated and QA passed; image=1672x941; annotated_exists=True
MSB067,B03,08,偏僻小路,A,S2_EXIT_TO_STANDOFF,visual_assets/pure/micro_storyboard/B03/MSB067_v001.png,visual_assets/annotated/micro_storyboard/B03/MSB067_v001_annotated.png,whitebox_renders_v2/B03/WB2_ALLEY_MSB067.png,generated_passed_qa,125,pure generated and QA passed; image=1672x941; annotated_exists=True
MSB070,B03,08,偏僻小路,A,S2_EXIT_TO_STANDOFF,visual_assets/pure/micro_storyboard/B03/MSB070_v001.png,visual_assets/annotated/micro_storyboard/B03/MSB070_v001_annotated.png,whitebox_renders_v2/B03/WB2_ALLEY_MSB070.png,generated_passed_qa,126,pure generated and QA passed; image=1672x941; annotated_exists=True
MSB071,B03,08,偏僻小路,A,S2_EXIT_TO_STANDOFF,visual_assets/pure/micro_storyboard/B03/MSB071_v001.png,visual_assets/annotated/micro_storyboard/B03/MSB071_v001_annotated.png,whitebox_renders_v2/B03/WB2_ALLEY_MSB071.png,generated_passed_qa,127,pure generated and QA passed; image=1672x941; annotated_exists=True
MSB072,B03,08,偏僻小路,A,S2_EXIT_TO_STANDOFF,visual_assets/pure/micro_storyboard/B03/MSB072_v001.png,visual_assets/annotated/micro_storyboard/B03/MSB072_v001_annotated.png,whitebox_renders_v2/B03/WB2_ALLEY_MSB072.png,generated_passed_qa,128,pure generated and QA passed; image=1672x941; annotated_exists=True
MSB073,B03,08,偏僻小路,A,S2_EXIT_TO_STANDOFF,visual_assets/pure/micro_storyboard/B03/MSB073_v001.png,visual_assets/annotated/micro_storyboard/B03/MSB073_v001_annotated.png,whitebox_renders_v2/B03/WB2_ALLEY_MSB073.png,generated_passed_qa,129,pure generated and QA passed; image=1672x941; annotated_exists=True
MSB075,B03,08,偏僻小路,A,S2_EXIT_TO_STANDOFF,visual_assets/pure/micro_storyboard/B03/MSB075_v001.png,visual_assets/annotated/micro_storyboard/B03/MSB075_v001_annotated.png,whitebox_renders_v2/B03/WB2_ALLEY_MSB075.png,generated_passed_qa,130,pure generated and QA passed; image=1672x941; annotated_exists=True
MSB076,B03,09,四人堵路,A,S2_EXIT_TO_STANDOFF,visual_assets/pure/micro_storyboard/B03/MSB076_v001.png,visual_assets/annotated/micro_storyboard/B03/MSB076_v001_annotated.png,whitebox_renders_v2/B03/WB2_ALLEY_MSB076.png,generated_passed_qa,131,pure generated and QA passed; image=1672x941; annotated_exists=True
MSB077,B03,09,四人堵路,A,S2_EXIT_TO_STANDOFF,visual_assets/pure/micro_storyboard/B03/MSB077_v001.png,visual_assets/annotated/micro_storyboard/B03/MSB077_v001_annotated.png,whitebox_renders_v2/B03/WB2_ALLEY_MSB077.png,generated_passed_qa,132,pure generated and QA passed; image=1672x941; annotated_exists=True
MSB078,B03,09,四人堵路,A,S2_EXIT_TO_STANDOFF,visual_assets/pure/micro_storyboard/B03/MSB078_v001.png,visual_assets/annotated/micro_storyboard/B03/MSB078_v001_annotated.png,whitebox_renders_v2/B03/WB2_ALLEY_MSB078.png,generated_passed_qa,133,pure generated and QA passed; image=1672x941; annotated_exists=True
MSB081,B03,09,四人堵路,A,S2_EXIT_TO_STANDOFF,visual_assets/pure/micro_storyboard/B03/MSB081_v001.png,visual_assets/annotated/micro_storyboard/B03/MSB081_v001_annotated.png,whitebox_renders_v2/B03/WB2_ALLEY_MSB081.png,generated_passed_qa,134,pure generated and QA passed; image=1672x941; annotated_exists=True
MSB082,B03,09,四人堵路,A,S2_EXIT_TO_STANDOFF,visual_assets/pure/micro_storyboard/B03/MSB082_v001.png,visual_assets/annotated/micro_storyboard/B03/MSB082_v001_annotated.png,whitebox_renders_v2/B03/WB2_ALLEY_MSB082.png,generated_passed_qa,135,pure generated and QA passed; image=1672x941; annotated_exists=True
MSB084,B03,09,四人堵路,A,S2_EXIT_TO_STANDOFF,visual_assets/pure/micro_storyboard/B03/MSB084_v001.png,visual_assets/annotated/micro_storyboard/B03/MSB084_v001_annotated.png,whitebox_renders_v2/B03/WB2_ALLEY_MSB084.png,generated_passed_qa,136,pure generated and QA passed; image=1672x941; annotated_exists=True
MSB085,B03,09,四人堵路,A,S2_EXIT_TO_STANDOFF,visual_assets/pure/micro_storyboard/B03/MSB085_v001.png,visual_assets/annotated/micro_storyboard/B03/MSB085_v001_annotated.png,whitebox_renders_v2/B03/WB2_ALLEY_MSB085.png,generated_passed_qa,137,pure generated and QA passed; image=1672x941; annotated_exists=True
MSB004,B01,01,老小区建立,B,S0_START_CLEAN,visual_assets/pure/micro_storyboard/B01/MSB004_v001.png,visual_assets/annotated/micro_storyboard/B01/MSB004_v001_annotated.png,whitebox_renders_v2/B01/WB2_COMPOUND_MSB004.png,generated_passed_qa,138,pure generated and QA passed; image=1672x941; annotated_exists=True
MSB005,B01,01,老小区建立,B,S0_START_CLEAN,visual_assets/pure/micro_storyboard/B01/MSB005_v001.png,visual_assets/annotated/micro_storyboard/B01/MSB005_v001_annotated.png,whitebox_renders_v2/B01/WB2_COMPOUND_MSB005.png,generated_passed_qa,139,pure generated and QA passed; image=1672x941; annotated_exists=True
MSB006,B01,01,老小区建立,B,S0_START_CLEAN,visual_assets/pure/micro_storyboard/B01/MSB006_v001.png,visual_assets/annotated/micro_storyboard/B01/MSB006_v001_annotated.png,whitebox_renders_v2/B01/WB2_COMPOUND_MSB006.png,generated_passed_qa,140,pure generated and QA passed; image=1672x941; annotated_exists=True
MSB013,B01,02,三兄弟靠近,B,S0_START_CLEAN,visual_assets/pure/micro_storyboard/B01/MSB013_v001.png,visual_assets/annotated/micro_storyboard/B01/MSB013_v001_annotated.png,whitebox_renders_v2/B01/WB2_COMPOUND_MSB013.png,generated_passed_qa,141,pure generated and QA passed; image=1672x941; annotated_exists=True
MSB015,B01,02,三兄弟靠近,B,S0_START_CLEAN,visual_assets/pure/micro_storyboard/B01/MSB015_v001.png,visual_assets/annotated/micro_storyboard/B01/MSB015_v001_annotated.png,whitebox_renders_v2/B01/WB2_COMPOUND_MSB015.png,generated_passed_qa,142,pure generated and QA passed; image=1672x941; annotated_exists=True
MSB017,B01,02,三兄弟靠近,B,S0_START_CLEAN,visual_assets/pure/micro_storyboard/B01/MSB017_v001.png,visual_assets/annotated/micro_storyboard/B01/MSB017_v001_annotated.png,whitebox_renders_v2/B01/WB2_COMPOUND_MSB017.png,generated_passed_qa,143,pure generated and QA passed; image=1672x941; annotated_exists=True
MSB087,B04,10,围殴哥哥,B,S3_ALLEY_PRESSURE,visual_assets/pure/micro_storyboard/B04/MSB087_v001.png,visual_assets/annotated/micro_storyboard/B04/MSB087_v001_annotated.png,whitebox_renders_v2/B04/WB2_ALLEY_MSB087.png,generated_passed_qa,144,pure generated and QA passed; image=1672x941; annotated_exists=True
MSB090,B04,10,围殴哥哥,B,S3_ALLEY_PRESSURE,visual_assets/pure/micro_storyboard/B04/MSB090_v001.png,visual_assets/annotated/micro_storyboard/B04/MSB090_v001_annotated.png,whitebox_renders_v2/B04/WB2_ALLEY_MSB090.png,generated_passed_qa,145,pure generated and QA passed; image=1672x941; annotated_exists=True
MSB094,B04,10,围殴哥哥,B,S3_ALLEY_PRESSURE,visual_assets/pure/micro_storyboard/B04/MSB094_v001.png,visual_assets/annotated/micro_storyboard/B04/MSB094_v001_annotated.png,whitebox_renders_v2/B04/WB2_ALLEY_MSB094.png,generated_passed_qa,146,pure generated and QA passed; image=1672x941; annotated_exists=True
MSB100,B04,11,石块失手,B,S4_STONE_ACCIDENT,visual_assets/pure/micro_storyboard/B04/MSB100_v001.png,visual_assets/annotated/micro_storyboard/B04/MSB100_v001_annotated.png,whitebox_renders_v2/B04/WB2_ALLEY_MSB100.png,generated_passed_qa,147,pure generated and QA passed; image=1672x941; annotated_exists=True
MSB111,B04,12,主角逃跑,B,S5_ESCAPE_DIRTY,visual_assets/pure/micro_storyboard/B04/MSB111_v001.png,visual_assets/annotated/micro_storyboard/B04/MSB111_v001_annotated.png,whitebox_renders_v2/B04/WB2_ALLEY_MSB111.png,generated_passed_qa,148,pure generated and QA passed; image=1672x941; annotated_exists=True
MSB114,B04,12,主角逃跑,B,S5_ESCAPE_DIRTY,visual_assets/pure/micro_storyboard/B04/MSB114_v001.png,visual_assets/annotated/micro_storyboard/B04/MSB114_v001_annotated.png,whitebox_renders_v2/B04/WB2_ALLEY_MSB114.png,generated_passed_qa,149,pure generated and QA passed; image=1672x941; annotated_exists=True
MSB124,B05,13,进入废楼,B,S6_CORRIDOR_PHONE_SHOCK,visual_assets/pure/micro_storyboard/B05/MSB124_v001.png,visual_assets/annotated/micro_storyboard/B05/MSB124_v001_annotated.png,whitebox_renders_v2/B05/WB2_CORRIDOR_MSB124.png,generated_passed_qa,150,pure generated and QA passed; image=1672x941; annotated_exists=True
MSB128,B05,13,进入废楼,B,S6_CORRIDOR_PHONE_SHOCK,visual_assets/pure/micro_storyboard/B05/MSB128_v001.png,visual_assets/annotated/micro_storyboard/B05/MSB128_v001_annotated.png,whitebox_renders_v2/B05/WB2_CORRIDOR_MSB128.png,generated_passed_qa,151,pure generated and QA passed; image=1672x941; annotated_exists=True
MSB133,B05,14,无限走廊,B,S6_CORRIDOR_PHONE_SHOCK,visual_assets/pure/micro_storyboard/B05/MSB133_v001.png,visual_assets/annotated/micro_storyboard/B05/MSB133_v001_annotated.png,whitebox_renders_v2/B05/WB2_CORRIDOR_MSB133.png,generated_passed_qa,152,pure generated and QA passed; image=1672x941; annotated_exists=True
MSB135,B05,14,无限走廊,B,S6_CORRIDOR_PHONE_SHOCK,visual_assets/pure/micro_storyboard/B05/MSB135_v001.png,visual_assets/annotated/micro_storyboard/B05/MSB135_v001_annotated.png,whitebox_renders_v2/B05/WB2_CORRIDOR_MSB135.png,generated_passed_qa,153,pure generated and QA passed; image=1672x941; annotated_exists=True
MSB144,B05,15,远处电话亭,B,S6_CORRIDOR_PHONE_SHOCK,visual_assets/pure/micro_storyboard/B05/MSB144_v001.png,visual_assets/annotated/micro_storyboard/B05/MSB144_v001_annotated.png,whitebox_renders_v2/B05/WB2_PHONE_MSB144.png,generated_passed_qa,154,pure generated and QA passed; image=1672x941; annotated_exists=True
MSB145,B05,15,远处电话亭,B,S6_CORRIDOR_PHONE_SHOCK,visual_assets/pure/micro_storyboard/B05/MSB145_v001.png,visual_assets/annotated/micro_storyboard/B05/MSB145_v001_annotated.png,whitebox_renders_v2/B05/WB2_PHONE_MSB145.png,generated_passed_qa,155,pure generated and QA passed; image=1672x941; annotated_exists=True
MSB149,B05,16,靠近电话亭,B,S6_CORRIDOR_PHONE_SHOCK,visual_assets/pure/micro_storyboard/B05/MSB149_v001.png,visual_assets/annotated/micro_storyboard/B05/MSB149_v001_annotated.png,whitebox_renders_v2/B05/WB2_PHONE_MSB149.png,generated_passed_qa,156,pure generated and QA passed; image=1672x941; annotated_exists=True
MSB153,B05,16,靠近电话亭,B,S6_CORRIDOR_PHONE_SHOCK,visual_assets/pure/micro_storyboard/B05/MSB153_v001.png,visual_assets/annotated/micro_storyboard/B05/MSB153_v001_annotated.png,whitebox_renders_v2/B05/WB2_PHONE_MSB153.png,generated_passed_qa,157,pure generated and QA passed; image=1672x941; annotated_exists=True
MSB159,B06,17,接起电话,B,S7_PHONE_ELECTRONICIZATION,visual_assets/pure/micro_storyboard/B06/MSB159_v001.png,visual_assets/annotated/micro_storyboard/B06/MSB159_v001_annotated.png,whitebox_renders_v2/B06/WB2_PHONE_MSB159.png,generated_passed_qa,158,pure generated and QA passed; image=1672x941; annotated_exists=True
MSB165,B06,18,电子化,B,S7_PHONE_ELECTRONICIZATION,visual_assets/pure/micro_storyboard/B06/MSB165_v001.png,visual_assets/annotated/micro_storyboard/B06/MSB165_v001_annotated.png,whitebox_renders_v2/B06/WB2_PHONE_MSB165.png,generated_passed_qa,159,pure generated and QA passed; image=1672x941; annotated_exists=True
MSB172,B06,19,进入8-bit关卡,B,S8_8BIT_TRANSLATED,visual_assets/pure/micro_storyboard/B06/MSB172_v001.png,visual_assets/annotated/micro_storyboard/B06/MSB172_v001_annotated.png,whitebox_renders_v2/B06/WB2_8BIT_MSB172.png,generated_passed_qa,160,pure generated and QA passed; image=1672x941; annotated_exists=True
MSB175,B06,19,进入8-bit关卡,B,S8_8BIT_TRANSLATED,visual_assets/pure/micro_storyboard/B06/MSB175_v001.png,visual_assets/annotated/micro_storyboard/B06/MSB175_v001_annotated.png,whitebox_renders_v2/B06/WB2_8BIT_MSB175.png,generated_passed_qa,161,pure generated and QA passed; image=1672x941; annotated_exists=True
MSB180,B06,20,WIN / INSERT COIN,B,S8_8BIT_TRANSLATED,visual_assets/pure/micro_storyboard/B06/MSB180_v001.png,visual_assets/annotated/micro_storyboard/B06/MSB180_v001_annotated.png,whitebox_renders_v2/B06/WB2_8BIT_MSB180.png,generated_passed_qa,162,pure generated and QA passed; image=1672x941; annotated_exists=True
MSB181,B06,20,WIN / INSERT COIN,B,S8_8BIT_TRANSLATED,visual_assets/pure/micro_storyboard/B06/MSB181_v001.png,visual_assets/annotated/micro_storyboard/B06/MSB181_v001_annotated.png,whitebox_renders_v2/B06/WB2_8BIT_MSB181.png,generated_passed_qa,163,pure generated and QA passed; image=1672x941; annotated_exists=True
MSB182,B06,20,WIN / INSERT COIN,B,S8_8BIT_TRANSLATED,visual_assets/pure/micro_storyboard/B06/MSB182_v001.png,visual_assets/annotated/micro_storyboard/B06/MSB182_v001_annotated.png,whitebox_renders_v2/B06/WB2_8BIT_MSB182.png,generated_passed_qa,164,pure generated and QA passed; image=1672x941; annotated_exists=True
MSB023,B01,03,游戏厅入口,B,S1_ARCADE_PLAY,visual_assets/pure/micro_storyboard/B01/MSB023_v001.png,visual_assets/annotated/micro_storyboard/B01/MSB023_v001_annotated.png,whitebox_renders_v2/B01/WB2_ARCADE_MSB023.png,generated_passed_qa,165,pure generated and QA passed; image=1672x941; annotated_exists=True
MSB025,B01,03,游戏厅入口,B,S1_ARCADE_PLAY,visual_assets/pure/micro_storyboard/B01/MSB025_v001.png,visual_assets/annotated/micro_storyboard/B01/MSB025_v001_annotated.png,whitebox_renders_v2/B01/WB2_ARCADE_MSB025.png,generated_passed_qa,166,pure generated and QA passed; image=1672x941; annotated_exists=True
MSB032,B02,04,找到街霸,B,S1_ARCADE_PLAY,visual_assets/pure/micro_storyboard/B02/MSB032_v001.png,visual_assets/annotated/micro_storyboard/B02/MSB032_v001_annotated.png,whitebox_renders_v2/B02/WB2_ARCADE_MSB032.png,generated_passed_qa,167,pure generated and QA passed; image=1672x941; annotated_exists=True
MSB033,B02,04,找到街霸,B,S1_ARCADE_PLAY,visual_assets/pure/micro_storyboard/B02/MSB033_v001.png,visual_assets/annotated/micro_storyboard/B02/MSB033_v001_annotated.png,whitebox_renders_v2/B02/WB2_ARCADE_MSB033.png,generated_passed_qa,168,pure generated and QA passed; image=1672x941; annotated_exists=True
MSB036,B02,04,找到街霸,B,S1_ARCADE_PLAY,visual_assets/pure/micro_storyboard/B02/MSB036_v001.png,visual_assets/annotated/micro_storyboard/B02/MSB036_v001_annotated.png,whitebox_renders_v2/B02/WB2_ARCADE_MSB036.png,generated_passed_qa,169,pure generated and QA passed; image=1672x941; annotated_exists=True
MSB037,B02,04,找到街霸,B,S1_ARCADE_PLAY,visual_assets/pure/micro_storyboard/B02/MSB037_v001.png,visual_assets/annotated/micro_storyboard/B02/MSB037_v001_annotated.png,whitebox_renders_v2/B02/WB2_ARCADE_MSB037.png,generated_passed_qa,170,pure generated and QA passed; image=1672x940; annotated_exists=True
MSB039,B02,05,哥哥打赢老大,B,S1_ARCADE_PLAY,visual_assets/pure/micro_storyboard/B02/MSB039_v001.png,visual_assets/annotated/micro_storyboard/B02/MSB039_v001_annotated.png,whitebox_renders_v2/B02/WB2_ARCADE_MSB039.png,generated_passed_qa,171,pure generated and QA passed; image=1672x941; annotated_exists=True
MSB041,B02,05,哥哥打赢老大,B,S1_ARCADE_PLAY,visual_assets/pure/micro_storyboard/B02/MSB041_v001.png,visual_assets/annotated/micro_storyboard/B02/MSB041_v001_annotated.png,whitebox_renders_v2/B02/WB2_ARCADE_MSB041.png,generated_passed_qa,172,pure generated and QA passed; image=1672x941; annotated_exists=True
MSB042,B02,05,哥哥打赢老大,B,S1_ARCADE_PLAY,visual_assets/pure/micro_storyboard/B02/MSB042_v001.png,visual_assets/annotated/micro_storyboard/B02/MSB042_v001_annotated.png,whitebox_renders_v2/B02/WB2_ARCADE_MSB042.png,generated_passed_qa,173,pure generated and QA passed; image=1672x941; annotated_exists=True
MSB048,B02,05,哥哥打赢老大,B,S1_ARCADE_PLAY,visual_assets/pure/micro_storyboard/B02/MSB048_v001.png,visual_assets/annotated/micro_storyboard/B02/MSB048_v001_annotated.png,whitebox_renders_v2/B02/WB2_ARCADE_MSB048.png,generated_passed_qa,174,pure generated and QA passed; image=1672x941; annotated_exists=True
MSB052,B02,06,老大记仇,B,S1_ARCADE_PLAY,visual_assets/pure/micro_storyboard/B02/MSB052_v001.png,visual_assets/annotated/micro_storyboard/B02/MSB052_v001_annotated.png,whitebox_renders_v2/B02/WB2_ARCADE_MSB052.png,generated_passed_qa,175,pure generated and QA passed; image=1672x941; annotated_exists=True
MSB053,B02,06,老大记仇,B,S1_ARCADE_PLAY,visual_assets/pure/micro_storyboard/B02/MSB053_v001.png,visual_assets/annotated/micro_storyboard/B02/MSB053_v001_annotated.png,whitebox_renders_v2/B02/WB2_ARCADE_MSB053.png,generated_passed_qa,176,pure generated and QA passed; image=1672x941; annotated_exists=True
MSB057,B02,06,老大记仇,B,S1_ARCADE_PLAY,visual_assets/pure/micro_storyboard/B02/MSB057_v001.png,visual_assets/annotated/micro_storyboard/B02/MSB057_v001_annotated.png,whitebox_renders_v2/B02/WB2_ARCADE_MSB057.png,generated_passed_qa,177,pure generated and QA passed; image=1672x941; annotated_exists=True
MSB060,B03,07,志得意满离开,B,S2_EXIT_TO_STANDOFF,visual_assets/pure/micro_storyboard/B03/MSB060_v001.png,visual_assets/annotated/micro_storyboard/B03/MSB060_v001_annotated.png,whitebox_renders_v2/B03/WB2_EXIT_MSB060.png,generated_passed_qa,178,pure generated and QA passed; image=1672x941; annotated_exists=True
MSB061,B03,07,志得意满离开,B,S2_EXIT_TO_STANDOFF,visual_assets/pure/micro_storyboard/B03/MSB061_v001.png,visual_assets/annotated/micro_storyboard/B03/MSB061_v001_annotated.png,whitebox_renders_v2/B03/WB2_EXIT_MSB061.png,generated_passed_qa,179,pure generated and QA passed; image=1672x941; annotated_exists=True
MSB068,B03,08,偏僻小路,B,S2_EXIT_TO_STANDOFF,visual_assets/pure/micro_storyboard/B03/MSB068_v001.png,visual_assets/annotated/micro_storyboard/B03/MSB068_v001_annotated.png,whitebox_renders_v2/B03/WB2_ALLEY_MSB068.png,generated_passed_qa,180,pure generated and QA passed; image=1672x941; annotated_exists=True
MSB074,B03,08,偏僻小路,B,S2_EXIT_TO_STANDOFF,visual_assets/pure/micro_storyboard/B03/MSB074_v001.png,visual_assets/annotated/micro_storyboard/B03/MSB074_v001_annotated.png,whitebox_renders_v2/B03/WB2_ALLEY_MSB074.png,generated_passed_qa,181,pure generated and QA passed; image=1672x941; annotated_exists=True
MSB079,B03,09,四人堵路,B,S2_EXIT_TO_STANDOFF,visual_assets/pure/micro_storyboard/B03/MSB079_v001.png,visual_assets/annotated/micro_storyboard/B03/MSB079_v001_annotated.png,whitebox_renders_v2/B03/WB2_ALLEY_MSB079.png,generated_passed_qa,182,pure generated and QA passed; image=1672x941; annotated_exists=True
MSB080,B03,09,四人堵路,B,S2_EXIT_TO_STANDOFF,visual_assets/pure/micro_storyboard/B03/MSB080_v001.png,visual_assets/annotated/micro_storyboard/B03/MSB080_v001_annotated.png,whitebox_renders_v2/B03/WB2_ALLEY_MSB080.png,generated_passed_qa,183,pure generated and QA passed; image=1672x941; annotated_exists=True
MSB083,B03,09,四人堵路,B,S2_EXIT_TO_STANDOFF,visual_assets/pure/micro_storyboard/B03/MSB083_v001.png,visual_assets/annotated/micro_storyboard/B03/MSB083_v001_annotated.png,whitebox_renders_v2/B03/WB2_ALLEY_MSB083.png,generated_passed_qa,184,pure generated and QA passed; image=1672x941; annotated_exists=True
MSB126,B05,13,进入废楼,C,S6_CORRIDOR_PHONE_SHOCK,visual_assets/pure/micro_storyboard/B05/MSB126_v001.png,visual_assets/annotated/micro_storyboard/B05/MSB126_v001_annotated.png,whitebox_renders_v2/B05/WB2_CORRIDOR_MSB126.png,generated_passed_qa,185,pure generated and QA passed; image=1672x941; annotated_exists=True
MSB026,B01,03,游戏厅入口,C,S1_ARCADE_PLAY,visual_assets/pure/micro_storyboard/B01/MSB026_v001.png,visual_assets/annotated/micro_storyboard/B01/MSB026_v001_annotated.png,whitebox_renders_v2/B01/WB2_ARCADE_MSB026.png,generated_passed_qa,186,pure generated and QA passed; image=1672x940; annotated_exists=True
MSB063,B03,07,志得意满离开,C,S2_EXIT_TO_STANDOFF,visual_assets/pure/micro_storyboard/B03/MSB063_v001.png,visual_assets/annotated/micro_storyboard/B03/MSB063_v001_annotated.png,whitebox_renders_v2/B03/WB2_EXIT_MSB063.png,generated_passed_qa,187,pure generated and QA passed; image=1672x941; annotated_exists=True
MSB069,B03,08,偏僻小路,C,S2_EXIT_TO_STANDOFF,visual_assets/pure/micro_storyboard/B03/MSB069_v001.png,visual_assets/annotated/micro_storyboard/B03/MSB069_v001_annotated.png,whitebox_renders_v2/B03/WB2_ALLEY_MSB069.png,generated_passed_qa,188,pure generated and QA passed; image=1672x941; annotated_exists=True
