asset_id,asset_class,story_stage,pure_path,annotated_path,model_input_allowed,annotation_allowed,pure_qa_status,annotated_qa_status,notes
MSB001,storyboard,S0_START_CLEAN,01_AIGC/visual_assets/pure/micro_storyboard/B01/MSB001_v001.png,01_AIGC/visual_assets/annotated/micro_storyboard/B01/MSB001_v001_annotated.png,true,true,generated_needs_review,created,按最新包规则生成；晋级前需要视觉 QA / Generated under latest pack rules; needs visual QA before promotion.
MSB002,storyboard,S0_START_CLEAN,01_AIGC/visual_assets/pure/micro_storyboard/B01/MSB002_v001.png,01_AIGC/visual_assets/annotated/micro_storyboard/B01/MSB002_v001_annotated.png,true,true,generated_needs_review,created,按最新包规则生成；晋级前需要视觉 QA / Generated under latest pack rules; needs visual QA before promotion.
MSB003,keyframe,S0_START_CLEAN,01_AIGC/visual_assets/pure/micro_storyboard/B01/MSB003_v001.png,01_AIGC/visual_assets/annotated/micro_storyboard/B01/MSB003_v001_annotated.png,true,true,generated_needs_review,created,按最新包规则生成；晋级前需要视觉 QA / Generated under latest pack rules; needs visual QA before promotion.
MSB004,storyboard,S0_START_CLEAN,01_AIGC/visual_assets/pure/micro_storyboard/B01/MSB004_v001.png,01_AIGC/visual_assets/annotated/micro_storyboard/B01/MSB004_v001_annotated.png,true,true,pending,pending,纯图只在通过门禁后进入 AIGC；带标注版本仅供审阅 / Pure image feeds AIGC only after gate; annotated copy is review only.
MSB005,storyboard,S0_START_CLEAN,01_AIGC/visual_assets/pure/micro_storyboard/B01/MSB005_v001.png,01_AIGC/visual_assets/annotated/micro_storyboard/B01/MSB005_v001_annotated.png,true,true,pending,pending,纯图只在通过门禁后进入 AIGC；带标注版本仅供审阅 / Pure image feeds AIGC only after gate; annotated copy is review only.
MSB006,storyboard,S0_START_CLEAN,01_AIGC/visual_assets/pure/micro_storyboard/B01/MSB006_v001.png,01_AIGC/visual_assets/annotated/micro_storyboard/B01/MSB006_v001_annotated.png,true,true,pending,pending,纯图只在通过门禁后进入 AIGC；带标注版本仅供审阅 / Pure image feeds AIGC only after gate; annotated copy is review only.
MSB007,start_frame,S0_START_CLEAN,01_AIGC/visual_assets/pure/micro_storyboard/B01/MSB007_v001.png,01_AIGC/visual_assets/annotated/micro_storyboard/B01/MSB007_v001_annotated.png,true,true,generated_needs_review,created,按最新包规则生成；晋级前需要视觉 QA / Generated under latest pack rules; needs visual QA before promotion.
MSB008,end_frame,S0_START_CLEAN,01_AIGC/visual_assets/pure/micro_storyboard/B01/MSB008_v001.png,01_AIGC/visual_assets/annotated/micro_storyboard/B01/MSB008_v001_annotated.png,true,true,generated_needs_review,created,按最新包规则生成；晋级前需要视觉 QA / Generated under latest pack rules; needs visual QA before promotion.
MSB009,storyboard,S0_START_CLEAN,01_AIGC/visual_assets/pure/micro_storyboard/B01/MSB009_v001.png,01_AIGC/visual_assets/annotated/micro_storyboard/B01/MSB009_v001_annotated.png,true,true,generated_needs_review,created,按最新包规则生成；晋级前需要视觉 QA / Generated under latest pack rules; needs visual QA before promotion.
MSB010,storyboard,S0_START_CLEAN,01_AIGC/visual_assets/pure/micro_storyboard/B01/MSB010_v001.png,01_AIGC/visual_assets/annotated/micro_storyboard/B01/MSB010_v001_annotated.png,true,true,pending,pending,纯图只在通过门禁后进入 AIGC；带标注版本仅供审阅 / Pure image feeds AIGC only after gate; annotated copy is review only.
MSB011,storyboard,S0_START_CLEAN,01_AIGC/visual_assets/pure/micro_storyboard/B01/MSB011_v001.png,01_AIGC/visual_assets/annotated/micro_storyboard/B01/MSB011_v001_annotated.png,true,true,pending,pending,纯图只在通过门禁后进入 AIGC；带标注版本仅供审阅 / Pure image feeds AIGC only after gate; annotated copy is review only.
MSB012,keyframe,S0_START_CLEAN,01_AIGC/visual_assets/pure/micro_storyboard/B01/MSB012_v001.png,01_AIGC/visual_assets/annotated/micro_storyboard/B01/MSB012_v001_annotated.png,true,true,generated_needs_review,created,按最新包规则生成；晋级前需要视觉 QA / Generated under latest pack rules; needs visual QA before promotion.
MSB013,storyboard,S0_START_CLEAN,01_AIGC/visual_assets/pure/micro_storyboard/B01/MSB013_v001.png,01_AIGC/visual_assets/annotated/micro_storyboard/B01/MSB013_v001_annotated.png,true,true,pending,pending,纯图只在通过门禁后进入 AIGC；带标注版本仅供审阅 / Pure image feeds AIGC only after gate; annotated copy is review only.
MSB014,storyboard,S0_START_CLEAN,01_AIGC/visual_assets/pure/micro_storyboard/B01/MSB014_v001.png,01_AIGC/visual_assets/annotated/micro_storyboard/B01/MSB014_v001_annotated.png,true,true,pending,pending,纯图只在通过门禁后进入 AIGC；带标注版本仅供审阅 / Pure image feeds AIGC only after gate; annotated copy is review only.
MSB015,storyboard,S0_START_CLEAN,01_AIGC/visual_assets/pure/micro_storyboard/B01/MSB015_v001.png,01_AIGC/visual_assets/annotated/micro_storyboard/B01/MSB015_v001_annotated.png,true,true,pending,pending,纯图只在通过门禁后进入 AIGC；带标注版本仅供审阅 / Pure image feeds AIGC only after gate; annotated copy is review only.
MSB016,end_frame,S0_START_CLEAN,01_AIGC/visual_assets/pure/micro_storyboard/B01/MSB016_v001.png,01_AIGC/visual_assets/annotated/micro_storyboard/B01/MSB016_v001_annotated.png,true,true,pending,pending,纯图只在通过门禁后进入 AIGC；带标注版本仅供审阅 / Pure image feeds AIGC only after gate; annotated copy is review only.
MSB017,storyboard,S0_START_CLEAN,01_AIGC/visual_assets/pure/micro_storyboard/B01/MSB017_v001.png,01_AIGC/visual_assets/annotated/micro_storyboard/B01/MSB017_v001_annotated.png,true,true,pending,pending,纯图只在通过门禁后进入 AIGC；带标注版本仅供审阅 / Pure image feeds AIGC only after gate; annotated copy is review only.
MSB018,keyframe,S0_START_CLEAN,01_AIGC/visual_assets/pure/micro_storyboard/B01/MSB018_v001.png,01_AIGC/visual_assets/annotated/micro_storyboard/B01/MSB018_v001_annotated.png,true,true,pending,pending,纯图只在通过门禁后进入 AIGC；带标注版本仅供审阅 / Pure image feeds AIGC only after gate; annotated copy is review only.
MSB019,storyboard,S1_ARCADE_PLAY,01_AIGC/visual_assets/pure/micro_storyboard/B01/MSB019_v001.png,01_AIGC/visual_assets/annotated/micro_storyboard/B01/MSB019_v001_annotated.png,true,true,pending,pending,纯图只在通过门禁后进入 AIGC；带标注版本仅供审阅 / Pure image feeds AIGC only after gate; annotated copy is review only.
MSB020,start_frame,S1_ARCADE_PLAY,01_AIGC/visual_assets/pure/micro_storyboard/B01/MSB020_v001.png,01_AIGC/visual_assets/annotated/micro_storyboard/B01/MSB020_v001_annotated.png,true,true,pending,pending,纯图只在通过门禁后进入 AIGC；带标注版本仅供审阅 / Pure image feeds AIGC only after gate; annotated copy is review only.
MSB021,storyboard,S1_ARCADE_PLAY,01_AIGC/visual_assets/pure/micro_storyboard/B01/MSB021_v001.png,01_AIGC/visual_assets/annotated/micro_storyboard/B01/MSB021_v001_annotated.png,true,true,pending,pending,纯图只在通过门禁后进入 AIGC；带标注版本仅供审阅 / Pure image feeds AIGC only after gate; annotated copy is review only.
MSB022,storyboard,S1_ARCADE_PLAY,01_AIGC/visual_assets/pure/micro_storyboard/B01/MSB022_v001.png,01_AIGC/visual_assets/annotated/micro_storyboard/B01/MSB022_v001_annotated.png,true,true,pending,pending,纯图只在通过门禁后进入 AIGC；带标注版本仅供审阅 / Pure image feeds AIGC only after gate; annotated copy is review only.
MSB023,storyboard,S1_ARCADE_PLAY,01_AIGC/visual_assets/pure/micro_storyboard/B01/MSB023_v001.png,01_AIGC/visual_assets/annotated/micro_storyboard/B01/MSB023_v001_annotated.png,true,true,pending,pending,纯图只在通过门禁后进入 AIGC；带标注版本仅供审阅 / Pure image feeds AIGC only after gate; annotated copy is review only.
MSB024,keyframe,S1_ARCADE_PLAY,01_AIGC/visual_assets/pure/micro_storyboard/B01/MSB024_v001.png,01_AIGC/visual_assets/annotated/micro_storyboard/B01/MSB024_v001_annotated.png,true,true,pending,pending,纯图只在通过门禁后进入 AIGC；带标注版本仅供审阅 / Pure image feeds AIGC only after gate; annotated copy is review only.
MSB025,storyboard,S1_ARCADE_PLAY,01_AIGC/visual_assets/pure/micro_storyboard/B01/MSB025_v001.png,01_AIGC/visual_assets/annotated/micro_storyboard/B01/MSB025_v001_annotated.png,true,true,pending,pending,纯图只在通过门禁后进入 AIGC；带标注版本仅供审阅 / Pure image feeds AIGC only after gate; annotated copy is review only.
MSB026,storyboard,S1_ARCADE_PLAY,01_AIGC/visual_assets/pure/micro_storyboard/B01/MSB026_v001.png,01_AIGC/visual_assets/annotated/micro_storyboard/B01/MSB026_v001_annotated.png,true,true,pending,pending,纯图只在通过门禁后进入 AIGC；带标注版本仅供审阅 / Pure image feeds AIGC only after gate; annotated copy is review only.
MSB027,storyboard,S1_ARCADE_PLAY,01_AIGC/visual_assets/pure/micro_storyboard/B01/MSB027_v001.png,01_AIGC/visual_assets/annotated/micro_storyboard/B01/MSB027_v001_annotated.png,true,true,pending,pending,纯图只在通过门禁后进入 AIGC；带标注版本仅供审阅 / Pure image feeds AIGC only after gate; annotated copy is review only.
MSB028,end_frame,S1_ARCADE_PLAY,01_AIGC/visual_assets/pure/micro_storyboard/B01/MSB028_v001.png,01_AIGC/visual_assets/annotated/micro_storyboard/B01/MSB028_v001_annotated.png,true,true,pending,pending,纯图只在通过门禁后进入 AIGC；带标注版本仅供审阅 / Pure image feeds AIGC only after gate; annotated copy is review only.
MSB029,keyframe,S1_ARCADE_PLAY,01_AIGC/visual_assets/pure/micro_storyboard/B02/MSB029_v001.png,01_AIGC/visual_assets/annotated/micro_storyboard/B02/MSB029_v001_annotated.png,true,true,pending,pending,纯图只在通过门禁后进入 AIGC；带标注版本仅供审阅 / Pure image feeds AIGC only after gate; annotated copy is review only.
MSB030,storyboard,S1_ARCADE_PLAY,01_AIGC/visual_assets/pure/micro_storyboard/B02/MSB030_v001.png,01_AIGC/visual_assets/annotated/micro_storyboard/B02/MSB030_v001_annotated.png,true,true,pending,pending,纯图只在通过门禁后进入 AIGC；带标注版本仅供审阅 / Pure image feeds AIGC only after gate; annotated copy is review only.
MSB031,storyboard,S1_ARCADE_PLAY,01_AIGC/visual_assets/pure/micro_storyboard/B02/MSB031_v001.png,01_AIGC/visual_assets/annotated/micro_storyboard/B02/MSB031_v001_annotated.png,true,true,pending,pending,纯图只在通过门禁后进入 AIGC；带标注版本仅供审阅 / Pure image feeds AIGC only after gate; annotated copy is review only.
MSB032,storyboard,S1_ARCADE_PLAY,01_AIGC/visual_assets/pure/micro_storyboard/B02/MSB032_v001.png,01_AIGC/visual_assets/annotated/micro_storyboard/B02/MSB032_v001_annotated.png,true,true,pending,pending,纯图只在通过门禁后进入 AIGC；带标注版本仅供审阅 / Pure image feeds AIGC only after gate; annotated copy is review only.
MSB033,storyboard,S1_ARCADE_PLAY,01_AIGC/visual_assets/pure/micro_storyboard/B02/MSB033_v001.png,01_AIGC/visual_assets/annotated/micro_storyboard/B02/MSB033_v001_annotated.png,true,true,pending,pending,纯图只在通过门禁后进入 AIGC；带标注版本仅供审阅 / Pure image feeds AIGC only after gate; annotated copy is review only.
MSB034,storyboard,S1_ARCADE_PLAY,01_AIGC/visual_assets/pure/micro_storyboard/B02/MSB034_v001.png,01_AIGC/visual_assets/annotated/micro_storyboard/B02/MSB034_v001_annotated.png,true,true,pending,pending,纯图只在通过门禁后进入 AIGC；带标注版本仅供审阅 / Pure image feeds AIGC only after gate; annotated copy is review only.
MSB035,start_frame,S1_ARCADE_PLAY,01_AIGC/visual_assets/pure/micro_storyboard/B02/MSB035_v001.png,01_AIGC/visual_assets/annotated/micro_storyboard/B02/MSB035_v001_annotated.png,true,true,pending,pending,纯图只在通过门禁后进入 AIGC；带标注版本仅供审阅 / Pure image feeds AIGC only after gate; annotated copy is review only.
MSB036,storyboard,S1_ARCADE_PLAY,01_AIGC/visual_assets/pure/micro_storyboard/B02/MSB036_v001.png,01_AIGC/visual_assets/annotated/micro_storyboard/B02/MSB036_v001_annotated.png,true,true,pending,pending,纯图只在通过门禁后进入 AIGC；带标注版本仅供审阅 / Pure image feeds AIGC only after gate; annotated copy is review only.
MSB037,end_frame,S1_ARCADE_PLAY,01_AIGC/visual_assets/pure/micro_storyboard/B02/MSB037_v001.png,01_AIGC/visual_assets/annotated/micro_storyboard/B02/MSB037_v001_annotated.png,true,true,pending,pending,纯图只在通过门禁后进入 AIGC；带标注版本仅供审阅 / Pure image feeds AIGC only after gate; annotated copy is review only.
MSB038,start_frame,S1_ARCADE_PLAY,01_AIGC/visual_assets/pure/micro_storyboard/B02/MSB038_v001.png,01_AIGC/visual_assets/annotated/micro_storyboard/B02/MSB038_v001_annotated.png,true,true,pending,pending,纯图只在通过门禁后进入 AIGC；带标注版本仅供审阅 / Pure image feeds AIGC only after gate; annotated copy is review only.
MSB039,storyboard,S1_ARCADE_PLAY,01_AIGC/visual_assets/pure/micro_storyboard/B02/MSB039_v001.png,01_AIGC/visual_assets/annotated/micro_storyboard/B02/MSB039_v001_annotated.png,true,true,pending,pending,纯图只在通过门禁后进入 AIGC；带标注版本仅供审阅 / Pure image feeds AIGC only after gate; annotated copy is review only.
MSB040,storyboard,S1_ARCADE_PLAY,01_AIGC/visual_assets/pure/micro_storyboard/B02/MSB040_v001.png,01_AIGC/visual_assets/annotated/micro_storyboard/B02/MSB040_v001_annotated.png,true,true,pending,pending,纯图只在通过门禁后进入 AIGC；带标注版本仅供审阅 / Pure image feeds AIGC only after gate; annotated copy is review only.
MSB041,storyboard,S1_ARCADE_PLAY,01_AIGC/visual_assets/pure/micro_storyboard/B02/MSB041_v001.png,01_AIGC/visual_assets/annotated/micro_storyboard/B02/MSB041_v001_annotated.png,true,true,pending,pending,纯图只在通过门禁后进入 AIGC；带标注版本仅供审阅 / Pure image feeds AIGC only after gate; annotated copy is review only.
MSB042,storyboard,S1_ARCADE_PLAY,01_AIGC/visual_assets/pure/micro_storyboard/B02/MSB042_v001.png,01_AIGC/visual_assets/annotated/micro_storyboard/B02/MSB042_v001_annotated.png,true,true,pending,pending,纯图只在通过门禁后进入 AIGC；带标注版本仅供审阅 / Pure image feeds AIGC only after gate; annotated copy is review only.
MSB043,storyboard,S1_ARCADE_PLAY,01_AIGC/visual_assets/pure/micro_storyboard/B02/MSB043_v001.png,01_AIGC/visual_assets/annotated/micro_storyboard/B02/MSB043_v001_annotated.png,true,true,pending,pending,纯图只在通过门禁后进入 AIGC；带标注版本仅供审阅 / Pure image feeds AIGC only after gate; annotated copy is review only.
MSB044,storyboard,S1_ARCADE_PLAY,01_AIGC/visual_assets/pure/micro_storyboard/B02/MSB044_v001.png,01_AIGC/visual_assets/annotated/micro_storyboard/B02/MSB044_v001_annotated.png,true,true,pending,pending,纯图只在通过门禁后进入 AIGC；带标注版本仅供审阅 / Pure image feeds AIGC only after gate; annotated copy is review only.
MSB045,keyframe,S1_ARCADE_PLAY,01_AIGC/visual_assets/pure/micro_storyboard/B02/MSB045_v001.png,01_AIGC/visual_assets/annotated/micro_storyboard/B02/MSB045_v001_annotated.png,true,true,pending,pending,纯图只在通过门禁后进入 AIGC；带标注版本仅供审阅 / Pure image feeds AIGC only after gate; annotated copy is review only.
MSB046,keyframe,S1_ARCADE_PLAY,01_AIGC/visual_assets/pure/micro_storyboard/B02/MSB046_v001.png,01_AIGC/visual_assets/annotated/micro_storyboard/B02/MSB046_v001_annotated.png,true,true,pending,pending,纯图只在通过门禁后进入 AIGC；带标注版本仅供审阅 / Pure image feeds AIGC only after gate; annotated copy is review only.
MSB047,storyboard,S1_ARCADE_PLAY,01_AIGC/visual_assets/pure/micro_storyboard/B02/MSB047_v001.png,01_AIGC/visual_assets/annotated/micro_storyboard/B02/MSB047_v001_annotated.png,true,true,pending,pending,纯图只在通过门禁后进入 AIGC；带标注版本仅供审阅 / Pure image feeds AIGC only after gate; annotated copy is review only.
MSB048,storyboard,S1_ARCADE_PLAY,01_AIGC/visual_assets/pure/micro_storyboard/B02/MSB048_v001.png,01_AIGC/visual_assets/annotated/micro_storyboard/B02/MSB048_v001_annotated.png,true,true,pending,pending,纯图只在通过门禁后进入 AIGC；带标注版本仅供审阅 / Pure image feeds AIGC only after gate; annotated copy is review only.
MSB049,end_frame,S1_ARCADE_PLAY,01_AIGC/visual_assets/pure/micro_storyboard/B02/MSB049_v001.png,01_AIGC/visual_assets/annotated/micro_storyboard/B02/MSB049_v001_annotated.png,true,true,pending,pending,纯图只在通过门禁后进入 AIGC；带标注版本仅供审阅 / Pure image feeds AIGC only after gate; annotated copy is review only.
MSB050,keyframe,S1_ARCADE_PLAY,01_AIGC/visual_assets/pure/micro_storyboard/B02/MSB050_v001.png,01_AIGC/visual_assets/annotated/micro_storyboard/B02/MSB050_v001_annotated.png,true,true,pending,pending,纯图只在通过门禁后进入 AIGC；带标注版本仅供审阅 / Pure image feeds AIGC only after gate; annotated copy is review only.
MSB051,storyboard,S1_ARCADE_PLAY,01_AIGC/visual_assets/pure/micro_storyboard/B02/MSB051_v001.png,01_AIGC/visual_assets/annotated/micro_storyboard/B02/MSB051_v001_annotated.png,true,true,pending,pending,纯图只在通过门禁后进入 AIGC；带标注版本仅供审阅 / Pure image feeds AIGC only after gate; annotated copy is review only.
MSB052,storyboard,S1_ARCADE_PLAY,01_AIGC/visual_assets/pure/micro_storyboard/B02/MSB052_v001.png,01_AIGC/visual_assets/annotated/micro_storyboard/B02/MSB052_v001_annotated.png,true,true,pending,pending,纯图只在通过门禁后进入 AIGC；带标注版本仅供审阅 / Pure image feeds AIGC only after gate; annotated copy is review only.
MSB053,storyboard,S1_ARCADE_PLAY,01_AIGC/visual_assets/pure/micro_storyboard/B02/MSB053_v001.png,01_AIGC/visual_assets/annotated/micro_storyboard/B02/MSB053_v001_annotated.png,true,true,pending,pending,纯图只在通过门禁后进入 AIGC；带标注版本仅供审阅 / Pure image feeds AIGC only after gate; annotated copy is review only.
MSB054,keyframe,S1_ARCADE_PLAY,01_AIGC/visual_assets/pure/micro_storyboard/B02/MSB054_v001.png,01_AIGC/visual_assets/annotated/micro_storyboard/B02/MSB054_v001_annotated.png,true,true,pending,pending,纯图只在通过门禁后进入 AIGC；带标注版本仅供审阅 / Pure image feeds AIGC only after gate; annotated copy is review only.
MSB055,storyboard,S1_ARCADE_PLAY,01_AIGC/visual_assets/pure/micro_storyboard/B02/MSB055_v001.png,01_AIGC/visual_assets/annotated/micro_storyboard/B02/MSB055_v001_annotated.png,true,true,pending,pending,纯图只在通过门禁后进入 AIGC；带标注版本仅供审阅 / Pure image feeds AIGC only after gate; annotated copy is review only.
MSB056,storyboard,S1_ARCADE_PLAY,01_AIGC/visual_assets/pure/micro_storyboard/B02/MSB056_v001.png,01_AIGC/visual_assets/annotated/micro_storyboard/B02/MSB056_v001_annotated.png,true,true,pending,pending,纯图只在通过门禁后进入 AIGC；带标注版本仅供审阅 / Pure image feeds AIGC only after gate; annotated copy is review only.
MSB057,end_frame,S1_ARCADE_PLAY,01_AIGC/visual_assets/pure/micro_storyboard/B02/MSB057_v001.png,01_AIGC/visual_assets/annotated/micro_storyboard/B02/MSB057_v001_annotated.png,true,true,pending,pending,纯图只在通过门禁后进入 AIGC；带标注版本仅供审阅 / Pure image feeds AIGC only after gate; annotated copy is review only.
MSB058,start_frame,S2_EXIT_TO_STANDOFF,01_AIGC/visual_assets/pure/micro_storyboard/B03/MSB058_v001.png,01_AIGC/visual_assets/annotated/micro_storyboard/B03/MSB058_v001_annotated.png,true,true,pending,pending,纯图只在通过门禁后进入 AIGC；带标注版本仅供审阅 / Pure image feeds AIGC only after gate; annotated copy is review only.
MSB059,storyboard,S2_EXIT_TO_STANDOFF,01_AIGC/visual_assets/pure/micro_storyboard/B03/MSB059_v001.png,01_AIGC/visual_assets/annotated/micro_storyboard/B03/MSB059_v001_annotated.png,true,true,pending,pending,纯图只在通过门禁后进入 AIGC；带标注版本仅供审阅 / Pure image feeds AIGC only after gate; annotated copy is review only.
MSB060,storyboard,S2_EXIT_TO_STANDOFF,01_AIGC/visual_assets/pure/micro_storyboard/B03/MSB060_v001.png,01_AIGC/visual_assets/annotated/micro_storyboard/B03/MSB060_v001_annotated.png,true,true,pending,pending,纯图只在通过门禁后进入 AIGC；带标注版本仅供审阅 / Pure image feeds AIGC only after gate; annotated copy is review only.
MSB061,storyboard,S2_EXIT_TO_STANDOFF,01_AIGC/visual_assets/pure/micro_storyboard/B03/MSB061_v001.png,01_AIGC/visual_assets/annotated/micro_storyboard/B03/MSB061_v001_annotated.png,true,true,pending,pending,纯图只在通过门禁后进入 AIGC；带标注版本仅供审阅 / Pure image feeds AIGC only after gate; annotated copy is review only.
MSB062,keyframe,S2_EXIT_TO_STANDOFF,01_AIGC/visual_assets/pure/micro_storyboard/B03/MSB062_v001.png,01_AIGC/visual_assets/annotated/micro_storyboard/B03/MSB062_v001_annotated.png,true,true,pending,pending,纯图只在通过门禁后进入 AIGC；带标注版本仅供审阅 / Pure image feeds AIGC only after gate; annotated copy is review only.
MSB063,storyboard,S2_EXIT_TO_STANDOFF,01_AIGC/visual_assets/pure/micro_storyboard/B03/MSB063_v001.png,01_AIGC/visual_assets/annotated/micro_storyboard/B03/MSB063_v001_annotated.png,true,true,pending,pending,纯图只在通过门禁后进入 AIGC；带标注版本仅供审阅 / Pure image feeds AIGC only after gate; annotated copy is review only.
MSB064,storyboard,S2_EXIT_TO_STANDOFF,01_AIGC/visual_assets/pure/micro_storyboard/B03/MSB064_v001.png,01_AIGC/visual_assets/annotated/micro_storyboard/B03/MSB064_v001_annotated.png,true,true,pending,pending,纯图只在通过门禁后进入 AIGC；带标注版本仅供审阅 / Pure image feeds AIGC only after gate; annotated copy is review only.
MSB065,end_frame,S2_EXIT_TO_STANDOFF,01_AIGC/visual_assets/pure/micro_storyboard/B03/MSB065_v001.png,01_AIGC/visual_assets/annotated/micro_storyboard/B03/MSB065_v001_annotated.png,true,true,pending,pending,纯图只在通过门禁后进入 AIGC；带标注版本仅供审阅 / Pure image feeds AIGC only after gate; annotated copy is review only.
MSB066,keyframe,S2_EXIT_TO_STANDOFF,01_AIGC/visual_assets/pure/micro_storyboard/B03/MSB066_v001.png,01_AIGC/visual_assets/annotated/micro_storyboard/B03/MSB066_v001_annotated.png,true,true,pending,pending,纯图只在通过门禁后进入 AIGC；带标注版本仅供审阅 / Pure image feeds AIGC only after gate; annotated copy is review only.
MSB067,start_frame,S2_EXIT_TO_STANDOFF,01_AIGC/visual_assets/pure/micro_storyboard/B03/MSB067_v001.png,01_AIGC/visual_assets/annotated/micro_storyboard/B03/MSB067_v001_annotated.png,true,true,pending,pending,纯图只在通过门禁后进入 AIGC；带标注版本仅供审阅 / Pure image feeds AIGC only after gate; annotated copy is review only.
MSB068,storyboard,S2_EXIT_TO_STANDOFF,01_AIGC/visual_assets/pure/micro_storyboard/B03/MSB068_v001.png,01_AIGC/visual_assets/annotated/micro_storyboard/B03/MSB068_v001_annotated.png,true,true,pending,pending,纯图只在通过门禁后进入 AIGC；带标注版本仅供审阅 / Pure image feeds AIGC only after gate; annotated copy is review only.
MSB069,storyboard,S2_EXIT_TO_STANDOFF,01_AIGC/visual_assets/pure/micro_storyboard/B03/MSB069_v001.png,01_AIGC/visual_assets/annotated/micro_storyboard/B03/MSB069_v001_annotated.png,true,true,pending,pending,纯图只在通过门禁后进入 AIGC；带标注版本仅供审阅 / Pure image feeds AIGC only after gate; annotated copy is review only.
MSB070,prop,S2_EXIT_TO_STANDOFF,01_AIGC/visual_assets/pure/micro_storyboard/B03/MSB070_v001.png,01_AIGC/visual_assets/annotated/micro_storyboard/B03/MSB070_v001_annotated.png,true,true,pending,pending,纯图只在通过门禁后进入 AIGC；带标注版本仅供审阅 / Pure image feeds AIGC only after gate; annotated copy is review only.
MSB071,storyboard,S2_EXIT_TO_STANDOFF,01_AIGC/visual_assets/pure/micro_storyboard/B03/MSB071_v001.png,01_AIGC/visual_assets/annotated/micro_storyboard/B03/MSB071_v001_annotated.png,true,true,pending,pending,纯图只在通过门禁后进入 AIGC；带标注版本仅供审阅 / Pure image feeds AIGC only after gate; annotated copy is review only.
MSB072,storyboard,S2_EXIT_TO_STANDOFF,01_AIGC/visual_assets/pure/micro_storyboard/B03/MSB072_v001.png,01_AIGC/visual_assets/annotated/micro_storyboard/B03/MSB072_v001_annotated.png,true,true,pending,pending,纯图只在通过门禁后进入 AIGC；带标注版本仅供审阅 / Pure image feeds AIGC only after gate; annotated copy is review only.
MSB073,storyboard,S2_EXIT_TO_STANDOFF,01_AIGC/visual_assets/pure/micro_storyboard/B03/MSB073_v001.png,01_AIGC/visual_assets/annotated/micro_storyboard/B03/MSB073_v001_annotated.png,true,true,pending,pending,纯图只在通过门禁后进入 AIGC；带标注版本仅供审阅 / Pure image feeds AIGC only after gate; annotated copy is review only.
MSB074,storyboard,S2_EXIT_TO_STANDOFF,01_AIGC/visual_assets/pure/micro_storyboard/B03/MSB074_v001.png,01_AIGC/visual_assets/annotated/micro_storyboard/B03/MSB074_v001_annotated.png,true,true,pending,pending,纯图只在通过门禁后进入 AIGC；带标注版本仅供审阅 / Pure image feeds AIGC only after gate; annotated copy is review only.
MSB075,end_frame,S2_EXIT_TO_STANDOFF,01_AIGC/visual_assets/pure/micro_storyboard/B03/MSB075_v001.png,01_AIGC/visual_assets/annotated/micro_storyboard/B03/MSB075_v001_annotated.png,true,true,pending,pending,纯图只在通过门禁后进入 AIGC；带标注版本仅供审阅 / Pure image feeds AIGC only after gate; annotated copy is review only.
MSB076,keyframe,S2_EXIT_TO_STANDOFF,01_AIGC/visual_assets/pure/micro_storyboard/B03/MSB076_v001.png,01_AIGC/visual_assets/annotated/micro_storyboard/B03/MSB076_v001_annotated.png,true,true,pending,pending,纯图只在通过门禁后进入 AIGC；带标注版本仅供审阅 / Pure image feeds AIGC only after gate; annotated copy is review only.
MSB077,storyboard,S2_EXIT_TO_STANDOFF,01_AIGC/visual_assets/pure/micro_storyboard/B03/MSB077_v001.png,01_AIGC/visual_assets/annotated/micro_storyboard/B03/MSB077_v001_annotated.png,true,true,pending,pending,纯图只在通过门禁后进入 AIGC；带标注版本仅供审阅 / Pure image feeds AIGC only after gate; annotated copy is review only.
MSB078,storyboard,S2_EXIT_TO_STANDOFF,01_AIGC/visual_assets/pure/micro_storyboard/B03/MSB078_v001.png,01_AIGC/visual_assets/annotated/micro_storyboard/B03/MSB078_v001_annotated.png,true,true,pending,pending,纯图只在通过门禁后进入 AIGC；带标注版本仅供审阅 / Pure image feeds AIGC only after gate; annotated copy is review only.
MSB079,storyboard,S2_EXIT_TO_STANDOFF,01_AIGC/visual_assets/pure/micro_storyboard/B03/MSB079_v001.png,01_AIGC/visual_assets/annotated/micro_storyboard/B03/MSB079_v001_annotated.png,true,true,pending,pending,纯图只在通过门禁后进入 AIGC；带标注版本仅供审阅 / Pure image feeds AIGC only after gate; annotated copy is review only.
MSB080,storyboard,S2_EXIT_TO_STANDOFF,01_AIGC/visual_assets/pure/micro_storyboard/B03/MSB080_v001.png,01_AIGC/visual_assets/annotated/micro_storyboard/B03/MSB080_v001_annotated.png,true,true,pending,pending,纯图只在通过门禁后进入 AIGC；带标注版本仅供审阅 / Pure image feeds AIGC only after gate; annotated copy is review only.
MSB081,keyframe,S2_EXIT_TO_STANDOFF,01_AIGC/visual_assets/pure/micro_storyboard/B03/MSB081_v001.png,01_AIGC/visual_assets/annotated/micro_storyboard/B03/MSB081_v001_annotated.png,true,true,pending,pending,纯图只在通过门禁后进入 AIGC；带标注版本仅供审阅 / Pure image feeds AIGC only after gate; annotated copy is review only.
MSB082,storyboard,S2_EXIT_TO_STANDOFF,01_AIGC/visual_assets/pure/micro_storyboard/B03/MSB082_v001.png,01_AIGC/visual_assets/annotated/micro_storyboard/B03/MSB082_v001_annotated.png,true,true,pending,pending,纯图只在通过门禁后进入 AIGC；带标注版本仅供审阅 / Pure image feeds AIGC only after gate; annotated copy is review only.
MSB083,storyboard,S2_EXIT_TO_STANDOFF,01_AIGC/visual_assets/pure/micro_storyboard/B03/MSB083_v001.png,01_AIGC/visual_assets/annotated/micro_storyboard/B03/MSB083_v001_annotated.png,true,true,pending,pending,纯图只在通过门禁后进入 AIGC；带标注版本仅供审阅 / Pure image feeds AIGC only after gate; annotated copy is review only.
MSB084,storyboard,S2_EXIT_TO_STANDOFF,01_AIGC/visual_assets/pure/micro_storyboard/B03/MSB084_v001.png,01_AIGC/visual_assets/annotated/micro_storyboard/B03/MSB084_v001_annotated.png,true,true,pending,pending,纯图只在通过门禁后进入 AIGC；带标注版本仅供审阅 / Pure image feeds AIGC only after gate; annotated copy is review only.
MSB085,end_frame,S2_EXIT_TO_STANDOFF,01_AIGC/visual_assets/pure/micro_storyboard/B03/MSB085_v001.png,01_AIGC/visual_assets/annotated/micro_storyboard/B03/MSB085_v001_annotated.png,true,true,pending,pending,纯图只在通过门禁后进入 AIGC；带标注版本仅供审阅 / Pure image feeds AIGC only after gate; annotated copy is review only.
MSB086,start_frame,S3_ALLEY_PRESSURE,01_AIGC/visual_assets/pure/micro_storyboard/B04/MSB086_v001.png,01_AIGC/visual_assets/annotated/micro_storyboard/B04/MSB086_v001_annotated.png,true,true,pending,pending,纯图只在通过门禁后进入 AIGC；带标注版本仅供审阅 / Pure image feeds AIGC only after gate; annotated copy is review only.
MSB087,storyboard,S3_ALLEY_PRESSURE,01_AIGC/visual_assets/pure/micro_storyboard/B04/MSB087_v001.png,01_AIGC/visual_assets/annotated/micro_storyboard/B04/MSB087_v001_annotated.png,true,true,pending,pending,纯图只在通过门禁后进入 AIGC；带标注版本仅供审阅 / Pure image feeds AIGC only after gate; annotated copy is review only.
MSB088,storyboard,S3_ALLEY_PRESSURE,01_AIGC/visual_assets/pure/micro_storyboard/B04/MSB088_v001.png,01_AIGC/visual_assets/annotated/micro_storyboard/B04/MSB088_v001_annotated.png,true,true,pending,pending,纯图只在通过门禁后进入 AIGC；带标注版本仅供审阅 / Pure image feeds AIGC only after gate; annotated copy is review only.
MSB089,storyboard,S3_ALLEY_PRESSURE,01_AIGC/visual_assets/pure/micro_storyboard/B04/MSB089_v001.png,01_AIGC/visual_assets/annotated/micro_storyboard/B04/MSB089_v001_annotated.png,true,true,pending,pending,纯图只在通过门禁后进入 AIGC；带标注版本仅供审阅 / Pure image feeds AIGC only after gate; annotated copy is review only.
MSB090,storyboard,S3_ALLEY_PRESSURE,01_AIGC/visual_assets/pure/micro_storyboard/B04/MSB090_v001.png,01_AIGC/visual_assets/annotated/micro_storyboard/B04/MSB090_v001_annotated.png,true,true,pending,pending,纯图只在通过门禁后进入 AIGC；带标注版本仅供审阅 / Pure image feeds AIGC only after gate; annotated copy is review only.
MSB091,storyboard,S3_ALLEY_PRESSURE,01_AIGC/visual_assets/pure/micro_storyboard/B04/MSB091_v001.png,01_AIGC/visual_assets/annotated/micro_storyboard/B04/MSB091_v001_annotated.png,true,true,pending,pending,纯图只在通过门禁后进入 AIGC；带标注版本仅供审阅 / Pure image feeds AIGC only after gate; annotated copy is review only.
MSB092,storyboard,S3_ALLEY_PRESSURE,01_AIGC/visual_assets/pure/micro_storyboard/B04/MSB092_v001.png,01_AIGC/visual_assets/annotated/micro_storyboard/B04/MSB092_v001_annotated.png,true,true,pending,pending,纯图只在通过门禁后进入 AIGC；带标注版本仅供审阅 / Pure image feeds AIGC only after gate; annotated copy is review only.
MSB093,keyframe,S3_ALLEY_PRESSURE,01_AIGC/visual_assets/pure/micro_storyboard/B04/MSB093_v001.png,01_AIGC/visual_assets/annotated/micro_storyboard/B04/MSB093_v001_annotated.png,true,true,pending,pending,纯图只在通过门禁后进入 AIGC；带标注版本仅供审阅 / Pure image feeds AIGC only after gate; annotated copy is review only.
MSB094,storyboard,S3_ALLEY_PRESSURE,01_AIGC/visual_assets/pure/micro_storyboard/B04/MSB094_v001.png,01_AIGC/visual_assets/annotated/micro_storyboard/B04/MSB094_v001_annotated.png,true,true,pending,pending,纯图只在通过门禁后进入 AIGC；带标注版本仅供审阅 / Pure image feeds AIGC only after gate; annotated copy is review only.
MSB095,keyframe,S3_ALLEY_PRESSURE,01_AIGC/visual_assets/pure/micro_storyboard/B04/MSB095_v001.png,01_AIGC/visual_assets/annotated/micro_storyboard/B04/MSB095_v001_annotated.png,true,true,pending,pending,纯图只在通过门禁后进入 AIGC；带标注版本仅供审阅 / Pure image feeds AIGC only after gate; annotated copy is review only.
MSB096,end_frame,S3_ALLEY_PRESSURE,01_AIGC/visual_assets/pure/micro_storyboard/B04/MSB096_v001.png,01_AIGC/visual_assets/annotated/micro_storyboard/B04/MSB096_v001_annotated.png,true,true,pending,pending,纯图只在通过门禁后进入 AIGC；带标注版本仅供审阅 / Pure image feeds AIGC only after gate; annotated copy is review only.
MSB097,storyboard,S3_ALLEY_PRESSURE,01_AIGC/visual_assets/pure/micro_storyboard/B04/MSB097_v001.png,01_AIGC/visual_assets/annotated/micro_storyboard/B04/MSB097_v001_annotated.png,true,true,pending,pending,纯图只在通过门禁后进入 AIGC；带标注版本仅供审阅 / Pure image feeds AIGC only after gate; annotated copy is review only.
MSB098,prop,S4_STONE_ACCIDENT,01_AIGC/visual_assets/pure/micro_storyboard/B04/MSB098_v001.png,01_AIGC/visual_assets/annotated/micro_storyboard/B04/MSB098_v001_annotated.png,true,true,pending,pending,纯图只在通过门禁后进入 AIGC；带标注版本仅供审阅 / Pure image feeds AIGC only after gate; annotated copy is review only.
MSB099,storyboard,S4_STONE_ACCIDENT,01_AIGC/visual_assets/pure/micro_storyboard/B04/MSB099_v001.png,01_AIGC/visual_assets/annotated/micro_storyboard/B04/MSB099_v001_annotated.png,true,true,pending,pending,纯图只在通过门禁后进入 AIGC；带标注版本仅供审阅 / Pure image feeds AIGC only after gate; annotated copy is review only.
MSB100,storyboard,S4_STONE_ACCIDENT,01_AIGC/visual_assets/pure/micro_storyboard/B04/MSB100_v001.png,01_AIGC/visual_assets/annotated/micro_storyboard/B04/MSB100_v001_annotated.png,true,true,pending,pending,纯图只在通过门禁后进入 AIGC；带标注版本仅供审阅 / Pure image feeds AIGC only after gate; annotated copy is review only.
MSB101,storyboard,S4_STONE_ACCIDENT,01_AIGC/visual_assets/pure/micro_storyboard/B04/MSB101_v001.png,01_AIGC/visual_assets/annotated/micro_storyboard/B04/MSB101_v001_annotated.png,true,true,pending,pending,纯图只在通过门禁后进入 AIGC；带标注版本仅供审阅 / Pure image feeds AIGC only after gate; annotated copy is review only.
MSB102,keyframe,S4_STONE_ACCIDENT,01_AIGC/visual_assets/pure/micro_storyboard/B04/MSB102_v001.png,01_AIGC/visual_assets/annotated/micro_storyboard/B04/MSB102_v001_annotated.png,true,true,pending,pending,纯图只在通过门禁后进入 AIGC；带标注版本仅供审阅 / Pure image feeds AIGC only after gate; annotated copy is review only.
MSB103,storyboard,S4_STONE_ACCIDENT,01_AIGC/visual_assets/pure/micro_storyboard/B04/MSB103_v001.png,01_AIGC/visual_assets/annotated/micro_storyboard/B04/MSB103_v001_annotated.png,true,true,pending,pending,纯图只在通过门禁后进入 AIGC；带标注版本仅供审阅 / Pure image feeds AIGC only after gate; annotated copy is review only.
MSB104,storyboard,S4_STONE_ACCIDENT,01_AIGC/visual_assets/pure/micro_storyboard/B04/MSB104_v001.png,01_AIGC/visual_assets/annotated/micro_storyboard/B04/MSB104_v001_annotated.png,true,true,pending,pending,纯图只在通过门禁后进入 AIGC；带标注版本仅供审阅 / Pure image feeds AIGC only after gate; annotated copy is review only.
MSB105,end_frame,S4_STONE_ACCIDENT,01_AIGC/visual_assets/pure/micro_storyboard/B04/MSB105_v001.png,01_AIGC/visual_assets/annotated/micro_storyboard/B04/MSB105_v001_annotated.png,true,true,pending,pending,纯图只在通过门禁后进入 AIGC；带标注版本仅供审阅 / Pure image feeds AIGC only after gate; annotated copy is review only.
MSB106,keyframe,S4_STONE_ACCIDENT,01_AIGC/visual_assets/pure/micro_storyboard/B04/MSB106_v001.png,01_AIGC/visual_assets/annotated/micro_storyboard/B04/MSB106_v001_annotated.png,true,true,pending,pending,纯图只在通过门禁后进入 AIGC；带标注版本仅供审阅 / Pure image feeds AIGC only after gate; annotated copy is review only.
MSB107,keyframe,S4_STONE_ACCIDENT,01_AIGC/visual_assets/pure/micro_storyboard/B04/MSB107_v001.png,01_AIGC/visual_assets/annotated/micro_storyboard/B04/MSB107_v001_annotated.png,true,true,pending,pending,纯图只在通过门禁后进入 AIGC；带标注版本仅供审阅 / Pure image feeds AIGC only after gate; annotated copy is review only.
MSB108,start_frame,S5_ESCAPE_DIRTY,01_AIGC/visual_assets/pure/micro_storyboard/B04/MSB108_v001.png,01_AIGC/visual_assets/annotated/micro_storyboard/B04/MSB108_v001_annotated.png,true,true,pending,pending,纯图只在通过门禁后进入 AIGC；带标注版本仅供审阅 / Pure image feeds AIGC only after gate; annotated copy is review only.
MSB109,storyboard,S5_ESCAPE_DIRTY,01_AIGC/visual_assets/pure/micro_storyboard/B04/MSB109_v001.png,01_AIGC/visual_assets/annotated/micro_storyboard/B04/MSB109_v001_annotated.png,true,true,pending,pending,纯图只在通过门禁后进入 AIGC；带标注版本仅供审阅 / Pure image feeds AIGC only after gate; annotated copy is review only.
MSB110,storyboard,S5_ESCAPE_DIRTY,01_AIGC/visual_assets/pure/micro_storyboard/B04/MSB110_v001.png,01_AIGC/visual_assets/annotated/micro_storyboard/B04/MSB110_v001_annotated.png,true,true,pending,pending,纯图只在通过门禁后进入 AIGC；带标注版本仅供审阅 / Pure image feeds AIGC only after gate; annotated copy is review only.
MSB111,storyboard,S5_ESCAPE_DIRTY,01_AIGC/visual_assets/pure/micro_storyboard/B04/MSB111_v001.png,01_AIGC/visual_assets/annotated/micro_storyboard/B04/MSB111_v001_annotated.png,true,true,pending,pending,纯图只在通过门禁后进入 AIGC；带标注版本仅供审阅 / Pure image feeds AIGC only after gate; annotated copy is review only.
MSB112,storyboard,S5_ESCAPE_DIRTY,01_AIGC/visual_assets/pure/micro_storyboard/B04/MSB112_v001.png,01_AIGC/visual_assets/annotated/micro_storyboard/B04/MSB112_v001_annotated.png,true,true,pending,pending,纯图只在通过门禁后进入 AIGC；带标注版本仅供审阅 / Pure image feeds AIGC only after gate; annotated copy is review only.
MSB113,storyboard,S5_ESCAPE_DIRTY,01_AIGC/visual_assets/pure/micro_storyboard/B04/MSB113_v001.png,01_AIGC/visual_assets/annotated/micro_storyboard/B04/MSB113_v001_annotated.png,true,true,pending,pending,纯图只在通过门禁后进入 AIGC；带标注版本仅供审阅 / Pure image feeds AIGC only after gate; annotated copy is review only.
MSB114,storyboard,S5_ESCAPE_DIRTY,01_AIGC/visual_assets/pure/micro_storyboard/B04/MSB114_v001.png,01_AIGC/visual_assets/annotated/micro_storyboard/B04/MSB114_v001_annotated.png,true,true,pending,pending,纯图只在通过门禁后进入 AIGC；带标注版本仅供审阅 / Pure image feeds AIGC only after gate; annotated copy is review only.
MSB115,keyframe,S5_ESCAPE_DIRTY,01_AIGC/visual_assets/pure/micro_storyboard/B04/MSB115_v001.png,01_AIGC/visual_assets/annotated/micro_storyboard/B04/MSB115_v001_annotated.png,true,true,pending,pending,纯图只在通过门禁后进入 AIGC；带标注版本仅供审阅 / Pure image feeds AIGC only after gate; annotated copy is review only.
MSB116,storyboard,S5_ESCAPE_DIRTY,01_AIGC/visual_assets/pure/micro_storyboard/B04/MSB116_v001.png,01_AIGC/visual_assets/annotated/micro_storyboard/B04/MSB116_v001_annotated.png,true,true,pending,pending,纯图只在通过门禁后进入 AIGC；带标注版本仅供审阅 / Pure image feeds AIGC only after gate; annotated copy is review only.
MSB117,storyboard,S5_ESCAPE_DIRTY,01_AIGC/visual_assets/pure/micro_storyboard/B04/MSB117_v001.png,01_AIGC/visual_assets/annotated/micro_storyboard/B04/MSB117_v001_annotated.png,true,true,pending,pending,纯图只在通过门禁后进入 AIGC；带标注版本仅供审阅 / Pure image feeds AIGC only after gate; annotated copy is review only.
MSB118,end_frame,S5_ESCAPE_DIRTY,01_AIGC/visual_assets/pure/micro_storyboard/B04/MSB118_v001.png,01_AIGC/visual_assets/annotated/micro_storyboard/B04/MSB118_v001_annotated.png,true,true,pending,pending,纯图只在通过门禁后进入 AIGC；带标注版本仅供审阅 / Pure image feeds AIGC only after gate; annotated copy is review only.
MSB119,keyframe,S5_ESCAPE_DIRTY,01_AIGC/visual_assets/pure/micro_storyboard/B04/MSB119_v001.png,01_AIGC/visual_assets/annotated/micro_storyboard/B04/MSB119_v001_annotated.png,true,true,pending,pending,纯图只在通过门禁后进入 AIGC；带标注版本仅供审阅 / Pure image feeds AIGC only after gate; annotated copy is review only.
MSB120,start_frame,S6_CORRIDOR_PHONE_SHOCK,01_AIGC/visual_assets/pure/micro_storyboard/B05/MSB120_v001.png,01_AIGC/visual_assets/annotated/micro_storyboard/B05/MSB120_v001_annotated.png,true,true,pending,pending,纯图只在通过门禁后进入 AIGC；带标注版本仅供审阅 / Pure image feeds AIGC only after gate; annotated copy is review only.
MSB121,storyboard,S6_CORRIDOR_PHONE_SHOCK,01_AIGC/visual_assets/pure/micro_storyboard/B05/MSB121_v001.png,01_AIGC/visual_assets/annotated/micro_storyboard/B05/MSB121_v001_annotated.png,true,true,pending,pending,纯图只在通过门禁后进入 AIGC；带标注版本仅供审阅 / Pure image feeds AIGC only after gate; annotated copy is review only.
MSB122,keyframe,S6_CORRIDOR_PHONE_SHOCK,01_AIGC/visual_assets/pure/micro_storyboard/B05/MSB122_v001.png,01_AIGC/visual_assets/annotated/micro_storyboard/B05/MSB122_v001_annotated.png,true,true,pending,pending,纯图只在通过门禁后进入 AIGC；带标注版本仅供审阅 / Pure image feeds AIGC only after gate; annotated copy is review only.
MSB123,storyboard,S6_CORRIDOR_PHONE_SHOCK,01_AIGC/visual_assets/pure/micro_storyboard/B05/MSB123_v001.png,01_AIGC/visual_assets/annotated/micro_storyboard/B05/MSB123_v001_annotated.png,true,true,pending,pending,纯图只在通过门禁后进入 AIGC；带标注版本仅供审阅 / Pure image feeds AIGC only after gate; annotated copy is review only.
MSB124,storyboard,S6_CORRIDOR_PHONE_SHOCK,01_AIGC/visual_assets/pure/micro_storyboard/B05/MSB124_v001.png,01_AIGC/visual_assets/annotated/micro_storyboard/B05/MSB124_v001_annotated.png,true,true,pending,pending,纯图只在通过门禁后进入 AIGC；带标注版本仅供审阅 / Pure image feeds AIGC only after gate; annotated copy is review only.
MSB125,storyboard,S6_CORRIDOR_PHONE_SHOCK,01_AIGC/visual_assets/pure/micro_storyboard/B05/MSB125_v001.png,01_AIGC/visual_assets/annotated/micro_storyboard/B05/MSB125_v001_annotated.png,true,true,pending,pending,纯图只在通过门禁后进入 AIGC；带标注版本仅供审阅 / Pure image feeds AIGC only after gate; annotated copy is review only.
MSB126,storyboard,S6_CORRIDOR_PHONE_SHOCK,01_AIGC/visual_assets/pure/micro_storyboard/B05/MSB126_v001.png,01_AIGC/visual_assets/annotated/micro_storyboard/B05/MSB126_v001_annotated.png,true,true,pending,pending,纯图只在通过门禁后进入 AIGC；带标注版本仅供审阅 / Pure image feeds AIGC only after gate; annotated copy is review only.
MSB127,end_frame,S6_CORRIDOR_PHONE_SHOCK,01_AIGC/visual_assets/pure/micro_storyboard/B05/MSB127_v001.png,01_AIGC/visual_assets/annotated/micro_storyboard/B05/MSB127_v001_annotated.png,true,true,pending,pending,纯图只在通过门禁后进入 AIGC；带标注版本仅供审阅 / Pure image feeds AIGC only after gate; annotated copy is review only.
MSB128,storyboard,S6_CORRIDOR_PHONE_SHOCK,01_AIGC/visual_assets/pure/micro_storyboard/B05/MSB128_v001.png,01_AIGC/visual_assets/annotated/micro_storyboard/B05/MSB128_v001_annotated.png,true,true,pending,pending,纯图只在通过门禁后进入 AIGC；带标注版本仅供审阅 / Pure image feeds AIGC only after gate; annotated copy is review only.
MSB129,start_frame,S6_CORRIDOR_PHONE_SHOCK,01_AIGC/visual_assets/pure/micro_storyboard/B05/MSB129_v001.png,01_AIGC/visual_assets/annotated/micro_storyboard/B05/MSB129_v001_annotated.png,true,true,pending,pending,纯图只在通过门禁后进入 AIGC；带标注版本仅供审阅 / Pure image feeds AIGC only after gate; annotated copy is review only.
MSB130,storyboard,S6_CORRIDOR_PHONE_SHOCK,01_AIGC/visual_assets/pure/micro_storyboard/B05/MSB130_v001.png,01_AIGC/visual_assets/annotated/micro_storyboard/B05/MSB130_v001_annotated.png,true,true,pending,pending,纯图只在通过门禁后进入 AIGC；带标注版本仅供审阅 / Pure image feeds AIGC only after gate; annotated copy is review only.
MSB131,storyboard,S6_CORRIDOR_PHONE_SHOCK,01_AIGC/visual_assets/pure/micro_storyboard/B05/MSB131_v001.png,01_AIGC/visual_assets/annotated/micro_storyboard/B05/MSB131_v001_annotated.png,true,true,pending,pending,纯图只在通过门禁后进入 AIGC；带标注版本仅供审阅 / Pure image feeds AIGC only after gate; annotated copy is review only.
MSB132,keyframe,S6_CORRIDOR_PHONE_SHOCK,01_AIGC/visual_assets/pure/micro_storyboard/B05/MSB132_v001.png,01_AIGC/visual_assets/annotated/micro_storyboard/B05/MSB132_v001_annotated.png,true,true,pending,pending,纯图只在通过门禁后进入 AIGC；带标注版本仅供审阅 / Pure image feeds AIGC only after gate; annotated copy is review only.
MSB133,storyboard,S6_CORRIDOR_PHONE_SHOCK,01_AIGC/visual_assets/pure/micro_storyboard/B05/MSB133_v001.png,01_AIGC/visual_assets/annotated/micro_storyboard/B05/MSB133_v001_annotated.png,true,true,pending,pending,纯图只在通过门禁后进入 AIGC；带标注版本仅供审阅 / Pure image feeds AIGC only after gate; annotated copy is review only.
MSB134,storyboard,S6_CORRIDOR_PHONE_SHOCK,01_AIGC/visual_assets/pure/micro_storyboard/B05/MSB134_v001.png,01_AIGC/visual_assets/annotated/micro_storyboard/B05/MSB134_v001_annotated.png,true,true,pending,pending,纯图只在通过门禁后进入 AIGC；带标注版本仅供审阅 / Pure image feeds AIGC only after gate; annotated copy is review only.
MSB135,storyboard,S6_CORRIDOR_PHONE_SHOCK,01_AIGC/visual_assets/pure/micro_storyboard/B05/MSB135_v001.png,01_AIGC/visual_assets/annotated/micro_storyboard/B05/MSB135_v001_annotated.png,true,true,pending,pending,纯图只在通过门禁后进入 AIGC；带标注版本仅供审阅 / Pure image feeds AIGC only after gate; annotated copy is review only.
MSB136,storyboard,S6_CORRIDOR_PHONE_SHOCK,01_AIGC/visual_assets/pure/micro_storyboard/B05/MSB136_v001.png,01_AIGC/visual_assets/annotated/micro_storyboard/B05/MSB136_v001_annotated.png,true,true,pending,pending,纯图只在通过门禁后进入 AIGC；带标注版本仅供审阅 / Pure image feeds AIGC only after gate; annotated copy is review only.
MSB137,end_frame,S6_CORRIDOR_PHONE_SHOCK,01_AIGC/visual_assets/pure/micro_storyboard/B05/MSB137_v001.png,01_AIGC/visual_assets/annotated/micro_storyboard/B05/MSB137_v001_annotated.png,true,true,pending,pending,纯图只在通过门禁后进入 AIGC；带标注版本仅供审阅 / Pure image feeds AIGC only after gate; annotated copy is review only.
MSB138,storyboard,S6_CORRIDOR_PHONE_SHOCK,01_AIGC/visual_assets/pure/micro_storyboard/B05/MSB138_v001.png,01_AIGC/visual_assets/annotated/micro_storyboard/B05/MSB138_v001_annotated.png,true,true,pending,pending,纯图只在通过门禁后进入 AIGC；带标注版本仅供审阅 / Pure image feeds AIGC only after gate; annotated copy is review only.
MSB139,keyframe,S6_CORRIDOR_PHONE_SHOCK,01_AIGC/visual_assets/pure/micro_storyboard/B05/MSB139_v001.png,01_AIGC/visual_assets/annotated/micro_storyboard/B05/MSB139_v001_annotated.png,true,true,pending,pending,纯图只在通过门禁后进入 AIGC；带标注版本仅供审阅 / Pure image feeds AIGC only after gate; annotated copy is review only.
MSB140,start_frame,S6_CORRIDOR_PHONE_SHOCK,01_AIGC/visual_assets/pure/micro_storyboard/B05/MSB140_v001.png,01_AIGC/visual_assets/annotated/micro_storyboard/B05/MSB140_v001_annotated.png,true,true,pending,pending,纯图只在通过门禁后进入 AIGC；带标注版本仅供审阅 / Pure image feeds AIGC only after gate; annotated copy is review only.
MSB141,storyboard,S6_CORRIDOR_PHONE_SHOCK,01_AIGC/visual_assets/pure/micro_storyboard/B05/MSB141_v001.png,01_AIGC/visual_assets/annotated/micro_storyboard/B05/MSB141_v001_annotated.png,true,true,pending,pending,纯图只在通过门禁后进入 AIGC；带标注版本仅供审阅 / Pure image feeds AIGC only after gate; annotated copy is review only.
MSB142,storyboard,S6_CORRIDOR_PHONE_SHOCK,01_AIGC/visual_assets/pure/micro_storyboard/B05/MSB142_v001.png,01_AIGC/visual_assets/annotated/micro_storyboard/B05/MSB142_v001_annotated.png,true,true,pending,pending,纯图只在通过门禁后进入 AIGC；带标注版本仅供审阅 / Pure image feeds AIGC only after gate; annotated copy is review only.
MSB143,keyframe,S6_CORRIDOR_PHONE_SHOCK,01_AIGC/visual_assets/pure/micro_storyboard/B05/MSB143_v001.png,01_AIGC/visual_assets/annotated/micro_storyboard/B05/MSB143_v001_annotated.png,true,true,pending,pending,纯图只在通过门禁后进入 AIGC；带标注版本仅供审阅 / Pure image feeds AIGC only after gate; annotated copy is review only.
MSB144,storyboard,S6_CORRIDOR_PHONE_SHOCK,01_AIGC/visual_assets/pure/micro_storyboard/B05/MSB144_v001.png,01_AIGC/visual_assets/annotated/micro_storyboard/B05/MSB144_v001_annotated.png,true,true,pending,pending,纯图只在通过门禁后进入 AIGC；带标注版本仅供审阅 / Pure image feeds AIGC only after gate; annotated copy is review only.
MSB145,storyboard,S6_CORRIDOR_PHONE_SHOCK,01_AIGC/visual_assets/pure/micro_storyboard/B05/MSB145_v001.png,01_AIGC/visual_assets/annotated/micro_storyboard/B05/MSB145_v001_annotated.png,true,true,pending,pending,纯图只在通过门禁后进入 AIGC；带标注版本仅供审阅 / Pure image feeds AIGC only after gate; annotated copy is review only.
MSB146,end_frame,S6_CORRIDOR_PHONE_SHOCK,01_AIGC/visual_assets/pure/micro_storyboard/B05/MSB146_v001.png,01_AIGC/visual_assets/annotated/micro_storyboard/B05/MSB146_v001_annotated.png,true,true,pending,pending,纯图只在通过门禁后进入 AIGC；带标注版本仅供审阅 / Pure image feeds AIGC only after gate; annotated copy is review only.
MSB147,start_frame,S6_CORRIDOR_PHONE_SHOCK,01_AIGC/visual_assets/pure/micro_storyboard/B05/MSB147_v001.png,01_AIGC/visual_assets/annotated/micro_storyboard/B05/MSB147_v001_annotated.png,true,true,pending,pending,纯图只在通过门禁后进入 AIGC；带标注版本仅供审阅 / Pure image feeds AIGC only after gate; annotated copy is review only.
MSB148,storyboard,S6_CORRIDOR_PHONE_SHOCK,01_AIGC/visual_assets/pure/micro_storyboard/B05/MSB148_v001.png,01_AIGC/visual_assets/annotated/micro_storyboard/B05/MSB148_v001_annotated.png,true,true,pending,pending,纯图只在通过门禁后进入 AIGC；带标注版本仅供审阅 / Pure image feeds AIGC only after gate; annotated copy is review only.
MSB149,storyboard,S6_CORRIDOR_PHONE_SHOCK,01_AIGC/visual_assets/pure/micro_storyboard/B05/MSB149_v001.png,01_AIGC/visual_assets/annotated/micro_storyboard/B05/MSB149_v001_annotated.png,true,true,pending,pending,纯图只在通过门禁后进入 AIGC；带标注版本仅供审阅 / Pure image feeds AIGC only after gate; annotated copy is review only.
MSB150,storyboard,S6_CORRIDOR_PHONE_SHOCK,01_AIGC/visual_assets/pure/micro_storyboard/B05/MSB150_v001.png,01_AIGC/visual_assets/annotated/micro_storyboard/B05/MSB150_v001_annotated.png,true,true,pending,pending,纯图只在通过门禁后进入 AIGC；带标注版本仅供审阅 / Pure image feeds AIGC only after gate; annotated copy is review only.
MSB151,storyboard,S6_CORRIDOR_PHONE_SHOCK,01_AIGC/visual_assets/pure/micro_storyboard/B05/MSB151_v001.png,01_AIGC/visual_assets/annotated/micro_storyboard/B05/MSB151_v001_annotated.png,true,true,pending,pending,纯图只在通过门禁后进入 AIGC；带标注版本仅供审阅 / Pure image feeds AIGC only after gate; annotated copy is review only.
MSB152,keyframe,S6_CORRIDOR_PHONE_SHOCK,01_AIGC/visual_assets/pure/micro_storyboard/B05/MSB152_v001.png,01_AIGC/visual_assets/annotated/micro_storyboard/B05/MSB152_v001_annotated.png,true,true,pending,pending,纯图只在通过门禁后进入 AIGC；带标注版本仅供审阅 / Pure image feeds AIGC only after gate; annotated copy is review only.
MSB153,storyboard,S6_CORRIDOR_PHONE_SHOCK,01_AIGC/visual_assets/pure/micro_storyboard/B05/MSB153_v001.png,01_AIGC/visual_assets/annotated/micro_storyboard/B05/MSB153_v001_annotated.png,true,true,pending,pending,纯图只在通过门禁后进入 AIGC；带标注版本仅供审阅 / Pure image feeds AIGC only after gate; annotated copy is review only.
MSB154,end_frame,S6_CORRIDOR_PHONE_SHOCK,01_AIGC/visual_assets/pure/micro_storyboard/B05/MSB154_v001.png,01_AIGC/visual_assets/annotated/micro_storyboard/B05/MSB154_v001_annotated.png,true,true,pending,pending,纯图只在通过门禁后进入 AIGC；带标注版本仅供审阅 / Pure image feeds AIGC only after gate; annotated copy is review only.
MSB155,start_frame,S7_PHONE_ELECTRONICIZATION,01_AIGC/visual_assets/pure/micro_storyboard/B06/MSB155_v001.png,01_AIGC/visual_assets/annotated/micro_storyboard/B06/MSB155_v001_annotated.png,true,true,pending,pending,纯图只在通过门禁后进入 AIGC；带标注版本仅供审阅 / Pure image feeds AIGC only after gate; annotated copy is review only.
MSB156,storyboard,S7_PHONE_ELECTRONICIZATION,01_AIGC/visual_assets/pure/micro_storyboard/B06/MSB156_v001.png,01_AIGC/visual_assets/annotated/micro_storyboard/B06/MSB156_v001_annotated.png,true,true,pending,pending,纯图只在通过门禁后进入 AIGC；带标注版本仅供审阅 / Pure image feeds AIGC only after gate; annotated copy is review only.
MSB157,storyboard,S7_PHONE_ELECTRONICIZATION,01_AIGC/visual_assets/pure/micro_storyboard/B06/MSB157_v001.png,01_AIGC/visual_assets/annotated/micro_storyboard/B06/MSB157_v001_annotated.png,true,true,pending,pending,纯图只在通过门禁后进入 AIGC；带标注版本仅供审阅 / Pure image feeds AIGC only after gate; annotated copy is review only.
MSB158,keyframe,S7_PHONE_ELECTRONICIZATION,01_AIGC/visual_assets/pure/micro_storyboard/B06/MSB158_v001.png,01_AIGC/visual_assets/annotated/micro_storyboard/B06/MSB158_v001_annotated.png,true,true,pending,pending,纯图只在通过门禁后进入 AIGC；带标注版本仅供审阅 / Pure image feeds AIGC only after gate; annotated copy is review only.
MSB159,storyboard,S7_PHONE_ELECTRONICIZATION,01_AIGC/visual_assets/pure/micro_storyboard/B06/MSB159_v001.png,01_AIGC/visual_assets/annotated/micro_storyboard/B06/MSB159_v001_annotated.png,true,true,pending,pending,纯图只在通过门禁后进入 AIGC；带标注版本仅供审阅 / Pure image feeds AIGC only after gate; annotated copy is review only.
MSB160,end_frame,S7_PHONE_ELECTRONICIZATION,01_AIGC/visual_assets/pure/micro_storyboard/B06/MSB160_v001.png,01_AIGC/visual_assets/annotated/micro_storyboard/B06/MSB160_v001_annotated.png,true,true,pending,pending,纯图只在通过门禁后进入 AIGC；带标注版本仅供审阅 / Pure image feeds AIGC only after gate; annotated copy is review only.
MSB161,keyframe,S7_PHONE_ELECTRONICIZATION,01_AIGC/visual_assets/pure/micro_storyboard/B06/MSB161_v001.png,01_AIGC/visual_assets/annotated/micro_storyboard/B06/MSB161_v001_annotated.png,true,true,pending,pending,纯图只在通过门禁后进入 AIGC；带标注版本仅供审阅 / Pure image feeds AIGC only after gate; annotated copy is review only.
MSB162,start_frame,S7_PHONE_ELECTRONICIZATION,01_AIGC/visual_assets/pure/micro_storyboard/B06/MSB162_v001.png,01_AIGC/visual_assets/annotated/micro_storyboard/B06/MSB162_v001_annotated.png,true,true,pending,pending,纯图只在通过门禁后进入 AIGC；带标注版本仅供审阅 / Pure image feeds AIGC only after gate; annotated copy is review only.
MSB163,storyboard,S7_PHONE_ELECTRONICIZATION,01_AIGC/visual_assets/pure/micro_storyboard/B06/MSB163_v001.png,01_AIGC/visual_assets/annotated/micro_storyboard/B06/MSB163_v001_annotated.png,true,true,pending,pending,纯图只在通过门禁后进入 AIGC；带标注版本仅供审阅 / Pure image feeds AIGC only after gate; annotated copy is review only.
MSB164,storyboard,S7_PHONE_ELECTRONICIZATION,01_AIGC/visual_assets/pure/micro_storyboard/B06/MSB164_v001.png,01_AIGC/visual_assets/annotated/micro_storyboard/B06/MSB164_v001_annotated.png,true,true,pending,pending,纯图只在通过门禁后进入 AIGC；带标注版本仅供审阅 / Pure image feeds AIGC only after gate; annotated copy is review only.
MSB165,storyboard,S7_PHONE_ELECTRONICIZATION,01_AIGC/visual_assets/pure/micro_storyboard/B06/MSB165_v001.png,01_AIGC/visual_assets/annotated/micro_storyboard/B06/MSB165_v001_annotated.png,true,true,pending,pending,纯图只在通过门禁后进入 AIGC；带标注版本仅供审阅 / Pure image feeds AIGC only after gate; annotated copy is review only.
MSB166,keyframe,S7_PHONE_ELECTRONICIZATION,01_AIGC/visual_assets/pure/micro_storyboard/B06/MSB166_v001.png,01_AIGC/visual_assets/annotated/micro_storyboard/B06/MSB166_v001_annotated.png,true,true,pending,pending,纯图只在通过门禁后进入 AIGC；带标注版本仅供审阅 / Pure image feeds AIGC only after gate; annotated copy is review only.
MSB167,storyboard,S7_PHONE_ELECTRONICIZATION,01_AIGC/visual_assets/pure/micro_storyboard/B06/MSB167_v001.png,01_AIGC/visual_assets/annotated/micro_storyboard/B06/MSB167_v001_annotated.png,true,true,pending,pending,纯图只在通过门禁后进入 AIGC；带标注版本仅供审阅 / Pure image feeds AIGC only after gate; annotated copy is review only.
MSB168,end_frame,S7_PHONE_ELECTRONICIZATION,01_AIGC/visual_assets/pure/micro_storyboard/B06/MSB168_v001.png,01_AIGC/visual_assets/annotated/micro_storyboard/B06/MSB168_v001_annotated.png,true,true,pending,pending,纯图只在通过门禁后进入 AIGC；带标注版本仅供审阅 / Pure image feeds AIGC only after gate; annotated copy is review only.
MSB169,keyframe,S7_PHONE_ELECTRONICIZATION,01_AIGC/visual_assets/pure/micro_storyboard/B06/MSB169_v001.png,01_AIGC/visual_assets/annotated/micro_storyboard/B06/MSB169_v001_annotated.png,true,true,pending,pending,纯图只在通过门禁后进入 AIGC；带标注版本仅供审阅 / Pure image feeds AIGC only after gate; annotated copy is review only.
MSB170,keyframe,S8_8BIT_TRANSLATED,01_AIGC/visual_assets/pure/micro_storyboard/B06/MSB170_v001.png,01_AIGC/visual_assets/annotated/micro_storyboard/B06/MSB170_v001_annotated.png,true,true,pending,pending,纯图只在通过门禁后进入 AIGC；带标注版本仅供审阅 / Pure image feeds AIGC only after gate; annotated copy is review only.
MSB171,start_frame,S8_8BIT_TRANSLATED,01_AIGC/visual_assets/pure/micro_storyboard/B06/MSB171_v001.png,01_AIGC/visual_assets/annotated/micro_storyboard/B06/MSB171_v001_annotated.png,true,true,pending,pending,纯图只在通过门禁后进入 AIGC；带标注版本仅供审阅 / Pure image feeds AIGC only after gate; annotated copy is review only.
MSB172,storyboard,S8_8BIT_TRANSLATED,01_AIGC/visual_assets/pure/micro_storyboard/B06/MSB172_v001.png,01_AIGC/visual_assets/annotated/micro_storyboard/B06/MSB172_v001_annotated.png,true,true,pending,pending,纯图只在通过门禁后进入 AIGC；带标注版本仅供审阅 / Pure image feeds AIGC only after gate; annotated copy is review only.
MSB173,storyboard,S8_8BIT_TRANSLATED,01_AIGC/visual_assets/pure/micro_storyboard/B06/MSB173_v001.png,01_AIGC/visual_assets/annotated/micro_storyboard/B06/MSB173_v001_annotated.png,true,true,pending,pending,纯图只在通过门禁后进入 AIGC；带标注版本仅供审阅 / Pure image feeds AIGC only after gate; annotated copy is review only.
MSB174,keyframe,S8_8BIT_TRANSLATED,01_AIGC/visual_assets/pure/micro_storyboard/B06/MSB174_v001.png,01_AIGC/visual_assets/annotated/micro_storyboard/B06/MSB174_v001_annotated.png,true,true,pending,pending,纯图只在通过门禁后进入 AIGC；带标注版本仅供审阅 / Pure image feeds AIGC only after gate; annotated copy is review only.
MSB175,storyboard,S8_8BIT_TRANSLATED,01_AIGC/visual_assets/pure/micro_storyboard/B06/MSB175_v001.png,01_AIGC/visual_assets/annotated/micro_storyboard/B06/MSB175_v001_annotated.png,true,true,pending,pending,纯图只在通过门禁后进入 AIGC；带标注版本仅供审阅 / Pure image feeds AIGC only after gate; annotated copy is review only.
MSB176,storyboard,S8_8BIT_TRANSLATED,01_AIGC/visual_assets/pure/micro_storyboard/B06/MSB176_v001.png,01_AIGC/visual_assets/annotated/micro_storyboard/B06/MSB176_v001_annotated.png,true,true,pending,pending,纯图只在通过门禁后进入 AIGC；带标注版本仅供审阅 / Pure image feeds AIGC only after gate; annotated copy is review only.
MSB177,end_frame,S8_8BIT_TRANSLATED,01_AIGC/visual_assets/pure/micro_storyboard/B06/MSB177_v001.png,01_AIGC/visual_assets/annotated/micro_storyboard/B06/MSB177_v001_annotated.png,true,true,pending,pending,纯图只在通过门禁后进入 AIGC；带标注版本仅供审阅 / Pure image feeds AIGC only after gate; annotated copy is review only.
MSB178,storyboard,S8_8BIT_TRANSLATED,01_AIGC/visual_assets/pure/micro_storyboard/B06/MSB178_v001.png,01_AIGC/visual_assets/annotated/micro_storyboard/B06/MSB178_v001_annotated.png,true,true,pending,pending,纯图只在通过门禁后进入 AIGC；带标注版本仅供审阅 / Pure image feeds AIGC only after gate; annotated copy is review only.
MSB179,storyboard,S8_8BIT_TRANSLATED,01_AIGC/visual_assets/pure/micro_storyboard/B06/MSB179_v001.png,01_AIGC/visual_assets/annotated/micro_storyboard/B06/MSB179_v001_annotated.png,true,true,pending,pending,纯图只在通过门禁后进入 AIGC；带标注版本仅供审阅 / Pure image feeds AIGC only after gate; annotated copy is review only.
MSB180,storyboard,S8_8BIT_TRANSLATED,01_AIGC/visual_assets/pure/micro_storyboard/B06/MSB180_v001.png,01_AIGC/visual_assets/annotated/micro_storyboard/B06/MSB180_v001_annotated.png,true,true,pending,pending,纯图只在通过门禁后进入 AIGC；带标注版本仅供审阅 / Pure image feeds AIGC only after gate; annotated copy is review only.
MSB181,storyboard,S8_8BIT_TRANSLATED,01_AIGC/visual_assets/pure/micro_storyboard/B06/MSB181_v001.png,01_AIGC/visual_assets/annotated/micro_storyboard/B06/MSB181_v001_annotated.png,true,true,pending,pending,纯图只在通过门禁后进入 AIGC；带标注版本仅供审阅 / Pure image feeds AIGC only after gate; annotated copy is review only.
MSB182,storyboard,S8_8BIT_TRANSLATED,01_AIGC/visual_assets/pure/micro_storyboard/B06/MSB182_v001.png,01_AIGC/visual_assets/annotated/micro_storyboard/B06/MSB182_v001_annotated.png,true,true,pending,pending,纯图只在通过门禁后进入 AIGC；带标注版本仅供审阅 / Pure image feeds AIGC only after gate; annotated copy is review only.
MSB183,keyframe,S8_8BIT_TRANSLATED,01_AIGC/visual_assets/pure/micro_storyboard/B06/MSB183_v001.png,01_AIGC/visual_assets/annotated/micro_storyboard/B06/MSB183_v001_annotated.png,true,true,pending,pending,纯图只在通过门禁后进入 AIGC；带标注版本仅供审阅 / Pure image feeds AIGC only after gate; annotated copy is review only.
MSB184,end_frame,S8_8BIT_TRANSLATED,01_AIGC/visual_assets/pure/micro_storyboard/B06/MSB184_v001.png,01_AIGC/visual_assets/annotated/micro_storyboard/B06/MSB184_v001_annotated.png,true,true,pending,pending,纯图只在通过门禁后进入 AIGC；带标注版本仅供审阅 / Pure image feeds AIGC only after gate; annotated copy is review only.
MSB185,storyboard,S8_8BIT_TRANSLATED,01_AIGC/visual_assets/pure/micro_storyboard/B06/MSB185_v001.png,01_AIGC/visual_assets/annotated/micro_storyboard/B06/MSB185_v001_annotated.png,true,true,pending,pending,纯图只在通过门禁后进入 AIGC；带标注版本仅供审阅 / Pure image feeds AIGC only after gate; annotated copy is review only.
MSB186,keyframe,S8_8BIT_TRANSLATED,01_AIGC/visual_assets/pure/micro_storyboard/B06/MSB186_v001.png,01_AIGC/visual_assets/annotated/micro_storyboard/B06/MSB186_v001_annotated.png,true,true,pending,pending,纯图只在通过门禁后进入 AIGC；带标注版本仅供审阅 / Pure image feeds AIGC only after gate; annotated copy is review only.
MSB187,storyboard,S8_8BIT_TRANSLATED,01_AIGC/visual_assets/pure/micro_storyboard/B06/MSB187_v001.png,01_AIGC/visual_assets/annotated/micro_storyboard/B06/MSB187_v001_annotated.png,true,true,pending,pending,纯图只在通过门禁后进入 AIGC；带标注版本仅供审阅 / Pure image feeds AIGC only after gate; annotated copy is review only.
MSB188,keyframe,S8_8BIT_TRANSLATED,01_AIGC/visual_assets/pure/micro_storyboard/B06/MSB188_v001.png,01_AIGC/visual_assets/annotated/micro_storyboard/B06/MSB188_v001_annotated.png,true,true,pending,pending,纯图只在通过门禁后进入 AIGC；带标注版本仅供审阅 / Pure image feeds AIGC only after gate; annotated copy is review only.
