panel_id,batch,clip,clip_title,scene_id,whitebox_required,whitebox_id,planned_whitebox_path,reason,source_camera,layout_focus,character_blocking,pose_or_path,status
MSB001,B01,01,老小区建立,SCN_COMPOUND,yes,WB2_COMPOUND_MSB001,whitebox_renders_v2/B01/WB2_COMPOUND_MSB001.png,已有白模大致可支撑，必要时补,CAM_COMPOUND_01_ESTABLISH,潮湿地面和破自行车占前景，居民楼底层角落被压在画面右后方,环境,locked-off，低机位，轻微前推,planned_panel_whitebox
MSB002,B01,01,老小区建立,SCN_COMPOUND,yes,WB2_COMPOUND_MSB002,whitebox_renders_v2/B01/WB2_COMPOUND_MSB002.png,已有白模大致可支撑，必要时补,CAM_COMPOUND_01_ESTABLISH,发黄楼体、铁栏杆、晾衣绳形成遮挡，游戏机房入口几乎被墙角吞掉,环境,镜头保持低，建筑线条压迫,planned_panel_whitebox
MSB003,B01,01,老小区建立,SCN_COMPOUND,yes,WB2_COMPOUND_MSB003,whitebox_renders_v2/B01/WB2_COMPOUND_MSB003.png,已有白模大致可支撑，必要时补,CAM_COMPOUND_01_ESTABLISH,一扇不起眼的门里漏出蓝绿 CRT 光，门口杂草和水渍清楚,环境,只允许光轻闪,planned_panel_whitebox
MSB004,B01,01,老小区建立,SCN_COMPOUND,yes,WB2_COMPOUND_MSB004,whitebox_renders_v2/B01/WB2_COMPOUND_MSB004.png,已有白模大致可支撑，必要时补,CAM_COMPOUND_01_ESTABLISH,旧门头、卷帘门边缘、贴坏的游戏贴纸和墙皮脱落,环境,固定构图，细节可读,planned_panel_whitebox
MSB005,B01,01,老小区建立,SCN_COMPOUND,yes,WB2_COMPOUND_MSB005,whitebox_renders_v2/B01/WB2_COMPOUND_MSB005.png,已有白模大致可支撑，必要时补,CAM_COMPOUND_01_ESTABLISH,楼道黑洞和游戏机房门口形成两个入口，观众不确定哪个更危险,环境,微 push-in,planned_panel_whitebox
MSB006,B01,01,老小区建立,SCN_COMPOUND,yes,WB2_COMPOUND_MSB006,whitebox_renders_v2/B01/WB2_COMPOUND_MSB006.png,已有白模大致可支撑，必要时补,CAM_COMPOUND_01_ESTABLISH,潮湿地面水洼反射出微弱 CRT 色块，旁边有碎石和烟头,环境/道具,低角度近景,planned_panel_whitebox
MSB007,B01,01,老小区建立,SCN_COMPOUND,yes,WB2_COMPOUND_MSB007,whitebox_renders_v2/B01/WB2_COMPOUND_MSB007.png,已有白模大致可支撑，必要时补,CAM_COMPOUND_01_ESTABLISH,从院子深处看向游戏机房角落，给出三兄弟稍后进入的路线,环境,低位广角,planned_panel_whitebox
MSB008,B01,01,老小区建立,SCN_COMPOUND,yes,WB2_COMPOUND_MSB008,whitebox_renders_v2/B01/WB2_COMPOUND_MSB008.png,已有白模大致可支撑，必要时补,CAM_COMPOUND_01_ESTABLISH,画面左后方留出空位，门口 CRT 光稳定，像在等待孩子靠近,环境,locked-off,planned_panel_whitebox
MSB009,B01,02,三兄弟靠近,SCN_COMPOUND,yes,WB2_COMPOUND_MSB009,whitebox_renders_v2/B01/WB2_COMPOUND_MSB009.png,同场景前进路径和入口/阴影关系需要锁定,CAM_COMPOUND_02_BROTHERS_APPROACH,阿磊从画面左后方先出现，双手插兜，装作熟门熟路,阿磊,步子比弟弟大半拍,planned_panel_whitebox
MSB010,B01,02,三兄弟靠近,SCN_COMPOUND,yes,WB2_COMPOUND_MSB010,whitebox_renders_v2/B01/WB2_COMPOUND_MSB010.png,同场景前进路径和入口/阴影关系需要锁定,CAM_COMPOUND_02_BROTHERS_APPROACH,小川背浅绿色塌书包跟在半步后，两手攥书包带,小川,肩膀缩，步子短,planned_panel_whitebox
MSB011,B01,02,三兄弟靠近,SCN_COMPOUND,yes,WB2_COMPOUND_MSB011,whitebox_renders_v2/B01/WB2_COMPOUND_MSB011.png,同场景前进路径和入口/阴影关系需要锁定,CAM_COMPOUND_02_BROTHERS_APPROACH,小满更小，浅色大衬衫，抓衣角，脚尖内扣地跟上,小满,贴着小川的路线走,planned_panel_whitebox
MSB012,B01,02,三兄弟靠近,SCN_COMPOUND,yes,WB2_COMPOUND_MSB012,whitebox_renders_v2/B01/WB2_COMPOUND_MSB012.png,同场景前进路径和入口/阴影关系需要锁定,CAM_COMPOUND_02_BROTHERS_APPROACH,三兄弟同框，阿磊高一头，小川中间，小满明显更小,三兄弟,三角形站位建立,planned_panel_whitebox
MSB013,B01,02,三兄弟靠近,SCN_COMPOUND,yes,WB2_COMPOUND_MSB013,whitebox_renders_v2/B01/WB2_COMPOUND_MSB013.png,同场景前进路径和入口/阴影关系需要锁定,CAM_COMPOUND_02_BROTHERS_APPROACH,阿磊半回头催弟弟，手背蹭鼻尖，小川抬眼看他,阿磊/小川,轻微回头，不改变路线,planned_panel_whitebox
MSB014,B01,02,三兄弟靠近,SCN_COMPOUND,yes,WB2_COMPOUND_MSB014,whitebox_renders_v2/B01/WB2_COMPOUND_MSB014.png,同场景前进路径和入口/阴影关系需要锁定,CAM_COMPOUND_02_BROTHERS_APPROACH,CRT 光照到小川眼睛和红领巾，小川嘴微张,小川,手仍攥书包带,planned_panel_whitebox
MSB015,B01,02,三兄弟靠近,SCN_COMPOUND,yes,WB2_COMPOUND_MSB015,whitebox_renders_v2/B01/WB2_COMPOUND_MSB015.png,同场景前进路径和入口/阴影关系需要锁定,CAM_COMPOUND_02_BROTHERS_APPROACH,小满在后面眨眼，抓衣角更紧，身体往小川背后缩,小满,脚尖内扣停一下,planned_panel_whitebox
MSB016,B01,02,三兄弟靠近,SCN_COMPOUND,yes,WB2_COMPOUND_MSB016,whitebox_renders_v2/B01/WB2_COMPOUND_MSB016.png,同场景前进路径和入口/阴影关系需要锁定,CAM_COMPOUND_02_BROTHERS_APPROACH,三兄弟停在门口，门缝光打到鞋尖，阿磊站最前,三兄弟,队形稳定,planned_panel_whitebox
MSB017,B01,02,三兄弟靠近,SCN_COMPOUND,yes,WB2_COMPOUND_MSB017,whitebox_renders_v2/B01/WB2_COMPOUND_MSB017.png,同场景前进路径和入口/阴影关系需要锁定,CAM_COMPOUND_02_BROTHERS_APPROACH,阿磊的手伸向脏门帘或门边，袖口磨毛清楚,阿磊/道具,手从口袋抽出,planned_panel_whitebox
MSB018,B01,02,三兄弟靠近,SCN_COMPOUND,yes,WB2_COMPOUND_MSB018,whitebox_renders_v2/B01/WB2_COMPOUND_MSB018.png,同场景前进路径和入口/阴影关系需要锁定,CAM_COMPOUND_02_BROTHERS_APPROACH,门帘在三兄弟面前轻晃，三张不同年龄的脸被 CRT 光分层照亮,三兄弟,静止一拍,planned_panel_whitebox
MSB019,B01,03,游戏厅入口,SCN_ARCADE,yes,WB2_ARCADE_MSB019,whitebox_renders_v2/B01/WB2_ARCADE_MSB019.png,同场景前进路径和入口/阴影关系需要锁定,CAM_ARCADE_01_ENTRANCE_WIDE,脏塑料门帘贴着镜头擦过，后面露出旧街机彩光,环境/道具,门帘晃动作为隐藏剪辑,planned_panel_whitebox
MSB020,B01,03,游戏厅入口,SCN_ARCADE,yes,WB2_ARCADE_MSB020,whitebox_renders_v2/B01/WB2_ARCADE_MSB020.png,同场景前进路径和入口/阴影关系需要锁定,CAM_ARCADE_01_ENTRANCE_WIDE,三兄弟站在入口下方，室内低天花和两侧街机压住他们,三兄弟,站位保持阿磊前、小川中、小满后,planned_panel_whitebox
MSB021,B01,03,游戏厅入口,SCN_ARCADE,yes,WB2_ARCADE_MSB021,whitebox_renders_v2/B01/WB2_ARCADE_MSB021.png,同场景前进路径和入口/阴影关系需要锁定,CAM_ARCADE_01_ENTRANCE_WIDE,阿磊向前迈一步，肩膀故意撑开，小川和小满还在门口,阿磊,向前一步后停,planned_panel_whitebox
MSB022,B01,03,游戏厅入口,SCN_ARCADE,yes,WB2_ARCADE_MSB022,whitebox_renders_v2/B01/WB2_ARCADE_MSB022.png,同场景前进路径和入口/阴影关系需要锁定,CAM_ARCADE_01_ENTRANCE_WIDE,小川侧脸被蓝绿屏幕光照亮，红领巾和书包边缘清楚,小川,头部小幅转向街机,planned_panel_whitebox
MSB023,B01,03,游戏厅入口,SCN_ARCADE,yes,WB2_ARCADE_MSB023,whitebox_renders_v2/B01/WB2_ARCADE_MSB023.png,同场景前进路径和入口/阴影关系需要锁定,CAM_ARCADE_01_ENTRANCE_WIDE,小满靠近小川身后，只露半个身体，看向发光屏幕,小满,抓衣角，跟半步,planned_panel_whitebox
MSB024,B01,03,游戏厅入口,SCN_ARCADE,yes,WB2_ARCADE_MSB024,whitebox_renders_v2/B01/WB2_ARCADE_MSB024.png,同场景前进路径和入口/阴影关系需要锁定,CAM_ARCADE_01_ENTRANCE_WIDE,两排旧街机形成狭窄通道，远处有人影但不抢主体,环境,slow dolly in,planned_panel_whitebox
MSB025,B01,03,游戏厅入口,SCN_ARCADE,yes,WB2_ARCADE_MSB025,whitebox_renders_v2/B01/WB2_ARCADE_MSB025.png,同场景前进路径和入口/阴影关系需要锁定,CAM_ARCADE_01_ENTRANCE_WIDE,磨损摇杆、彩色按钮、硬币槽，孩子的手和旧机器比例对比,道具,固定近景,planned_panel_whitebox
MSB026,B01,03,游戏厅入口,SCN_ARCADE,yes,WB2_ARCADE_MSB026,whitebox_renders_v2/B01/WB2_ARCADE_MSB026.png,同场景前进路径和入口/阴影关系需要锁定,CAM_ARCADE_01_ENTRANCE_WIDE,昏暗顶灯、烟雾、墙上海报和老旧天花板形成密闭感,环境,只允许烟雾轻动,planned_panel_whitebox
MSB027,B01,03,游戏厅入口,SCN_ARCADE,yes,WB2_ARCADE_MSB027,whitebox_renders_v2/B01/WB2_ARCADE_MSB027.png,同场景前进路径和入口/阴影关系需要锁定,CAM_ARCADE_01_ENTRANCE_WIDE,三人沿街机通道向里走，阿磊被机器吸引，小川跟着看，小满被拉着走,三兄弟,前进方向清楚,planned_panel_whitebox
MSB028,B01,03,游戏厅入口,SCN_ARCADE,yes,WB2_ARCADE_MSB028,whitebox_renders_v2/B01/WB2_ARCADE_MSB028.png,同场景前进路径和入口/阴影关系需要锁定,CAM_ARCADE_01_ENTRANCE_WIDE,远处一台街头霸王机器的屏幕更亮，像目标点,环境/道具,镜头停在机器方向,planned_panel_whitebox
MSB029,B02,04,找到街霸,SCN_ARCADE,yes,WB2_ARCADE_MSB029,whitebox_renders_v2/B02/WB2_ARCADE_MSB029.png,街霸机、阿磊、彬子站位需要锁定,CAM_ARCADE_02_STREET_FIGHTER_CABINET,街头霸王街机占画面中心，屏幕和操作台磨损清楚,街机,固定构图,planned_panel_whitebox
MSB030,B02,04,找到街霸,SCN_ARCADE,yes,WB2_ARCADE_MSB030,whitebox_renders_v2/B02/WB2_ARCADE_MSB030.png,街霸机、阿磊、彬子站位需要锁定,CAM_ARCADE_02_STREET_FIGHTER_CABINET,阿磊站到操作位，手放在摇杆旁，下巴微扬,阿磊,身体前倾，肩膀撑开,planned_panel_whitebox
MSB031,B02,04,找到街霸,SCN_ARCADE,yes,WB2_ARCADE_MSB031,whitebox_renders_v2/B02/WB2_ARCADE_MSB031.png,街霸机、阿磊、彬子站位需要锁定,CAM_ARCADE_02_STREET_FIGHTER_CABINET,小川站在阿磊侧后，红领巾被屏幕光照亮，手还抓书包带,小川,不碰机器，只看,planned_panel_whitebox
MSB032,B02,04,找到街霸,SCN_ARCADE,yes,WB2_ARCADE_MSB032,whitebox_renders_v2/B02/WB2_ARCADE_MSB032.png,街霸机、阿磊、彬子站位需要锁定,CAM_ARCADE_02_STREET_FIGHTER_CABINET,小满只露出半张脸和浅色衬衫，躲在小川身后看屏幕,小满,贴近小川,planned_panel_whitebox
MSB033,B02,04,找到街霸,SCN_ARCADE,yes,WB2_ARCADE_MSB033,whitebox_renders_v2/B02/WB2_ARCADE_MSB033.png,街霸机、阿磊、彬子站位需要锁定,CAM_ARCADE_02_STREET_FIGHTER_CABINET,阿磊的儿童手指放到彩色按钮上，袖口磨毛和按钮划痕同框,阿磊/道具,手开始操作前的准备,planned_panel_whitebox
MSB034,B02,04,找到街霸,SCN_ARCADE,yes,WB2_ARCADE_MSB034,whitebox_renders_v2/B02/WB2_ARCADE_MSB034.png,街霸机、阿磊、彬子站位需要锁定,CAM_ARCADE_02_STREET_FIGHTER_CABINET,彬子从机器另一侧进入画面，黄发梢和黑夹克先被看见,彬子,下巴前顶，靠近机器,planned_panel_whitebox
MSB035,B02,04,找到街霸,SCN_ARCADE,yes,WB2_ARCADE_MSB035,whitebox_renders_v2/B02/WB2_ARCADE_MSB035.png,街霸机、阿磊、彬子站位需要锁定,CAM_ARCADE_02_STREET_FIGHTER_CABINET,阿磊和彬子分别站在机器两侧，屏幕在中间，身高差和气势差清楚,阿磊/彬子,对战站位锁定,planned_panel_whitebox
MSB036,B02,04,找到街霸,SCN_ARCADE,yes,WB2_ARCADE_MSB036,whitebox_renders_v2/B02/WB2_ARCADE_MSB036.png,街霸机、阿磊、彬子站位需要锁定,CAM_ARCADE_02_STREET_FIGHTER_CABINET,小川看见彬子，笑意收住，眼睛从屏幕移到彬子脸上,小川,头部小幅转移,planned_panel_whitebox
MSB037,B02,04,找到街霸,SCN_ARCADE,yes,WB2_ARCADE_MSB037,whitebox_renders_v2/B02/WB2_ARCADE_MSB037.png,街霸机、阿磊、彬子站位需要锁定,CAM_ARCADE_02_STREET_FIGHTER_CABINET,硬币投入街机槽，金属声和 CRT 光形成对战开始点,道具,手离开硬币槽,planned_panel_whitebox
MSB038,B02,05,哥哥打赢老大,SCN_ARCADE,yes,WB2_ARCADE_MSB038,whitebox_renders_v2/B02/WB2_ARCADE_MSB038.png,街霸机两侧对位和四人组聚拢需要锁定,CAM_ARCADE_03_DUEL_OVER_SHOULDER,阿磊左前景肩背、彬子右侧，街霸屏幕夹在中间,阿磊/彬子,镜头固定在屏幕和肩背之间,planned_panel_whitebox
MSB039,B02,05,哥哥打赢老大,SCN_ARCADE,yes,WB2_ARCADE_MSB039,whitebox_renders_v2/B02/WB2_ARCADE_MSB039.png,街霸机两侧对位和四人组聚拢需要锁定,CAM_ARCADE_03_DUEL_OVER_SHOULDER,阿磊手指在彩色按钮上快速动作，袖口磨毛明显,阿磊/道具,只拍手和按钮,planned_panel_whitebox
MSB040,B02,05,哥哥打赢老大,SCN_ARCADE,yes,WB2_ARCADE_MSB040,whitebox_renders_v2/B02/WB2_ARCADE_MSB040.png,街霸机两侧对位和四人组聚拢需要锁定,CAM_ARCADE_03_DUEL_OVER_SHOULDER,彬子侧脸被 CRT 光照亮，嘴角歪，眼睛从下往上瞪,彬子,下巴前顶,planned_panel_whitebox
MSB041,B02,05,哥哥打赢老大,SCN_ARCADE,yes,WB2_ARCADE_MSB041,whitebox_renders_v2/B02/WB2_ARCADE_MSB041.png,街霸机两侧对位和四人组聚拢需要锁定,CAM_ARCADE_03_DUEL_OVER_SHOULDER,小川不看屏幕，先看阿磊脸色，试图判断能不能高兴,小川,攥书包带更紧,planned_panel_whitebox
MSB042,B02,05,哥哥打赢老大,SCN_ARCADE,yes,WB2_ARCADE_MSB042,whitebox_renders_v2/B02/WB2_ARCADE_MSB042.png,街霸机两侧对位和四人组聚拢需要锁定,CAM_ARCADE_03_DUEL_OVER_SHOULDER,街霸屏幕出现强烈攻击闪光，不需要真实游戏版权细节,街机屏幕,CRT 闪烁,planned_panel_whitebox
MSB043,B02,05,哥哥打赢老大,SCN_ARCADE,yes,WB2_ARCADE_MSB043,whitebox_renders_v2/B02/WB2_ARCADE_MSB043.png,街霸机两侧对位和四人组聚拢需要锁定,CAM_ARCADE_03_DUEL_OVER_SHOULDER,阿磊嘴角轻微上扬但不敢太明显，肩膀一抖,阿磊,手继续操作,planned_panel_whitebox
MSB044,B02,05,哥哥打赢老大,SCN_ARCADE,yes,WB2_ARCADE_MSB044,whitebox_renders_v2/B02/WB2_ARCADE_MSB044.png,街霸机两侧对位和四人组聚拢需要锁定,CAM_ARCADE_03_DUEL_OVER_SHOULDER,彬子笑意消失，眨眼变少，鼻翼绷紧,彬子,身体僵住,planned_panel_whitebox
MSB045,B02,05,哥哥打赢老大,SCN_ARCADE,yes,WB2_ARCADE_MSB045,whitebox_renders_v2/B02/WB2_ARCADE_MSB045.png,街霸机两侧对位和四人组聚拢需要锁定,CAM_ARCADE_03_DUEL_OVER_SHOULDER,CRT 胜利画面红光爆亮，屏幕边缘反射在机身上,街机屏幕,画面闪红,planned_panel_whitebox
MSB046,B02,05,哥哥打赢老大,SCN_ARCADE,yes,WB2_ARCADE_MSB046,whitebox_renders_v2/B02/WB2_ARCADE_MSB046.png,街霸机两侧对位和四人组聚拢需要锁定,CAM_ARCADE_03_DUEL_OVER_SHOULDER,胜利红光照到彬子脸，黄发梢和嘴角小痣清楚,彬子,完全停住一拍,planned_panel_whitebox
MSB047,B02,05,哥哥打赢老大,SCN_ARCADE,yes,WB2_ARCADE_MSB047,whitebox_renders_v2/B02/WB2_ARCADE_MSB047.png,街霸机两侧对位和四人组聚拢需要锁定,CAM_ARCADE_03_DUEL_OVER_SHOULDER,阿磊想笑又忍住，手从按钮上离开，下巴更高,阿磊,肩膀轻抖,planned_panel_whitebox
MSB048,B02,05,哥哥打赢老大,SCN_ARCADE,yes,WB2_ARCADE_MSB048,whitebox_renders_v2/B02/WB2_ARCADE_MSB048.png,街霸机两侧对位和四人组聚拢需要锁定,CAM_ARCADE_03_DUEL_OVER_SHOULDER,小川看到哥哥赢，嘴角刚要笑，眼睛还看彬子反应,小川,身体没有靠前,planned_panel_whitebox
MSB049,B02,05,哥哥打赢老大,SCN_ARCADE,yes,WB2_ARCADE_MSB049,whitebox_renders_v2/B02/WB2_ARCADE_MSB049.png,街霸机两侧对位和四人组聚拢需要锁定,CAM_ARCADE_03_DUEL_OVER_SHOULDER,彬子越过街机盯住阿磊，背景三同伙模糊出现,彬子/阿磊,彬子不动，只看,planned_panel_whitebox
MSB050,B02,06,老大记仇,SCN_ARCADE,yes,WB2_ARCADE_MSB050,whitebox_renders_v2/B02/WB2_ARCADE_MSB050.png,街霸机两侧对位和四人组聚拢需要锁定,CAM_ARCADE_04_BOSS_LOSES_REACTION,彬子脸在红光里僵住，嘴角歪笑消失，下颌咬紧,彬子,只允许眼神变化,planned_panel_whitebox
MSB051,B02,06,老大记仇,SCN_ARCADE,yes,WB2_ARCADE_MSB051,whitebox_renders_v2/B02/WB2_ARCADE_MSB051.png,街霸机两侧对位和四人组聚拢需要锁定,CAM_ARCADE_04_BOSS_LOSES_REACTION,高杆从背景一侧靠近，灰白夹克和长手臂先形成剪影,高杆,慢慢站到边缘,planned_panel_whitebox
MSB052,B02,06,老大记仇,SCN_ARCADE,yes,WB2_ARCADE_MSB052,whitebox_renders_v2/B02/WB2_ARCADE_MSB052.png,街霸机两侧对位和四人组聚拢需要锁定,CAM_ARCADE_04_BOSS_LOSES_REACTION,大海宽身体进入背景，褪色 T 恤和宽站姿把空间堵住,大海,脚站宽，抹汗,planned_panel_whitebox
MSB053,B02,06,老大记仇,SCN_ARCADE,yes,WB2_ARCADE_MSB053,whitebox_renders_v2/B02/WB2_ARCADE_MSB053.png,街霸机两侧对位和四人组聚拢需要锁定,CAM_ARCADE_04_BOSS_LOSES_REACTION,小齐本来想笑，看到彬子脸色后笑收住，手抠袖口,小齐,身体前探又缩回,planned_panel_whitebox
MSB054,B02,06,老大记仇,SCN_ARCADE,yes,WB2_ARCADE_MSB054,whitebox_renders_v2/B02/WB2_ARCADE_MSB054.png,街霸机两侧对位和四人组聚拢需要锁定,CAM_ARCADE_04_BOSS_LOSES_REACTION,彬子矮在前，高杆高瘦、大海宽、小齐飘在边缘，轮廓差异清楚,混混四人,slow push-in,planned_panel_whitebox
MSB055,B02,06,老大记仇,SCN_ARCADE,yes,WB2_ARCADE_MSB055,whitebox_renders_v2/B02/WB2_ARCADE_MSB055.png,街霸机两侧对位和四人组聚拢需要锁定,CAM_ARCADE_04_BOSS_LOSES_REACTION,阿磊带着弟弟准备离开，还在压住笑意,阿磊/三兄弟,向门口方向转身,planned_panel_whitebox
MSB056,B02,06,老大记仇,SCN_ARCADE,yes,WB2_ARCADE_MSB056,whitebox_renders_v2/B02/WB2_ARCADE_MSB056.png,街霸机两侧对位和四人组聚拢需要锁定,CAM_ARCADE_04_BOSS_LOSES_REACTION,彬子盯着阿磊背影，手把腰包往上一拽,彬子,手部动作短促,planned_panel_whitebox
MSB057,B02,06,老大记仇,SCN_ARCADE,yes,WB2_ARCADE_MSB057,whitebox_renders_v2/B02/WB2_ARCADE_MSB057.png,街霸机两侧对位和四人组聚拢需要锁定,CAM_ARCADE_04_BOSS_LOSES_REACTION,游戏厅仍热闹，但四人组所在区域像被声音抽空,混混四人/环境,背景人模糊不抢主体,planned_panel_whitebox
MSB058,B03,07,志得意满离开,SCN_EXIT,yes,WB2_EXIT_MSB058,whitebox_renders_v2/B03/WB2_EXIT_MSB058.png,已有白模大致可支撑，必要时补,CAM_ARCADE_EXIT_01_LEAVING,三兄弟从门内 CRT 彩光走进门外黄路灯，色温切换清楚,三兄弟,从室内到门口,planned_panel_whitebox
MSB059,B03,07,志得意满离开,SCN_EXIT,yes,WB2_EXIT_MSB059,whitebox_renders_v2/B03/WB2_EXIT_MSB059.png,已有白模大致可支撑，必要时补,CAM_ARCADE_EXIT_01_LEAVING,阿磊边走边用手模仿刚才的操作，肩膀抖一下,阿磊,手部比划小幅,planned_panel_whitebox
MSB060,B03,07,志得意满离开,SCN_EXIT,yes,WB2_EXIT_MSB060,whitebox_renders_v2/B03/WB2_EXIT_MSB060.png,已有白模大致可支撑，必要时补,CAM_ARCADE_EXIT_01_LEAVING,小川偷偷学阿磊按键动作，马上又攥回书包带,小川,动作小而短,planned_panel_whitebox
MSB061,B03,07,志得意满离开,SCN_EXIT,yes,WB2_EXIT_MSB061,whitebox_renders_v2/B03/WB2_EXIT_MSB061.png,已有白模大致可支撑，必要时补,CAM_ARCADE_EXIT_01_LEAVING,小满看小川笑才跟着笑，衣角还攥在手里,小满,脚步慢半拍,planned_panel_whitebox
MSB062,B03,07,志得意满离开,SCN_EXIT,yes,WB2_EXIT_MSB062,whitebox_renders_v2/B03/WB2_EXIT_MSB062.png,已有白模大致可支撑，必要时补,CAM_ARCADE_EXIT_01_LEAVING,游戏机房门口缩在老楼角落里，三兄弟走向小路方向,环境/三兄弟,低机位跟拍,planned_panel_whitebox
MSB063,B03,07,志得意满离开,SCN_EXIT,yes,WB2_EXIT_MSB063,whitebox_renders_v2/B03/WB2_EXIT_MSB063.png,已有白模大致可支撑，必要时补,CAM_ARCADE_EXIT_01_LEAVING,门口旧招牌和漏出的彩光逐渐留在后景，街机声远去,环境,镜头被暗处遮挡,planned_panel_whitebox
MSB064,B03,07,志得意满离开,SCN_EXIT,yes,WB2_EXIT_MSB064,whitebox_renders_v2/B03/WB2_EXIT_MSB064.png,已有白模大致可支撑，必要时补,CAM_ARCADE_EXIT_01_LEAVING,阿磊保持前方，小川半步后，小满最后，队形回到初始但更放松,三兄弟,向小路方向走,planned_panel_whitebox
MSB065,B03,07,志得意满离开,SCN_EXIT,yes,WB2_EXIT_MSB065,whitebox_renders_v2/B03/WB2_EXIT_MSB065.png,已有白模大致可支撑，必要时补,CAM_ARCADE_EXIT_01_LEAVING,三兄弟走进老小区背后的暗巷入口，黄路灯把影子拉长,三兄弟/环境,影子变长,planned_panel_whitebox
MSB066,B03,08,偏僻小路,SCN_ALLEY,yes,WB2_ALLEY_MSB066,whitebox_renders_v2/B03/WB2_ALLEY_MSB066.png,同场景前进路径和入口/阴影关系需要锁定,CAM_ALLEY_01_WALK_HOME,狭窄小路两侧围墙和杂草，远处旧路灯，路面湿而空,环境,locked-off,planned_panel_whitebox
MSB067,B03,08,偏僻小路,SCN_ALLEY,yes,WB2_ALLEY_MSB067,whitebox_renders_v2/B03/WB2_ALLEY_MSB067.png,同场景前进路径和入口/阴影关系需要锁定,CAM_ALLEY_01_WALK_HOME,三兄弟从画面左侧进入，小路深处留出危险空间,三兄弟,低机位 tracking,planned_panel_whitebox
MSB068,B03,08,偏僻小路,SCN_ALLEY,yes,WB2_ALLEY_MSB068,whitebox_renders_v2/B03/WB2_ALLEY_MSB068.png,同场景前进路径和入口/阴影关系需要锁定,CAM_ALLEY_01_WALK_HOME,阿磊边走边比划摇杆，小川抬头认真听,阿磊/小川,向前走，手比划,planned_panel_whitebox
MSB069,B03,08,偏僻小路,SCN_ALLEY,yes,WB2_ALLEY_MSB069,whitebox_renders_v2/B03/WB2_ALLEY_MSB069.png,同场景前进路径和入口/阴影关系需要锁定,CAM_ALLEY_01_WALK_HOME,小满落后半步，脚尖内扣，努力跟上哥哥节奏,小满,小跑两步追上,planned_panel_whitebox
MSB070,B03,08,偏僻小路,SCN_ALLEY,yes,WB2_ALLEY_MSB070,whitebox_renders_v2/B03/WB2_ALLEY_MSB070.png,同场景前进路径和入口/阴影关系需要锁定,CAM_ALLEY_01_WALK_HOME,路边碎砖石和一块普通石块在画面角落出现，不被强调成武器,道具/环境,固定低角度,planned_panel_whitebox
MSB071,B03,08,偏僻小路,SCN_ALLEY,yes,WB2_ALLEY_MSB071,whitebox_renders_v2/B03/WB2_ALLEY_MSB071.png,同场景前进路径和入口/阴影关系需要锁定,CAM_ALLEY_01_WALK_HOME,小川从石块旁走过，完全没注意，书包甩过前景,小川/道具,石块作为环境锚点,planned_panel_whitebox
MSB072,B03,08,偏僻小路,SCN_ALLEY,yes,WB2_ALLEY_MSB072,whitebox_renders_v2/B03/WB2_ALLEY_MSB072.png,同场景前进路径和入口/阴影关系需要锁定,CAM_ALLEY_01_WALK_HOME,小路前方灯下出现几个人影，三兄弟还未完全意识到,混混远影/三兄弟,人物在远处不清晰,planned_panel_whitebox
MSB073,B03,08,偏僻小路,SCN_ALLEY,yes,WB2_ALLEY_MSB073,whitebox_renders_v2/B03/WB2_ALLEY_MSB073.png,同场景前进路径和入口/阴影关系需要锁定,CAM_ALLEY_01_WALK_HOME,阿磊的比划停住，身体略挡到小川前面,阿磊,步子慢下来,planned_panel_whitebox
MSB074,B03,08,偏僻小路,SCN_ALLEY,yes,WB2_ALLEY_MSB074,whitebox_renders_v2/B03/WB2_ALLEY_MSB074.png,同场景前进路径和入口/阴影关系需要锁定,CAM_ALLEY_01_WALK_HOME,小川不看前方，先看阿磊脸色，笑收住,小川,头转向阿磊,planned_panel_whitebox
MSB075,B03,08,偏僻小路,SCN_ALLEY,yes,WB2_ALLEY_MSB075,whitebox_renders_v2/B03/WB2_ALLEY_MSB075.png,同场景前进路径和入口/阴影关系需要锁定,CAM_ALLEY_01_WALK_HOME,三兄弟停住，前方阴影更清楚，后方路变暗,三兄弟/环境,左右空间锁定,planned_panel_whitebox
MSB076,B03,09,四人堵路,SCN_ALLEY,yes,WB2_ALLEY_MSB076,whitebox_renders_v2/B03/WB2_ALLEY_MSB076.png,堵路左右阵营和封路关系需要锁定,CAM_ALLEY_02_BLOCKED,彬子带三人从小路前方堵住去路，四人剪影差异明显,混混四人,locked-off,planned_panel_whitebox
MSB077,B03,09,四人堵路,SCN_ALLEY,yes,WB2_ALLEY_MSB077,whitebox_renders_v2/B03/WB2_ALLEY_MSB077.png,堵路左右阵营和封路关系需要锁定,CAM_ALLEY_02_BLOCKED,彬子短小身形向前压，下巴顶出，手拽腰包,彬子,向前半步后停,planned_panel_whitebox
MSB078,B03,09,四人堵路,SCN_ALLEY,yes,WB2_ALLEY_MSB078,whitebox_renders_v2/B03/WB2_ALLEY_MSB078.png,堵路左右阵营和封路关系需要锁定,CAM_ALLEY_02_BLOCKED,高杆站在路边，长手臂横住墙边空隙,高杆,横臂封路,planned_panel_whitebox
MSB079,B03,09,四人堵路,SCN_ALLEY,yes,WB2_ALLEY_MSB079,whitebox_renders_v2/B03/WB2_ALLEY_MSB079.png,堵路左右阵营和封路关系需要锁定,CAM_ALLEY_02_BLOCKED,大海宽脚站在路中，褪色 T 恤汗湿领口，身体像墙,大海,宽站姿不动,planned_panel_whitebox
MSB080,B03,09,四人堵路,SCN_ALLEY,yes,WB2_ALLEY_MSB080,whitebox_renders_v2/B03/WB2_ALLEY_MSB080.png,堵路左右阵营和封路关系需要锁定,CAM_ALLEY_02_BLOCKED,小齐在边缘前探，嘴角快笑，手还抠袖口,小齐,换重心,planned_panel_whitebox
MSB081,B03,09,四人堵路,SCN_ALLEY,yes,WB2_ALLEY_MSB081,whitebox_renders_v2/B03/WB2_ALLEY_MSB081.png,堵路左右阵营和封路关系需要锁定,CAM_ALLEY_02_BLOCKED,阿磊迈到小川和小满前面，三兄弟左侧队形收紧,阿磊/三兄弟,身体挡前,planned_panel_whitebox
MSB082,B03,09,四人堵路,SCN_ALLEY,yes,WB2_ALLEY_MSB082,whitebox_renders_v2/B03/WB2_ALLEY_MSB082.png,堵路左右阵营和封路关系需要锁定,CAM_ALLEY_02_BLOCKED,小川站在阿磊背后半个身位，眼睛越过哥哥看彬子,小川,攥书包带,planned_panel_whitebox
MSB083,B03,09,四人堵路,SCN_ALLEY,yes,WB2_ALLEY_MSB083,whitebox_renders_v2/B03/WB2_ALLEY_MSB083.png,堵路左右阵营和封路关系需要锁定,CAM_ALLEY_02_BLOCKED,小满退到墙边，抓衣角，脚尖内扣，不知道该跑还是站,小满,僵住,planned_panel_whitebox
MSB084,B03,09,四人堵路,SCN_ALLEY,yes,WB2_ALLEY_MSB084,whitebox_renders_v2/B03/WB2_ALLEY_MSB084.png,堵路左右阵营和封路关系需要锁定,CAM_ALLEY_02_BLOCKED,小路像被两组人堵成死巷，三兄弟后方也变暗,全体,不翻轴,planned_panel_whitebox
MSB085,B03,09,四人堵路,SCN_ALLEY,yes,WB2_ALLEY_MSB085,whitebox_renders_v2/B03/WB2_ALLEY_MSB085.png,堵路左右阵营和封路关系需要锁定,CAM_ALLEY_02_BLOCKED,彬子越过小路盯住阿磊，旧街机红光记忆从脸上隐约回响,彬子/阿磊,眼神锁定,planned_panel_whitebox
MSB086,B04,10,围殴哥哥,SCN_ALLEY,yes,WB2_ALLEY_MSB086,whitebox_renders_v2/B04/WB2_ALLEY_MSB086.png,多人围堵和失衡，需要锁定七人站位,CAM_ALLEY_03_BROTHER_BEATEN,混混四人从半圆收拢，阿磊被挤到画面中心,阿磊/混混四人,向中心挤压,planned_panel_whitebox
MSB087,B04,10,围殴哥哥,SCN_ALLEY,yes,WB2_ALLEY_MSB087,whitebox_renders_v2/B04/WB2_ALLEY_MSB087.png,多人围堵和失衡，需要锁定七人站位,CAM_ALLEY_03_BROTHER_BEATEN,阿磊下巴抬着说话，手却从口袋里抽出来挡在身前,阿磊,后退半步,planned_panel_whitebox
MSB088,B04,10,围殴哥哥,SCN_ALLEY,yes,WB2_ALLEY_MSB088,whitebox_renders_v2/B04/WB2_ALLEY_MSB088.png,多人围堵和失衡，需要锁定七人站位,CAM_ALLEY_03_BROTHER_BEATEN,高杆长手臂挡住阿磊侧后，灰白袖子像横杠,高杆/阿磊,横臂不大动,planned_panel_whitebox
MSB089,B04,10,围殴哥哥,SCN_ALLEY,yes,WB2_ALLEY_MSB089,whitebox_renders_v2/B04/WB2_ALLEY_MSB089.png,多人围堵和失衡，需要锁定七人站位,CAM_ALLEY_03_BROTHER_BEATEN,大海用肩膀和身体把空间压小，不做漂亮拳脚,大海/阿磊,身体前压,planned_panel_whitebox
MSB090,B04,10,围殴哥哥,SCN_ALLEY,yes,WB2_ALLEY_MSB090,whitebox_renders_v2/B04/WB2_ALLEY_MSB090.png,多人围堵和失衡，需要锁定七人站位,CAM_ALLEY_03_BROTHER_BEATEN,小齐在边上起哄，身体前探但脚随时想退,小齐,换重心,planned_panel_whitebox
MSB091,B04,10,围殴哥哥,SCN_ALLEY,yes,WB2_ALLEY_MSB091,whitebox_renders_v2/B04/WB2_ALLEY_MSB091.png,多人围堵和失衡，需要锁定七人站位,CAM_ALLEY_03_BROTHER_BEATEN,彬子站到阿磊面前，短脖子前压，嘴角歪,彬子/阿磊,下巴顶人,planned_panel_whitebox
MSB092,B04,10,围殴哥哥,SCN_ALLEY,yes,WB2_ALLEY_MSB092,whitebox_renders_v2/B04/WB2_ALLEY_MSB092.png,多人围堵和失衡，需要锁定七人站位,CAM_ALLEY_03_BROTHER_BEATEN,阿磊被推得肩膀一歪，仍想站稳,阿磊,身体失衡但没倒,planned_panel_whitebox
MSB093,B04,10,围殴哥哥,SCN_ALLEY,yes,WB2_ALLEY_MSB093,whitebox_renders_v2/B04/WB2_ALLEY_MSB093.png,多人围堵和失衡，需要锁定七人站位,CAM_ALLEY_03_BROTHER_BEATEN,小川站在侧面，双手攥书包带，眼睛在哥哥和彬子之间跳,小川,身体收紧,planned_panel_whitebox
MSB094,B04,10,围殴哥哥,SCN_ALLEY,yes,WB2_ALLEY_MSB094,whitebox_renders_v2/B04/WB2_ALLEY_MSB094.png,多人围堵和失衡，需要锁定七人站位,CAM_ALLEY_03_BROTHER_BEATEN,小满靠墙，嘴角下压，抓衣角，不哭也不喊,小满,脚尖内扣，冻结,planned_panel_whitebox
MSB095,B04,10,围殴哥哥,SCN_ALLEY,yes,WB2_ALLEY_MSB095,whitebox_renders_v2/B04/WB2_ALLEY_MSB095.png,多人围堵和失衡，需要锁定七人站位,CAM_ALLEY_03_BROTHER_BEATEN,阿磊被推到更低位置，混混身体变成画面边框,阿磊/混混,手持轻晃后停,planned_panel_whitebox
MSB096,B04,10,围殴哥哥,SCN_ALLEY,yes,WB2_ALLEY_MSB096,whitebox_renders_v2/B04/WB2_ALLEY_MSB096.png,多人围堵和失衡，需要锁定七人站位,CAM_ALLEY_03_BROTHER_BEATEN,彬子表情变空，手臂或身体准备进一步动作，但不展示暴力细节,彬子,动作停在准备阶段,planned_panel_whitebox
MSB097,B04,10,围殴哥哥,SCN_ALLEY,yes,WB2_ALLEY_MSB097,whitebox_renders_v2/B04/WB2_ALLEY_MSB097.png,多人围堵和失衡，需要锁定七人站位,CAM_ALLEY_03_BROTHER_BEATEN,小川看到彬子的准备动作，脸僵住，眼神即将落向地面,小川,头部开始下移,planned_panel_whitebox
MSB098,B04,11,石块失手,SCN_ALLEY,yes,WB2_ALLEY_MSB098,whitebox_renders_v2/B04/WB2_ALLEY_MSB098.png,石块、手、遮挡和冻结关系高风险,CAM_ALLEY_04_STONE_HIT,路边普通石块在湿地边缘，旁边碎砖和杂草说明它属于环境,石块/环境,固定低角度,planned_panel_whitebox
MSB099,B04,11,石块失手,SCN_ALLEY,yes,WB2_ALLEY_MSB099,whitebox_renders_v2/B04/WB2_ALLEY_MSB099.png,石块、手、遮挡和冻结关系高风险,CAM_ALLEY_04_STONE_HIT,小川眼神从哥哥和彬子之间突然落到地面石块,小川,只有眼神变化,planned_panel_whitebox
MSB100,B04,11,石块失手,SCN_ALLEY,yes,WB2_ALLEY_MSB100,whitebox_renders_v2/B04/WB2_ALLEY_MSB100.png,石块、手、遮挡和冻结关系高风险,CAM_ALLEY_04_STONE_HIT,小川一只手从书包带上松开，指节发白,小川,手部松开,planned_panel_whitebox
MSB101,B04,11,石块失手,SCN_ALLEY,yes,WB2_ALLEY_MSB101,whitebox_renders_v2/B04/WB2_ALLEY_MSB101.png,石块、手、遮挡和冻结关系高风险,CAM_ALLEY_04_STONE_HIT,小川身体歪斜向下，不是漂亮下蹲，书包失去平衡,小川,身体向下折,planned_panel_whitebox
MSB102,B04,11,石块失手,SCN_ALLEY,yes,WB2_ALLEY_MSB102,whitebox_renders_v2/B04/WB2_ALLEY_MSB102.png,石块、手、遮挡和冻结关系高风险,CAM_ALLEY_04_STONE_HIT,小川的手碰到湿石块，泥水和小手比例清楚,小川/石块,手抓住石块,planned_panel_whitebox
MSB103,B04,11,石块失手,SCN_ALLEY,yes,WB2_ALLEY_MSB103,whitebox_renders_v2/B04/WB2_ALLEY_MSB103.png,石块、手、遮挡和冻结关系高风险,CAM_ALLEY_04_STONE_HIT,彬子准备动作继续靠近阿磊，画面边缘小川弯身,彬子/阿磊/小川,两条动作线并置,planned_panel_whitebox
MSB104,B04,11,石块失手,SCN_ALLEY,yes,WB2_ALLEY_MSB104,whitebox_renders_v2/B04/WB2_ALLEY_MSB104.png,石块、手、遮挡和冻结关系高风险,CAM_ALLEY_04_STONE_HIT,小川抓着石块猛地起身，身体歪，动作短促混乱,小川,起身+甩动合一,planned_panel_whitebox
MSB105,B04,11,石块失手,SCN_ALLEY,yes,WB2_ALLEY_MSB105,whitebox_renders_v2/B04/WB2_ALLEY_MSB105.png,石块、手、遮挡和冻结关系高风险,CAM_ALLEY_04_STONE_HIT,前景人影或路灯柱遮住冲击瞬间，只看到众人身体突然停住,全体,动作后突然 locked-off,planned_panel_whitebox
MSB106,B04,11,石块失手,SCN_ALLEY,yes,WB2_ALLEY_MSB106,whitebox_renders_v2/B04/WB2_ALLEY_MSB106.png,石块、手、遮挡和冻结关系高风险,CAM_ALLEY_04_STONE_HIT,彬子不做血腥表现，只拍脸上不可置信和失去凶相的空白,彬子,停住不动,planned_panel_whitebox
MSB107,B04,11,石块失手,SCN_ALLEY,yes,WB2_ALLEY_MSB107,whitebox_renders_v2/B04/WB2_ALLEY_MSB107.png,石块、手、遮挡和冻结关系高风险,CAM_ALLEY_04_STONE_HIT,小川手还悬着，嘴张开但发不出声，浅绿书包歪到一边,小川,冻结一拍,planned_panel_whitebox
MSB108,B04,12,主角逃跑,SCN_ALLEY,yes,WB2_ALLEY_MSB108,whitebox_renders_v2/B04/WB2_ALLEY_MSB108.png,逃跑方向、追兵距离和废楼入口需要连续,CAM_ALLEY_05_ESCAPE_VECTOR,小川从冻结中突然歪出去，脚步不是标准起跑,小川,身体先歪，脚才跟上,planned_panel_whitebox
MSB109,B04,12,主角逃跑,SCN_ALLEY,yes,WB2_ALLEY_MSB109,whitebox_renders_v2/B04/WB2_ALLEY_MSB109.png,逃跑方向、追兵距离和废楼入口需要连续,CAM_ALLEY_05_ESCAPE_VECTOR,浅绿色书包斜甩，红领巾被带起，证明是同一个主角,小川/道具,低位跟拍,planned_panel_whitebox
MSB110,B04,12,主角逃跑,SCN_ALLEY,yes,WB2_ALLEY_MSB110,whitebox_renders_v2/B04/WB2_ALLEY_MSB110.png,逃跑方向、追兵距离和废楼入口需要连续,CAM_ALLEY_05_ESCAPE_VECTOR,阿磊和小满留在混乱后方，阿磊半起身想喊，小满仍僵,阿磊/小满,不跟跑,planned_panel_whitebox
MSB111,B04,12,主角逃跑,SCN_ALLEY,yes,WB2_ALLEY_MSB111,whitebox_renders_v2/B04/WB2_ALLEY_MSB111.png,逃跑方向、追兵距离和废楼入口需要连续,CAM_ALLEY_05_ESCAPE_VECTOR,高杆和大海先愣住，小齐收声，彬子状态不清,混混四人,动作延迟,planned_panel_whitebox
MSB112,B04,12,主角逃跑,SCN_ALLEY,yes,WB2_ALLEY_MSB112,whitebox_renders_v2/B04/WB2_ALLEY_MSB112.png,逃跑方向、追兵距离和废楼入口需要连续,CAM_ALLEY_05_ESCAPE_VECTOR,小川跑过刚才石块所在位置，湿地反光拉长,小川/环境,沿同一轴线向深处,planned_panel_whitebox
MSB113,B04,12,主角逃跑,SCN_ALLEY,yes,WB2_ALLEY_MSB113,whitebox_renders_v2/B04/WB2_ALLEY_MSB113.png,逃跑方向、追兵距离和废楼入口需要连续,CAM_ALLEY_05_ESCAPE_VECTOR,后方混混开始反应追，但与小川保持距离,追兵/小川,同方向，不翻轴,planned_panel_whitebox
MSB114,B04,12,主角逃跑,SCN_ALLEY,yes,WB2_ALLEY_MSB114,whitebox_renders_v2/B04/WB2_ALLEY_MSB114.png,逃跑方向、追兵距离和废楼入口需要连续,CAM_ALLEY_05_ESCAPE_VECTOR,黑暗墙面快速擦过镜头，作为逃跑隐藏剪辑,环境,横向擦镜,planned_panel_whitebox
MSB115,B04,12,主角逃跑,SCN_ALLEY,yes,WB2_ALLEY_MSB115,whitebox_renders_v2/B04/WB2_ALLEY_MSB115.png,逃跑方向、追兵距离和废楼入口需要连续,CAM_ALLEY_05_ESCAPE_VECTOR,旧路灯在小川头顶拉成长条，像 CRT 扫描线预兆,小川/环境,低位跟拍,planned_panel_whitebox
MSB116,B04,12,主角逃跑,SCN_ALLEY,yes,WB2_ALLEY_MSB116,whitebox_renders_v2/B04/WB2_ALLEY_MSB116.png,逃跑方向、追兵距离和废楼入口需要连续,CAM_ALLEY_05_ESCAPE_VECTOR,小川边跑边短促回头，圆眼睛睁大，嘴还张着,小川,头部快速回看,planned_panel_whitebox
MSB117,B04,12,主角逃跑,SCN_ALLEY,yes,WB2_ALLEY_MSB117,whitebox_renders_v2/B04/WB2_ALLEY_MSB117.png,逃跑方向、追兵距离和废楼入口需要连续,CAM_ALLEY_05_ESCAPE_VECTOR,小路尽头出现废楼暗入口，像唯一可逃方向,环境/小川,镜头前方显露入口,planned_panel_whitebox
MSB118,B04,12,主角逃跑,SCN_ALLEY,yes,WB2_ALLEY_MSB118,whitebox_renders_v2/B04/WB2_ALLEY_MSB118.png,逃跑方向、追兵距离和废楼入口需要连续,CAM_ALLEY_05_ESCAPE_VECTOR,小川朝废楼入口跑去，追兵声音留在后方,小川,方向锁定废楼,planned_panel_whitebox
MSB119,B04,12,主角逃跑,SCN_ALLEY,yes,WB2_ALLEY_MSB119,whitebox_renders_v2/B04/WB2_ALLEY_MSB119.png,逃跑方向、追兵距离和废楼入口需要连续,CAM_ALLEY_05_ESCAPE_VECTOR,小川身影被废楼入口暗处吞进去，路灯黄留在外面,小川/环境,暗处过门,planned_panel_whitebox
MSB120,B05,13,进入废楼,SCN_CORRIDOR,yes,WB2_CORRIDOR_MSB120,whitebox_renders_v2/B05/WB2_CORRIDOR_MSB120.png,废楼走廊纵深和入口方向需要一致,CAM_CORRIDOR_01_ENTRY_LONG,从废楼内部看小川冲进来，外面小路黄光在身后变小,小川/环境,由外到内,planned_panel_whitebox
MSB121,B05,13,进入废楼,SCN_CORRIDOR,yes,WB2_CORRIDOR_MSB121,whitebox_renders_v2/B05/WB2_CORRIDOR_MSB121.png,废楼走廊纵深和入口方向需要一致,CAM_CORRIDOR_01_ENTRY_LONG,冷绿灯管照到小川脸和红领巾，颜色从黄路灯切换,小川,停顿半拍,planned_panel_whitebox
MSB122,B05,13,进入废楼,SCN_CORRIDOR,yes,WB2_CORRIDOR_MSB122,whitebox_renders_v2/B05/WB2_CORRIDOR_MSB122.png,废楼走廊纵深和入口方向需要一致,CAM_CORRIDOR_01_ENTRY_LONG,长走廊重复门洞和消防箱清楚，小川站在近处很小,环境/小川,中轴透视,planned_panel_whitebox
MSB123,B05,13,进入废楼,SCN_CORRIDOR,yes,WB2_CORRIDOR_MSB123,whitebox_renders_v2/B05/WB2_CORRIDOR_MSB123.png,废楼走廊纵深和入口方向需要一致,CAM_CORRIDOR_01_ENTRY_LONG,小川沿走廊深处跑，书包晃动变小,小川,向深处奔跑,planned_panel_whitebox
MSB124,B05,13,进入废楼,SCN_CORRIDOR,yes,WB2_CORRIDOR_MSB124,whitebox_renders_v2/B05/WB2_CORRIDOR_MSB124.png,废楼走廊纵深和入口方向需要一致,CAM_CORRIDOR_01_ENTRY_LONG,白鞋踩过湿冷地面，回声拉长,小川/道具,脚步快速不稳,planned_panel_whitebox
MSB125,B05,13,进入废楼,SCN_CORRIDOR,yes,WB2_CORRIDOR_MSB125,whitebox_renders_v2/B05/WB2_CORRIDOR_MSB125.png,废楼走廊纵深和入口方向需要一致,CAM_CORRIDOR_01_ENTRY_LONG,小川回头看入口，追兵声像被门口吞掉,小川,头部回看,planned_panel_whitebox
MSB126,B05,13,进入废楼,SCN_CORRIDOR,yes,WB2_CORRIDOR_MSB126,whitebox_renders_v2/B05/WB2_CORRIDOR_MSB126.png,废楼走廊纵深和入口方向需要一致,CAM_CORRIDOR_01_ENTRY_LONG,发霉墙、旧标语残片、消防箱红色块，建立废楼质感,环境,固定细节,planned_panel_whitebox
MSB127,B05,13,进入废楼,SCN_CORRIDOR,yes,WB2_CORRIDOR_MSB127,whitebox_renders_v2/B05/WB2_CORRIDOR_MSB127.png,废楼走廊纵深和入口方向需要一致,CAM_CORRIDOR_01_ENTRY_LONG,小川跑向深处，身影被重复门洞切碎,小川/环境,低机位慢推,planned_panel_whitebox
MSB128,B05,13,进入废楼,SCN_CORRIDOR,yes,WB2_CORRIDOR_MSB128,whitebox_renders_v2/B05/WB2_CORRIDOR_MSB128.png,废楼走廊纵深和入口方向需要一致,CAM_CORRIDOR_01_ENTRY_LONG,小川刚跑出画面，走廊空着，只剩冷绿灯闪,环境,locked-off,planned_panel_whitebox
MSB129,B05,14,无限走廊,SCN_CORRIDOR,yes,WB2_CORRIDOR_MSB129,whitebox_renders_v2/B05/WB2_CORRIDOR_MSB129.png,废楼走廊纵深和入口方向需要一致,CAM_CORRIDOR_02_LOW_TRACK,镜头贴着墙面跟小川跑，墙皮近到压迫画面,小川/环境,低位 tracking,planned_panel_whitebox
MSB130,B05,14,无限走廊,SCN_CORRIDOR,yes,WB2_CORRIDOR_MSB130,whitebox_renders_v2/B05/WB2_CORRIDOR_MSB130.png,废楼走廊纵深和入口方向需要一致,CAM_CORRIDOR_02_LOW_TRACK,小川一只手扶墙，另一只手抓书包带，呼吸乱,小川,手擦过发霉墙,planned_panel_whitebox
MSB131,B05,14,无限走廊,SCN_CORRIDOR,yes,WB2_CORRIDOR_MSB131,whitebox_renders_v2/B05/WB2_CORRIDOR_MSB131.png,废楼走廊纵深和入口方向需要一致,CAM_CORRIDOR_02_LOW_TRACK,小川猛回头，远处没有清晰追兵，只有灯管闪,小川,头部快速回看,planned_panel_whitebox
MSB132,B05,14,无限走廊,SCN_CORRIDOR,yes,WB2_CORRIDOR_MSB132,whitebox_renders_v2/B05/WB2_CORRIDOR_MSB132.png,废楼走廊纵深和入口方向需要一致,CAM_CORRIDOR_02_LOW_TRACK,重复门洞看起来比上一镜更多，但结构仍真实,环境,slow dolly in,planned_panel_whitebox
MSB133,B05,14,无限走廊,SCN_CORRIDOR,yes,WB2_CORRIDOR_MSB133,whitebox_renders_v2/B05/WB2_CORRIDOR_MSB133.png,废楼走廊纵深和入口方向需要一致,CAM_CORRIDOR_02_LOW_TRACK,冷绿灯管闪烁，节奏慢慢接近电话铃,环境/道具,灯光闪动,planned_panel_whitebox
MSB134,B05,14,无限走廊,SCN_CORRIDOR,yes,WB2_CORRIDOR_MSB134,whitebox_renders_v2/B05/WB2_CORRIDOR_MSB134.png,废楼走廊纵深和入口方向需要一致,CAM_CORRIDOR_02_LOW_TRACK,小川停在走廊边，嘴张开，试图听声音,小川,停住，身体仍绷,planned_panel_whitebox
MSB135,B05,14,无限走廊,SCN_CORRIDOR,yes,WB2_CORRIDOR_MSB135,whitebox_renders_v2/B05/WB2_CORRIDOR_MSB135.png,废楼走廊纵深和入口方向需要一致,CAM_CORRIDOR_02_LOW_TRACK,走廊尽头仍是暗门，没有出口，空间像循环,环境,中轴固定,planned_panel_whitebox
MSB136,B05,14,无限走廊,SCN_CORRIDOR,yes,WB2_CORRIDOR_MSB136,whitebox_renders_v2/B05/WB2_CORRIDOR_MSB136.png,废楼走廊纵深和入口方向需要一致,CAM_CORRIDOR_02_LOW_TRACK,小川从跑变成慢走，书包歪着，脚步变轻,小川,速度减慢,planned_panel_whitebox
MSB137,B05,14,无限走廊,SCN_CORRIDOR,yes,WB2_CORRIDOR_MSB137,whitebox_renders_v2/B05/WB2_CORRIDOR_MSB137.png,废楼走廊纵深和入口方向需要一致,CAM_CORRIDOR_02_LOW_TRACK,小川听到远处铃声，眼睛抬起但不知来源,小川,头微抬,planned_panel_whitebox
MSB138,B05,14,无限走廊,SCN_CORRIDOR,yes,WB2_CORRIDOR_MSB138,whitebox_renders_v2/B05/WB2_CORRIDOR_MSB138.png,废楼走廊纵深和入口方向需要一致,CAM_CORRIDOR_02_LOW_TRACK,走廊深处出现极弱暖点，还不像电话亭,环境,远处暖光一点,planned_panel_whitebox
MSB139,B05,15,远处电话亭,SCN_PHONE,yes,WB2_PHONE_MSB139,whitebox_renders_v2/B05/WB2_PHONE_MSB139.png,电话亭位置和小川靠近路径需要一致,CAM_PHONE_01_DISTANT_GLOW,走廊尽头暖白光变清楚，电话亭轮廓第一次可辨,电话亭/环境,locked-off,planned_panel_whitebox
MSB140,B05,15,远处电话亭,SCN_PHONE,yes,WB2_PHONE_MSB140,whitebox_renders_v2/B05/WB2_PHONE_MSB140.png,电话亭位置和小川靠近路径需要一致,CAM_PHONE_01_DISTANT_GLOW,小川在走廊中段停下，面对远处电话亭，比例很小,小川/电话亭,身体停住,planned_panel_whitebox
MSB141,B05,15,远处电话亭,SCN_PHONE,yes,WB2_PHONE_MSB141,whitebox_renders_v2/B05/WB2_PHONE_MSB141.png,电话亭位置和小川靠近路径需要一致,CAM_PHONE_01_DISTANT_GLOW,小川侧脸听铃声，眼睛看向暖光，红领巾微亮,小川,头慢慢抬,planned_panel_whitebox
MSB142,B05,15,远处电话亭,SCN_PHONE,yes,WB2_PHONE_MSB142,whitebox_renders_v2/B05/WB2_PHONE_MSB142.png,电话亭位置和小川靠近路径需要一致,CAM_PHONE_01_DISTANT_GLOW,电话亭不合理地嵌在废楼深处，但材质是旧玻璃和金属,电话亭,不移动，只发光,planned_panel_whitebox
MSB143,B05,15,远处电话亭,SCN_PHONE,yes,WB2_PHONE_MSB143,whitebox_renders_v2/B05/WB2_PHONE_MSB143.png,电话亭位置和小川靠近路径需要一致,CAM_PHONE_01_DISTANT_GLOW,冷绿走廊和暖白电话亭形成明确色块，小川夹在中间,环境/小川,构图对称,planned_panel_whitebox
MSB144,B05,15,远处电话亭,SCN_PHONE,yes,WB2_PHONE_MSB144,whitebox_renders_v2/B05/WB2_PHONE_MSB144.png,电话亭位置和小川靠近路径需要一致,CAM_PHONE_01_DISTANT_GLOW,小川很慢地向电话亭方向迈一步，不是逃跑,小川,慢步向前,planned_panel_whitebox
MSB145,B05,15,远处电话亭,SCN_PHONE,yes,WB2_PHONE_MSB145,whitebox_renders_v2/B05/WB2_PHONE_MSB145.png,电话亭位置和小川靠近路径需要一致,CAM_PHONE_01_DISTANT_GLOW,电话亭内旧电话和垂下电话线隐约可见,电话亭/道具,微 push-in,planned_panel_whitebox
MSB146,B05,15,远处电话亭,SCN_PHONE,yes,WB2_PHONE_MSB146,whitebox_renders_v2/B05/WB2_PHONE_MSB146.png,电话亭位置和小川靠近路径需要一致,CAM_PHONE_01_DISTANT_GLOW,小川在电话亭前方一段距离停下，暖光照到鞋尖,小川/电话亭,停顿一拍,planned_panel_whitebox
MSB147,B05,16,靠近电话亭,SCN_PHONE,yes,WB2_PHONE_MSB147,whitebox_renders_v2/B05/WB2_PHONE_MSB147.png,电话亭位置和小川靠近路径需要一致,CAM_PHONE_02_APPROACH_CLOSE,电话亭门框占前景，小川从左侧黑暗靠近,小川/电话亭,slow dolly in,planned_panel_whitebox
MSB148,B05,16,靠近电话亭,SCN_PHONE,yes,WB2_PHONE_MSB148,whitebox_renders_v2/B05/WB2_PHONE_MSB148.png,电话亭位置和小川靠近路径需要一致,CAM_PHONE_02_APPROACH_CLOSE,暖白光先照到小川红领巾和脸下半部，眼睛仍在阴影里,小川,慢慢前进,planned_panel_whitebox
MSB149,B05,16,靠近电话亭,SCN_PHONE,yes,WB2_PHONE_MSB149,whitebox_renders_v2/B05/WB2_PHONE_MSB149.png,电话亭位置和小川靠近路径需要一致,CAM_PHONE_02_APPROACH_CLOSE,浅绿色书包边缘被电话亭光勾出来，肩带一松一紧,小川/道具,小步靠近,planned_panel_whitebox
MSB150,B05,16,靠近电话亭,SCN_PHONE,yes,WB2_PHONE_MSB150,whitebox_renders_v2/B05/WB2_PHONE_MSB150.png,电话亭位置和小川靠近路径需要一致,CAM_PHONE_02_APPROACH_CLOSE,小川眼睛看向旧听筒，不看镜头，嘴唇半张,小川/电话,头微转,planned_panel_whitebox
MSB151,B05,16,靠近电话亭,SCN_PHONE,yes,WB2_PHONE_MSB151,whitebox_renders_v2/B05/WB2_PHONE_MSB151.png,电话亭位置和小川靠近路径需要一致,CAM_PHONE_02_APPROACH_CLOSE,小川手伸向电话亭边缘又缩回一点，指尖颤,小川/道具,伸手-停-缩,planned_panel_whitebox
MSB152,B05,16,靠近电话亭,SCN_PHONE,yes,WB2_PHONE_MSB152,whitebox_renders_v2/B05/WB2_PHONE_MSB152.png,电话亭位置和小川靠近路径需要一致,CAM_PHONE_02_APPROACH_CLOSE,小川站在电话亭前，小身体被暖光包住，背后仍是冷绿走廊,小川/电话亭,停住,planned_panel_whitebox
MSB153,B05,16,靠近电话亭,SCN_PHONE,yes,WB2_PHONE_MSB153,whitebox_renders_v2/B05/WB2_PHONE_MSB153.png,电话亭位置和小川靠近路径需要一致,CAM_PHONE_02_APPROACH_CLOSE,旧电话听筒轻微震动或铃声源头被强调，塑料旧化清楚,电话/道具,固定特写,planned_panel_whitebox
MSB154,B05,16,靠近电话亭,SCN_PHONE,yes,WB2_PHONE_MSB154,whitebox_renders_v2/B05/WB2_PHONE_MSB154.png,电话亭位置和小川靠近路径需要一致,CAM_PHONE_02_APPROACH_CLOSE,小川手悬在听筒旁，眼泪没落，呼吸压住,小川/电话,手悬停,planned_panel_whitebox
MSB155,B06,17,接起电话,SCN_PHONE,yes,WB2_PHONE_MSB155,whitebox_renders_v2/B06/WB2_PHONE_MSB155.png,手、听筒、电话线容易变形，需要 insert 白模,CAM_PHONE_03_RECEIVER_INSERT,旧电话听筒安静挂着，暖白光照出塑料划痕,电话,fixed close-up,planned_panel_whitebox
MSB156,B06,17,接起电话,SCN_PHONE,yes,WB2_PHONE_MSB156,whitebox_renders_v2/B06/WB2_PHONE_MSB156.png,手、听筒、电话线容易变形，需要 insert 白模,CAM_PHONE_03_RECEIVER_INSERT,小川的小手从下方进入画面，指尖犹豫,小川/电话,手慢慢靠近,planned_panel_whitebox
MSB157,B06,17,接起电话,SCN_PHONE,yes,WB2_PHONE_MSB157,whitebox_renders_v2/B06/WB2_PHONE_MSB157.png,手、听筒、电话线容易变形，需要 insert 白模,CAM_PHONE_03_RECEIVER_INSERT,指尖刚碰到旧听筒，手指发僵,小川/电话,微颤,planned_panel_whitebox
MSB158,B06,17,接起电话,SCN_PHONE,yes,WB2_PHONE_MSB158,whitebox_renders_v2/B06/WB2_PHONE_MSB158.png,手、听筒、电话线容易变形，需要 insert 白模,CAM_PHONE_03_RECEIVER_INSERT,听筒被轻轻拿起，底座弹起，电话线开始晃,电话/小川,向上拿起,planned_panel_whitebox
MSB159,B06,17,接起电话,SCN_PHONE,yes,WB2_PHONE_MSB159,whitebox_renders_v2/B06/WB2_PHONE_MSB159.png,手、听筒、电话线容易变形，需要 insert 白模,CAM_PHONE_03_RECEIVER_INSERT,旧电话线轻轻晃，形状像之后的像素线条,电话线,轻摆,planned_panel_whitebox
MSB160,B06,17,接起电话,SCN_PHONE,yes,WB2_PHONE_MSB160,whitebox_renders_v2/B06/WB2_PHONE_MSB160.png,手、听筒、电话线容易变形，需要 insert 白模,CAM_PHONE_03_RECEIVER_INSERT,小川把听筒贴近耳边，眼睛看向空处,小川,手停在耳边,planned_panel_whitebox
MSB161,B06,17,接起电话,SCN_PHONE,yes,WB2_PHONE_MSB161,whitebox_renders_v2/B06/WB2_PHONE_MSB161.png,手、听筒、电话线容易变形，需要 insert 白模,CAM_PHONE_03_RECEIVER_INSERT,小川脸部微微僵住，暖光与冷绿在脸上分裂,小川,完全静止一拍,planned_panel_whitebox
MSB162,B06,18,电子化,SCN_PHONE,yes,WB2_PHONE_MSB162,whitebox_renders_v2/B06/WB2_PHONE_MSB162.png,电子化前空间不能漂移,CAM_PHONE_02_APPROACH_CLOSE,电话线表面出现细微 CRT 扫描线，不是科幻电流,电话线,线条轻闪,planned_panel_whitebox
MSB163,B06,18,电子化,SCN_PHONE,yes,WB2_PHONE_MSB163,whitebox_renders_v2/B06/WB2_PHONE_MSB163.png,电子化前空间不能漂移,CAM_PHONE_02_APPROACH_CLOSE,扫描线从听筒沿电话线到小川手腕，手仍颤,小川/电话线,不移动位置,planned_panel_whitebox
MSB164,B06,18,电子化,SCN_PHONE,yes,WB2_PHONE_MSB164,whitebox_renders_v2/B06/WB2_PHONE_MSB164.png,电子化前空间不能漂移,CAM_PHONE_02_APPROACH_CLOSE,小川红领巾边缘出现低分辨率色块，但脸仍真实,小川,像素从边缘开始,planned_panel_whitebox
MSB165,B06,18,电子化,SCN_PHONE,yes,WB2_PHONE_MSB165,whitebox_renders_v2/B06/WB2_PHONE_MSB165.png,电子化前空间不能漂移,CAM_PHONE_02_APPROACH_CLOSE,浅绿色书包边缘被像素块切开，身份锚点保留,小川/书包,身体不动,planned_panel_whitebox
MSB166,B06,18,电子化,SCN_PHONE,yes,WB2_PHONE_MSB166,whitebox_renders_v2/B06/WB2_PHONE_MSB166.png,电子化前空间不能漂移,CAM_PHONE_02_APPROACH_CLOSE,电话亭后方走廊墙砖和灯管边缘开始色彩错位,环境,locked-off,planned_panel_whitebox
MSB167,B06,18,电子化,SCN_PHONE,yes,WB2_PHONE_MSB167,whitebox_renders_v2/B06/WB2_PHONE_MSB167.png,电子化前空间不能漂移,CAM_PHONE_02_APPROACH_CLOSE,小川半张脸仍真实，半张脸被扫描线切割,小川,保持同一脸,planned_panel_whitebox
MSB168,B06,18,电子化,SCN_PHONE,yes,WB2_PHONE_MSB168,whitebox_renders_v2/B06/WB2_PHONE_MSB168.png,电子化前空间不能漂移,CAM_PHONE_02_APPROACH_CLOSE,走廊纵深像纸片一样被压平，电话亭位置仍在深处,环境/电话亭,空间压平,planned_panel_whitebox
MSB169,B06,18,电子化,SCN_PHONE,yes,WB2_PHONE_MSB169,whitebox_renders_v2/B06/WB2_PHONE_MSB169.png,电子化前空间不能漂移,CAM_PHONE_02_APPROACH_CLOSE,CRT 扫描线和像素块闪白，作为进入 8-bit 的隐藏剪辑,环境/小川,强光但不换主题,planned_panel_whitebox
MSB170,B06,19,进入8-bit关卡,SCN_8BIT,yes,WB2_8BIT_MSB170,whitebox_renders_v2/B06/WB2_8BIT_MSB170.png,8-bit 必须固定横版空间,CAM_8BIT_01_STAGE_WIDE,废楼走廊变成像素横版舞台，电话亭在背景中右,环境/电话亭,orthographic fixed,planned_panel_whitebox
MSB171,B06,19,进入8-bit关卡,SCN_8BIT,yes,WB2_8BIT_MSB171,whitebox_renders_v2/B06/WB2_8BIT_MSB171.png,8-bit 必须固定横版空间,CAM_8BIT_01_STAGE_WIDE,像素小川站在左侧，蓝白外套、红领巾、浅绿书包色块清楚,小川像素,小幅 idle,planned_panel_whitebox
MSB172,B06,19,进入8-bit关卡,SCN_8BIT,yes,WB2_8BIT_MSB172,whitebox_renders_v2/B06/WB2_8BIT_MSB172.png,8-bit 必须固定横版空间,CAM_8BIT_01_STAGE_WIDE,老街机 UI 边缘出现，血条/分数有限色盘，不遮挡角色,UI/环境,UI 静止,planned_panel_whitebox
MSB173,B06,19,进入8-bit关卡,SCN_8BIT,yes,WB2_8BIT_MSB173,whitebox_renders_v2/B06/WB2_8BIT_MSB173.png,8-bit 必须固定横版空间,CAM_8BIT_01_STAGE_WIDE,四个像素敌人的影子从右侧进入，轮廓差异先出现,混混像素,右到左入场,planned_panel_whitebox
MSB174,B06,19,进入8-bit关卡,SCN_8BIT,yes,WB2_8BIT_MSB174,whitebox_renders_v2/B06/WB2_8BIT_MSB174.png,8-bit 必须固定横版空间,CAM_8BIT_01_STAGE_WIDE,短小黑夹克黄发像素敌人站在前方，腰包小色块可读,彬子像素,前压 idle,planned_panel_whitebox
MSB175,B06,19,进入8-bit关卡,SCN_8BIT,yes,WB2_8BIT_MSB175,whitebox_renders_v2/B06/WB2_8BIT_MSB175.png,8-bit 必须固定横版空间,CAM_8BIT_01_STAGE_WIDE,高杆像素敌人长条身形，横臂封路动作保留,高杆像素,横臂待机,planned_panel_whitebox
MSB176,B06,19,进入8-bit关卡,SCN_8BIT,yes,WB2_8BIT_MSB176,whitebox_renders_v2/B06/WB2_8BIT_MSB176.png,8-bit 必须固定横版空间,CAM_8BIT_01_STAGE_WIDE,宽体块大海和抖动小齐进入队形，四人功能清楚,混混像素,右侧站位,planned_panel_whitebox
MSB177,B06,19,进入8-bit关卡,SCN_8BIT,yes,WB2_8BIT_MSB177,whitebox_renders_v2/B06/WB2_8BIT_MSB177.png,8-bit 必须固定横版空间,CAM_8BIT_01_STAGE_WIDE,像素小川左侧，四个敌人右侧，电话亭仍在背景，开战前停一拍,全体像素,全体 idle,planned_panel_whitebox
MSB178,B06,20,WIN / INSERT COIN,SCN_8BIT,yes,WB2_8BIT_MSB178,whitebox_renders_v2/B06/WB2_8BIT_MSB178.png,8-bit 必须固定横版空间,CAM_8BIT_02_WIN_SCREEN,像素小川用浅绿书包色块形成短促旋风，击退最近敌人,小川像素/敌人,动作不超过一拍,planned_panel_whitebox
MSB179,B06,20,WIN / INSERT COIN,SCN_8BIT,yes,WB2_8BIT_MSB179,whitebox_renders_v2/B06/WB2_8BIT_MSB179.png,8-bit 必须固定横版空间,CAM_8BIT_02_WIN_SCREEN,一枚像素硬币从小川方向弹出，形成低分辨率冲击波,小川像素/道具,左到右短促,planned_panel_whitebox
MSB180,B06,20,WIN / INSERT COIN,SCN_8BIT,yes,WB2_8BIT_MSB180,whitebox_renders_v2/B06/WB2_8BIT_MSB180.png,8-bit 必须固定横版空间,CAM_8BIT_02_WIN_SCREEN,高杆长条像素敌人向后滑，横臂封路姿态瓦解,高杆像素,右侧后退,planned_panel_whitebox
MSB181,B06,20,WIN / INSERT COIN,SCN_8BIT,yes,WB2_8BIT_MSB181,whitebox_renders_v2/B06/WB2_8BIT_MSB181.png,8-bit 必须固定横版空间,CAM_8BIT_02_WIN_SCREEN,大海宽体块敌人被推回，挡路墙感消失,大海像素,后退两格,planned_panel_whitebox
MSB182,B06,20,WIN / INSERT COIN,SCN_8BIT,yes,WB2_8BIT_MSB182,whitebox_renders_v2/B06/WB2_8BIT_MSB182.png,8-bit 必须固定横版空间,CAM_8BIT_02_WIN_SCREEN,小齐小像素敌人第一个慌张后跳，条纹色块抖动,小齐像素,快速后跳,planned_panel_whitebox
MSB183,B06,20,WIN / INSERT COIN,SCN_8BIT,yes,WB2_8BIT_MSB183,whitebox_renders_v2/B06/WB2_8BIT_MSB183.png,8-bit 必须固定横版空间,CAM_8BIT_02_WIN_SCREEN,彬子像素敌人最后停住，黄发黑夹克色块仍清楚,彬子像素,短暂停住,planned_panel_whitebox
MSB184,B06,20,WIN / INSERT COIN,SCN_8BIT,yes,WB2_8BIT_MSB184,whitebox_renders_v2/B06/WB2_8BIT_MSB184.png,8-bit 必须固定横版空间,CAM_8BIT_02_WIN_SCREEN,敌人全部消失或倒地成低分辨率闪烁，不做血腥表现,全体像素,画面短促闪白,planned_panel_whitebox
MSB185,B06,20,WIN / INSERT COIN,SCN_8BIT,yes,WB2_8BIT_MSB185,whitebox_renders_v2/B06/WB2_8BIT_MSB185.png,8-bit 必须固定横版空间,CAM_8BIT_02_WIN_SCREEN,像素小川站在左中，仍是紧张待机动作，没有胜利姿势,小川像素,静止,planned_panel_whitebox
MSB186,B06,20,WIN / INSERT COIN,SCN_8BIT,yes,WB2_8BIT_MSB186,whitebox_renders_v2/B06/WB2_8BIT_MSB186.png,8-bit 必须固定横版空间,CAM_8BIT_02_WIN_SCREEN,巨大黄色像素字 WIN 出现在画面中央，背景仍是废楼像素走廊,UI/小川,UI 弹出,planned_panel_whitebox
MSB187,B06,20,WIN / INSERT COIN,SCN_8BIT,yes,WB2_8BIT_MSB187,whitebox_renders_v2/B06/WB2_8BIT_MSB187.png,8-bit 必须固定横版空间,CAM_8BIT_02_WIN_SCREEN,WIN 保持不动，像街机卡住一样安静，电话亭轮廓仍在背景,UI/环境,几乎静止,planned_panel_whitebox
MSB188,B06,20,WIN / INSERT COIN,SCN_8BIT,yes,WB2_8BIT_MSB188,whitebox_renders_v2/B06/WB2_8BIT_MSB188.png,8-bit 必须固定横版空间,CAM_8BIT_02_WIN_SCREEN,画面角落闪出 INSERT COIN，WIN 仍在，街机待机感吞掉结局,UI/环境,文字闪烁,planned_panel_whitebox
