whitebox_id,panel_id,batch,clip,scene_id,planned_whitebox_path,source_camera,layout_focus,character_blocking,pose_or_path,auto_file_ok,auto_image_ok,aspect_ok,exposure_ok,subject_visible,occlusion_ok,camera_position_ok,axis_ok,anchors_ok,adjacent_continuity_ok,panel_specific_ok,qa_status,issue_type,fix_action,approved_by,notes,similarity_ok,similarity_cluster,similarity_reference,similarity_score,composition_reuse_ok,composition_reuse_reason
WB2_COMPOUND_MSB001,MSB001,B01,01,SCN_COMPOUND,whitebox_renders_v2/B01/WB2_COMPOUND_MSB001.png,CAM_COMPOUND_01_ESTABLISH,潮湿地面和破自行车占前景，居民楼底层角落被压在画面右后方,环境,locked-off，低机位，轻微前推,pass,pass,pass,pass,review,review,human_review,human_review,human_review,human_review,human_review,auto_pass_needs_human_review,,,,"panel-level whitebox default: one MSB panel, one whitebox auto_metrics width=1280 height=720 mean=109.3 std=37.8 center_std=20.5",pass,,,,not_checked,
WB2_COMPOUND_MSB002,MSB002,B01,01,SCN_COMPOUND,whitebox_renders_v2/B01/WB2_COMPOUND_MSB002.png,CAM_COMPOUND_01_ESTABLISH,发黄楼体、铁栏杆、晾衣绳形成遮挡，游戏机房入口几乎被墙角吞掉,环境,镜头保持低，建筑线条压迫,pass,pass,pass,pass,review,review,human_review,human_review,human_review,human_review,human_review,auto_pass_needs_human_review,,,,"panel-level whitebox default: one MSB panel, one whitebox auto_metrics width=1280 height=720 mean=105.5 std=33.9 center_std=32.0",pass,,,,not_checked,
WB2_COMPOUND_MSB003,MSB003,B01,01,SCN_COMPOUND,whitebox_renders_v2/B01/WB2_COMPOUND_MSB003.png,CAM_COMPOUND_01_ESTABLISH,一扇不起眼的门里漏出蓝绿 CRT 光，门口杂草和水渍清楚,环境,只允许光轻闪,pass,pass,pass,pass,review,review,human_review,human_review,human_review,human_review,human_review,auto_pass_needs_human_review,,,,"panel-level whitebox default: one MSB panel, one whitebox auto_metrics width=1280 height=720 mean=94.1 std=38.1 center_std=31.3",pass,,,,not_checked,
WB2_COMPOUND_MSB004,MSB004,B01,01,SCN_COMPOUND,whitebox_renders_v2/B01/WB2_COMPOUND_MSB004.png,CAM_COMPOUND_01_ESTABLISH,旧门头、卷帘门边缘、贴坏的游戏贴纸和墙皮脱落,环境,固定构图，细节可读,pass,pass,pass,pass,review,review,human_review,human_review,human_review,human_review,human_review,auto_pass_needs_human_review,,,,"panel-level whitebox default: one MSB panel, one whitebox auto_metrics width=1280 height=720 mean=103.4 std=37.0 center_std=31.4",pass,,,,not_checked,
WB2_COMPOUND_MSB005,MSB005,B01,01,SCN_COMPOUND,whitebox_renders_v2/B01/WB2_COMPOUND_MSB005.png,CAM_COMPOUND_01_ESTABLISH,楼道黑洞和游戏机房门口形成两个入口，观众不确定哪个更危险,环境,微 push-in,pass,pass,pass,pass,review,review,human_review,human_review,human_review,human_review,human_review,auto_pass_needs_human_review,,,,"panel-level whitebox default: one MSB panel, one whitebox auto_metrics width=1280 height=720 mean=102.5 std=34.0 center_std=30.8",pass,,,,not_checked,
WB2_COMPOUND_MSB006,MSB006,B01,01,SCN_COMPOUND,whitebox_renders_v2/B01/WB2_COMPOUND_MSB006.png,CAM_COMPOUND_01_ESTABLISH,潮湿地面水洼反射出微弱 CRT 色块，旁边有碎石和烟头,环境/道具,低角度近景,pass,pass,pass,pass,review,review,human_review,human_review,human_review,human_review,human_review,auto_pass_needs_human_review,,,,"panel-level whitebox default: one MSB panel, one whitebox auto_metrics width=1280 height=720 mean=91.6 std=36.6 center_std=30.5",pass,,,,not_checked,
WB2_COMPOUND_MSB007,MSB007,B01,01,SCN_COMPOUND,whitebox_renders_v2/B01/WB2_COMPOUND_MSB007.png,CAM_COMPOUND_01_ESTABLISH,从院子深处看向游戏机房角落，给出三兄弟稍后进入的路线,环境,低位广角,pass,pass,pass,pass,review,review,human_review,human_review,human_review,human_review,human_review,auto_pass_needs_human_review,,,,"panel-level whitebox default: one MSB panel, one whitebox auto_metrics width=1280 height=720 mean=99.3 std=35.9 center_std=30.4",pass,,,,not_checked,
WB2_COMPOUND_MSB008,MSB008,B01,01,SCN_COMPOUND,whitebox_renders_v2/B01/WB2_COMPOUND_MSB008.png,CAM_COMPOUND_01_ESTABLISH,画面左后方留出空位，门口 CRT 光稳定，像在等待孩子靠近,环境,locked-off,pass,pass,pass,pass,review,review,human_review,human_review,human_review,human_review,human_review,auto_pass_needs_human_review,,,,"panel-level whitebox default: one MSB panel, one whitebox auto_metrics width=1280 height=720 mean=107.3 std=34.0 center_std=30.1",pass,,,,not_checked,
WB2_COMPOUND_MSB009,MSB009,B01,02,SCN_COMPOUND,whitebox_renders_v2/B01/WB2_COMPOUND_MSB009.png,CAM_COMPOUND_02_BROTHERS_APPROACH,阿磊从画面左后方先出现，双手插兜，装作熟门熟路,阿磊,步子比弟弟大半拍,pass,pass,pass,pass,review,review,human_review,human_review,human_review,human_review,human_review,auto_pass_needs_human_review,,,,"panel-level whitebox default: one MSB panel, one whitebox auto_metrics width=1280 height=720 mean=105.1 std=34.4 center_std=31.6",pass,,,,not_checked,
WB2_COMPOUND_MSB010,MSB010,B01,02,SCN_COMPOUND,whitebox_renders_v2/B01/WB2_COMPOUND_MSB010.png,CAM_COMPOUND_02_BROTHERS_APPROACH,小川背浅绿色塌书包跟在半步后，两手攥书包带,小川,肩膀缩，步子短,pass,pass,pass,pass,review,review,human_review,human_review,human_review,human_review,human_review,auto_pass_needs_human_review,,,,"panel-level whitebox default: one MSB panel, one whitebox auto_metrics width=1280 height=720 mean=103.7 std=47.2 center_std=55.2",pass,,,,not_checked,
WB2_COMPOUND_MSB011,MSB011,B01,02,SCN_COMPOUND,whitebox_renders_v2/B01/WB2_COMPOUND_MSB011.png,CAM_COMPOUND_02_BROTHERS_APPROACH,小满更小，浅色大衬衫，抓衣角，脚尖内扣地跟上,小满,贴着小川的路线走,pass,pass,pass,pass,review,review,human_review,human_review,human_review,human_review,human_review,auto_pass_needs_human_review,,,,"panel-level whitebox default: one MSB panel, one whitebox auto_metrics width=1280 height=720 mean=117.9 std=46.0 center_std=50.3",pass,,,,not_checked,
WB2_COMPOUND_MSB012,MSB012,B01,02,SCN_COMPOUND,whitebox_renders_v2/B01/WB2_COMPOUND_MSB012.png,CAM_COMPOUND_02_BROTHERS_APPROACH,三兄弟同框，阿磊高一头，小川中间，小满明显更小,三兄弟,三角形站位建立,pass,pass,pass,pass,review,review,human_review,human_review,human_review,human_review,human_review,auto_pass_needs_human_review,,,,"panel-level whitebox default: one MSB panel, one whitebox auto_metrics width=1280 height=720 mean=102.9 std=38.3 center_std=47.4",pass,,,,not_checked,
WB2_COMPOUND_MSB013,MSB013,B01,02,SCN_COMPOUND,whitebox_renders_v2/B01/WB2_COMPOUND_MSB013.png,CAM_COMPOUND_02_BROTHERS_APPROACH,阿磊半回头催弟弟，手背蹭鼻尖，小川抬眼看他,阿磊/小川,轻微回头，不改变路线,pass,pass,pass,pass,review,review,human_review,human_review,human_review,human_review,human_review,auto_pass_needs_human_review,,,,"panel-level whitebox default: one MSB panel, one whitebox auto_metrics width=1280 height=720 mean=108.3 std=40.7 center_std=48.8",pass,,,,not_checked,
WB2_COMPOUND_MSB014,MSB014,B01,02,SCN_COMPOUND,whitebox_renders_v2/B01/WB2_COMPOUND_MSB014.png,CAM_COMPOUND_02_BROTHERS_APPROACH,CRT 光照到小川眼睛和红领巾，小川嘴微张,小川,手仍攥书包带,pass,pass,pass,pass,review,review,human_review,human_review,human_review,human_review,human_review,auto_pass_needs_human_review,,,,"panel-level whitebox default: one MSB panel, one whitebox auto_metrics width=1280 height=720 mean=111.4 std=44.9 center_std=49.1",pass,,,,not_checked,
WB2_COMPOUND_MSB015,MSB015,B01,02,SCN_COMPOUND,whitebox_renders_v2/B01/WB2_COMPOUND_MSB015.png,CAM_COMPOUND_02_BROTHERS_APPROACH,小满在后面眨眼，抓衣角更紧，身体往小川背后缩,小满,脚尖内扣停一下,pass,pass,pass,pass,review,review,human_review,human_review,human_review,human_review,human_review,auto_pass_needs_human_review,,,,"panel-level whitebox default: one MSB panel, one whitebox auto_metrics width=1280 height=720 mean=109.9 std=46.7 center_std=54.2",pass,,,,not_checked,
WB2_COMPOUND_MSB016,MSB016,B01,02,SCN_COMPOUND,whitebox_renders_v2/B01/WB2_COMPOUND_MSB016.png,CAM_COMPOUND_02_BROTHERS_APPROACH,三兄弟停在门口，门缝光打到鞋尖，阿磊站最前,三兄弟,队形稳定,pass,pass,pass,pass,review,review,human_review,human_review,human_review,human_review,human_review,auto_pass_needs_human_review,,,,"panel-level whitebox default: one MSB panel, one whitebox auto_metrics width=1280 height=720 mean=98.0 std=44.8 center_std=54.9",pass,,,,not_checked,
WB2_COMPOUND_MSB017,MSB017,B01,02,SCN_COMPOUND,whitebox_renders_v2/B01/WB2_COMPOUND_MSB017.png,CAM_COMPOUND_02_BROTHERS_APPROACH,阿磊的手伸向脏门帘或门边，袖口磨毛清楚,阿磊/道具,手从口袋抽出,pass,pass,pass,pass,review,review,human_review,human_review,human_review,human_review,human_review,auto_pass_needs_human_review,,,,"panel-level whitebox default: one MSB panel, one whitebox auto_metrics width=1280 height=720 mean=101.6 std=48.0 center_std=57.4",pass,,,,not_checked,
WB2_COMPOUND_MSB018,MSB018,B01,02,SCN_COMPOUND,whitebox_renders_v2/B01/WB2_COMPOUND_MSB018.png,CAM_COMPOUND_02_BROTHERS_APPROACH,门帘在三兄弟面前轻晃，三张不同年龄的脸被 CRT 光分层照亮,三兄弟,静止一拍,pass,pass,pass,pass,review,review,human_review,human_review,human_review,human_review,human_review,auto_pass_needs_human_review,,,,"panel-level whitebox default: one MSB panel, one whitebox auto_metrics width=1280 height=720 mean=108.1 std=33.4 center_std=31.2",pass,,,,not_checked,
WB2_ARCADE_MSB019,MSB019,B01,03,SCN_ARCADE,whitebox_renders_v2/B01/WB2_ARCADE_MSB019.png,CAM_ARCADE_01_ENTRANCE_WIDE,脏塑料门帘贴着镜头擦过，后面露出旧街机彩光,环境/道具,门帘晃动作为隐藏剪辑,pass,pass,pass,pass,review,review,human_review,human_review,human_review,human_review,human_review,auto_pass_needs_human_review,,,,"panel-level whitebox default: one MSB panel, one whitebox auto_metrics width=1280 height=720 mean=119.2 std=48.4 center_std=36.8",pass,,,,not_checked,
WB2_ARCADE_MSB020,MSB020,B01,03,SCN_ARCADE,whitebox_renders_v2/B01/WB2_ARCADE_MSB020.png,CAM_ARCADE_01_ENTRANCE_WIDE,三兄弟站在入口下方，室内低天花和两侧街机压住他们,三兄弟,站位保持阿磊前、小川中、小满后,pass,pass,pass,pass,review,review,human_review,human_review,human_review,human_review,human_review,auto_pass_needs_human_review,,,,"panel-level whitebox default: one MSB panel, one whitebox auto_metrics width=1280 height=720 mean=116.9 std=47.7 center_std=39.4",pass,,,,not_checked,
WB2_ARCADE_MSB021,MSB021,B01,03,SCN_ARCADE,whitebox_renders_v2/B01/WB2_ARCADE_MSB021.png,CAM_ARCADE_01_ENTRANCE_WIDE,阿磊向前迈一步，肩膀故意撑开，小川和小满还在门口,阿磊,向前一步后停,pass,pass,pass,pass,review,review,human_review,human_review,human_review,human_review,human_review,auto_pass_needs_human_review,,,,"panel-level whitebox default: one MSB panel, one whitebox auto_metrics width=1280 height=720 mean=113.2 std=46.4 center_std=38.6",pass,,,,not_checked,
WB2_ARCADE_MSB022,MSB022,B01,03,SCN_ARCADE,whitebox_renders_v2/B01/WB2_ARCADE_MSB022.png,CAM_ARCADE_01_ENTRANCE_WIDE,小川侧脸被蓝绿屏幕光照亮，红领巾和书包边缘清楚,小川,头部小幅转向街机,pass,pass,pass,pass,review,review,human_review,human_review,human_review,human_review,human_review,auto_pass_needs_human_review,,,,"panel-level whitebox default: one MSB panel, one whitebox auto_metrics width=1280 height=720 mean=115.0 std=47.2 center_std=40.7",pass,,,,not_checked,
WB2_ARCADE_MSB023,MSB023,B01,03,SCN_ARCADE,whitebox_renders_v2/B01/WB2_ARCADE_MSB023.png,CAM_ARCADE_01_ENTRANCE_WIDE,小满靠近小川身后，只露半个身体，看向发光屏幕,小满,抓衣角，跟半步,pass,pass,pass,pass,review,review,human_review,human_review,human_review,human_review,human_review,auto_pass_needs_human_review,,,,"panel-level whitebox default: one MSB panel, one whitebox auto_metrics width=1280 height=720 mean=118.2 std=48.0 center_std=38.9",pass,,,,not_checked,
WB2_ARCADE_MSB024,MSB024,B01,03,SCN_ARCADE,whitebox_renders_v2/B01/WB2_ARCADE_MSB024.png,CAM_ARCADE_01_ENTRANCE_WIDE,两排旧街机形成狭窄通道，远处有人影但不抢主体,环境,slow dolly in,pass,pass,pass,pass,review,review,human_review,human_review,human_review,human_review,human_review,auto_pass_needs_human_review,,,,"panel-level whitebox default: one MSB panel, one whitebox auto_metrics width=1280 height=720 mean=118.5 std=48.0 center_std=38.2",pass,,,,not_checked,
WB2_ARCADE_MSB025,MSB025,B01,03,SCN_ARCADE,whitebox_renders_v2/B01/WB2_ARCADE_MSB025.png,CAM_ARCADE_01_ENTRANCE_WIDE,磨损摇杆、彩色按钮、硬币槽，孩子的手和旧机器比例对比,道具,固定近景,pass,pass,pass,pass,review,review,human_review,human_review,human_review,human_review,human_review,auto_pass_needs_human_review,,,,"panel-level whitebox default: one MSB panel, one whitebox auto_metrics width=1280 height=720 mean=152.7 std=34.3 center_std=5.5",pass,,,,not_checked,
WB2_ARCADE_MSB026,MSB026,B01,03,SCN_ARCADE,whitebox_renders_v2/B01/WB2_ARCADE_MSB026.png,CAM_ARCADE_01_ENTRANCE_WIDE,昏暗顶灯、烟雾、墙上海报和老旧天花板形成密闭感,环境,只允许烟雾轻动,pass,pass,pass,pass,review,review,human_review,human_review,human_review,human_review,human_review,auto_pass_needs_human_review,,,,"panel-level whitebox default: one MSB panel, one whitebox auto_metrics width=1280 height=720 mean=118.5 std=48.4 center_std=39.1",pass,,,,not_checked,
WB2_ARCADE_MSB027,MSB027,B01,03,SCN_ARCADE,whitebox_renders_v2/B01/WB2_ARCADE_MSB027.png,CAM_ARCADE_01_ENTRANCE_WIDE,三人沿街机通道向里走，阿磊被机器吸引，小川跟着看，小满被拉着走,三兄弟,前进方向清楚,pass,pass,pass,pass,review,review,human_review,human_review,human_review,human_review,human_review,auto_pass_needs_human_review,,,,"panel-level whitebox default: one MSB panel, one whitebox auto_metrics width=1280 height=720 mean=114.5 std=46.5 center_std=37.7",pass,,,,not_checked,
WB2_ARCADE_MSB028,MSB028,B01,03,SCN_ARCADE,whitebox_renders_v2/B01/WB2_ARCADE_MSB028.png,CAM_ARCADE_01_ENTRANCE_WIDE,远处一台街头霸王机器的屏幕更亮，像目标点,环境/道具,镜头停在机器方向,pass,pass,pass,pass,review,review,human_review,human_review,human_review,human_review,human_review,auto_pass_needs_human_review,,,,"panel-level whitebox default: one MSB panel, one whitebox auto_metrics width=1280 height=720 mean=118.0 std=48.4 center_std=38.8",pass,,,,not_checked,
WB2_ARCADE_MSB029,MSB029,B02,04,SCN_ARCADE,whitebox_renders_v2/B02/WB2_ARCADE_MSB029.png,CAM_ARCADE_02_STREET_FIGHTER_CABINET,街头霸王街机占画面中心，屏幕和操作台磨损清楚,街机,固定构图,pass,pass,pass,pass,review,review,human_review,human_review,human_review,human_review,human_review,auto_pass_needs_human_review,,,,"panel-level whitebox default: one MSB panel, one whitebox auto_metrics width=1280 height=720 mean=120.6 std=34.5 center_std=28.3",pass,,,,not_checked,
WB2_ARCADE_MSB030,MSB030,B02,04,SCN_ARCADE,whitebox_renders_v2/B02/WB2_ARCADE_MSB030.png,CAM_ARCADE_02_STREET_FIGHTER_CABINET,阿磊站到操作位，手放在摇杆旁，下巴微扬,阿磊,身体前倾，肩膀撑开,pass,pass,pass,pass,review,review,human_review,human_review,human_review,human_review,human_review,auto_pass_needs_human_review,,,,"panel-level whitebox default: one MSB panel, one whitebox auto_metrics width=1280 height=720 mean=122.5 std=30.0 center_std=30.4",pass,,,,not_checked,
WB2_ARCADE_MSB031,MSB031,B02,04,SCN_ARCADE,whitebox_renders_v2/B02/WB2_ARCADE_MSB031.png,CAM_ARCADE_02_STREET_FIGHTER_CABINET,小川站在阿磊侧后，红领巾被屏幕光照亮，手还抓书包带,小川,不碰机器，只看,pass,pass,pass,pass,review,review,human_review,human_review,human_review,human_review,human_review,auto_pass_needs_human_review,,,,"panel-level whitebox default: one MSB panel, one whitebox auto_metrics width=1280 height=720 mean=122.4 std=30.8 center_std=27.1",pass,,,,not_checked,
WB2_ARCADE_MSB032,MSB032,B02,04,SCN_ARCADE,whitebox_renders_v2/B02/WB2_ARCADE_MSB032.png,CAM_ARCADE_02_STREET_FIGHTER_CABINET,小满只露出半张脸和浅色衬衫，躲在小川身后看屏幕,小满,贴近小川,pass,pass,pass,pass,review,review,human_review,human_review,human_review,human_review,human_review,auto_pass_needs_human_review,,,,"panel-level whitebox default: one MSB panel, one whitebox auto_metrics width=1280 height=720 mean=122.6 std=30.8 center_std=26.6",pass,,,,not_checked,
WB2_ARCADE_MSB033,MSB033,B02,04,SCN_ARCADE,whitebox_renders_v2/B02/WB2_ARCADE_MSB033.png,CAM_ARCADE_02_STREET_FIGHTER_CABINET,阿磊的儿童手指放到彩色按钮上，袖口磨毛和按钮划痕同框,阿磊/道具,手开始操作前的准备,pass,pass,pass,pass,review,review,human_review,human_review,human_review,human_review,human_review,auto_pass_needs_human_review,,,,"panel-level whitebox default: one MSB panel, one whitebox auto_metrics width=1280 height=720 mean=122.0 std=29.0 center_std=23.9",pass,,,,not_checked,
WB2_ARCADE_MSB034,MSB034,B02,04,SCN_ARCADE,whitebox_renders_v2/B02/WB2_ARCADE_MSB034.png,CAM_ARCADE_02_STREET_FIGHTER_CABINET,彬子从机器另一侧进入画面，黄发梢和黑夹克先被看见,彬子,下巴前顶，靠近机器,pass,pass,pass,pass,review,review,human_review,human_review,human_review,human_review,human_review,auto_pass_needs_human_review,,,,"panel-level whitebox default: one MSB panel, one whitebox auto_metrics width=1280 height=720 mean=108.0 std=47.4 center_std=57.0",pass,,,,not_checked,
WB2_ARCADE_MSB035,MSB035,B02,04,SCN_ARCADE,whitebox_renders_v2/B02/WB2_ARCADE_MSB035.png,CAM_ARCADE_02_STREET_FIGHTER_CABINET,阿磊和彬子分别站在机器两侧，屏幕在中间，身高差和气势差清楚,阿磊/彬子,对战站位锁定,pass,pass,pass,pass,review,review,human_review,human_review,human_review,human_review,human_review,auto_pass_needs_human_review,,,,"panel-level whitebox default: one MSB panel, one whitebox auto_metrics width=1280 height=720 mean=113.6 std=40.7 center_std=31.3",pass,,,,not_checked,
WB2_ARCADE_MSB036,MSB036,B02,04,SCN_ARCADE,whitebox_renders_v2/B02/WB2_ARCADE_MSB036.png,CAM_ARCADE_02_STREET_FIGHTER_CABINET,小川看见彬子，笑意收住，眼睛从屏幕移到彬子脸上,小川,头部小幅转移,pass,pass,pass,pass,review,review,human_review,human_review,human_review,human_review,human_review,auto_pass_needs_human_review,,,,"panel-level whitebox default: one MSB panel, one whitebox auto_metrics width=1280 height=720 mean=112.1 std=39.1 center_std=26.3",pass,,,,not_checked,
WB2_ARCADE_MSB037,MSB037,B02,04,SCN_ARCADE,whitebox_renders_v2/B02/WB2_ARCADE_MSB037.png,CAM_ARCADE_02_STREET_FIGHTER_CABINET,硬币投入街机槽，金属声和 CRT 光形成对战开始点,道具,手离开硬币槽,pass,pass,pass,pass,review,review,human_review,human_review,human_review,human_review,human_review,auto_pass_needs_human_review,,,,"panel-level whitebox default: one MSB panel, one whitebox auto_metrics width=1280 height=720 mean=127.8 std=24.0 center_std=9.4",pass,,,,not_checked,
WB2_ARCADE_MSB038,MSB038,B02,05,SCN_ARCADE,whitebox_renders_v2/B02/WB2_ARCADE_MSB038.png,CAM_ARCADE_03_DUEL_OVER_SHOULDER,阿磊左前景肩背、彬子右侧，街霸屏幕夹在中间,阿磊/彬子,镜头固定在屏幕和肩背之间,pass,pass,pass,pass,review,review,human_review,human_review,human_review,human_review,human_review,auto_pass_needs_human_review,,,,"panel-level whitebox default: one MSB panel, one whitebox auto_metrics width=1280 height=720 mean=87.1 std=60.3 center_std=56.4",pass,,,,not_checked,
WB2_ARCADE_MSB039,MSB039,B02,05,SCN_ARCADE,whitebox_renders_v2/B02/WB2_ARCADE_MSB039.png,CAM_ARCADE_03_DUEL_OVER_SHOULDER,阿磊手指在彩色按钮上快速动作，袖口磨毛明显,阿磊/道具,只拍手和按钮,pass,pass,pass,pass,review,review,human_review,human_review,human_review,human_review,human_review,auto_pass_needs_human_review,,,,"panel-level whitebox default: one MSB panel, one whitebox auto_metrics width=1280 height=720 mean=114.4 std=44.9 center_std=41.1",pass,,,,not_checked,
WB2_ARCADE_MSB040,MSB040,B02,05,SCN_ARCADE,whitebox_renders_v2/B02/WB2_ARCADE_MSB040.png,CAM_ARCADE_03_DUEL_OVER_SHOULDER,彬子侧脸被 CRT 光照亮，嘴角歪，眼睛从下往上瞪,彬子,下巴前顶,pass,pass,pass,pass,review,review,human_review,human_review,human_review,human_review,human_review,auto_pass_needs_human_review,,,,"panel-level whitebox default: one MSB panel, one whitebox auto_metrics width=1280 height=720 mean=93.7 std=53.3 center_std=46.3",pass,,,,not_checked,
WB2_ARCADE_MSB041,MSB041,B02,05,SCN_ARCADE,whitebox_renders_v2/B02/WB2_ARCADE_MSB041.png,CAM_ARCADE_03_DUEL_OVER_SHOULDER,小川不看屏幕，先看阿磊脸色，试图判断能不能高兴,小川,攥书包带更紧,pass,pass,pass,pass,review,review,human_review,human_review,human_review,human_review,human_review,auto_pass_needs_human_review,,,,"panel-level whitebox default: one MSB panel, one whitebox auto_metrics width=1280 height=720 mean=104.5 std=54.6 center_std=61.0",pass,,,,not_checked,
WB2_ARCADE_MSB042,MSB042,B02,05,SCN_ARCADE,whitebox_renders_v2/B02/WB2_ARCADE_MSB042.png,CAM_ARCADE_03_DUEL_OVER_SHOULDER,街霸屏幕出现强烈攻击闪光，不需要真实游戏版权细节,街机屏幕,CRT 闪烁,pass,pass,pass,pass,review,review,human_review,human_review,human_review,human_review,human_review,auto_pass_needs_human_review,,,,"panel-level whitebox default: one MSB panel, one whitebox auto_metrics width=1280 height=720 mean=116.5 std=42.3 center_std=44.2",pass,,,,not_checked,
WB2_ARCADE_MSB043,MSB043,B02,05,SCN_ARCADE,whitebox_renders_v2/B02/WB2_ARCADE_MSB043.png,CAM_ARCADE_03_DUEL_OVER_SHOULDER,阿磊嘴角轻微上扬但不敢太明显，肩膀一抖,阿磊,手继续操作,pass,pass,pass,pass,review,review,human_review,human_review,human_review,human_review,human_review,auto_pass_needs_human_review,,,,"panel-level whitebox default: one MSB panel, one whitebox auto_metrics width=1280 height=720 mean=105.4 std=55.8 center_std=47.8",pass,,,,not_checked,
WB2_ARCADE_MSB044,MSB044,B02,05,SCN_ARCADE,whitebox_renders_v2/B02/WB2_ARCADE_MSB044.png,CAM_ARCADE_03_DUEL_OVER_SHOULDER,彬子笑意消失，眨眼变少，鼻翼绷紧,彬子,身体僵住,pass,pass,pass,pass,review,review,human_review,human_review,human_review,human_review,human_review,auto_pass_needs_human_review,,,,"panel-level whitebox default: one MSB panel, one whitebox auto_metrics width=1280 height=720 mean=99.8 std=54.4 center_std=54.8",pass,,,,not_checked,
WB2_ARCADE_MSB045,MSB045,B02,05,SCN_ARCADE,whitebox_renders_v2/B02/WB2_ARCADE_MSB045.png,CAM_ARCADE_03_DUEL_OVER_SHOULDER,CRT 胜利画面红光爆亮，屏幕边缘反射在机身上,街机屏幕,画面闪红,pass,pass,pass,pass,review,review,human_review,human_review,human_review,human_review,human_review,auto_pass_needs_human_review,,,,"panel-level whitebox default: one MSB panel, one whitebox auto_metrics width=1280 height=720 mean=111.6 std=45.0 center_std=46.9",pass,,,,not_checked,
WB2_ARCADE_MSB046,MSB046,B02,05,SCN_ARCADE,whitebox_renders_v2/B02/WB2_ARCADE_MSB046.png,CAM_ARCADE_03_DUEL_OVER_SHOULDER,胜利红光照到彬子脸，黄发梢和嘴角小痣清楚,彬子,完全停住一拍,pass,pass,pass,pass,review,review,human_review,human_review,human_review,human_review,human_review,auto_pass_needs_human_review,,,,"panel-level whitebox default: one MSB panel, one whitebox auto_metrics width=1280 height=720 mean=94.9 std=51.8 center_std=49.3",pass,,,,not_checked,
WB2_ARCADE_MSB047,MSB047,B02,05,SCN_ARCADE,whitebox_renders_v2/B02/WB2_ARCADE_MSB047.png,CAM_ARCADE_03_DUEL_OVER_SHOULDER,阿磊想笑又忍住，手从按钮上离开，下巴更高,阿磊,肩膀轻抖,pass,pass,pass,pass,review,review,human_review,human_review,human_review,human_review,human_review,auto_pass_needs_human_review,,,,"panel-level whitebox default: one MSB panel, one whitebox auto_metrics width=1280 height=720 mean=104.5 std=54.8 center_std=62.8",pass,,,,not_checked,
WB2_ARCADE_MSB048,MSB048,B02,05,SCN_ARCADE,whitebox_renders_v2/B02/WB2_ARCADE_MSB048.png,CAM_ARCADE_03_DUEL_OVER_SHOULDER,小川看到哥哥赢，嘴角刚要笑，眼睛还看彬子反应,小川,身体没有靠前,pass,pass,pass,pass,review,review,human_review,human_review,human_review,human_review,human_review,auto_pass_needs_human_review,,,,"panel-level whitebox default: one MSB panel, one whitebox auto_metrics width=1280 height=720 mean=98.6 std=50.5 center_std=52.6",pass,,,,not_checked,
WB2_ARCADE_MSB049,MSB049,B02,05,SCN_ARCADE,whitebox_renders_v2/B02/WB2_ARCADE_MSB049.png,CAM_ARCADE_03_DUEL_OVER_SHOULDER,彬子越过街机盯住阿磊，背景三同伙模糊出现,彬子/阿磊,彬子不动，只看,pass,pass,pass,pass,review,review,human_review,human_review,human_review,human_review,human_review,auto_pass_needs_human_review,,,,"panel-level whitebox default: one MSB panel, one whitebox auto_metrics width=1280 height=720 mean=92.6 std=57.1 center_std=56.9",pass,,,,not_checked,
WB2_ARCADE_MSB050,MSB050,B02,06,SCN_ARCADE,whitebox_renders_v2/B02/WB2_ARCADE_MSB050.png,CAM_ARCADE_04_BOSS_LOSES_REACTION,彬子脸在红光里僵住，嘴角歪笑消失，下颌咬紧,彬子,只允许眼神变化,pass,pass,pass,pass,review,review,human_review,human_review,human_review,human_review,human_review,auto_pass_needs_human_review,,,,"panel-level whitebox default: one MSB panel, one whitebox auto_metrics width=1280 height=720 mean=100.3 std=47.9 center_std=54.0",pass,,,,not_checked,
WB2_ARCADE_MSB051,MSB051,B02,06,SCN_ARCADE,whitebox_renders_v2/B02/WB2_ARCADE_MSB051.png,CAM_ARCADE_04_BOSS_LOSES_REACTION,高杆从背景一侧靠近，灰白夹克和长手臂先形成剪影,高杆,慢慢站到边缘,pass,pass,pass,pass,review,review,human_review,human_review,human_review,human_review,human_review,auto_pass_needs_human_review,,,,"panel-level whitebox default: one MSB panel, one whitebox auto_metrics width=1280 height=720 mean=116.6 std=35.9 center_std=35.8",pass,,,,not_checked,
WB2_ARCADE_MSB052,MSB052,B02,06,SCN_ARCADE,whitebox_renders_v2/B02/WB2_ARCADE_MSB052.png,CAM_ARCADE_04_BOSS_LOSES_REACTION,大海宽身体进入背景，褪色 T 恤和宽站姿把空间堵住,大海,脚站宽，抹汗,pass,pass,pass,pass,review,review,human_review,human_review,human_review,human_review,human_review,auto_pass_needs_human_review,,,,"panel-level whitebox default: one MSB panel, one whitebox auto_metrics width=1280 height=720 mean=103.4 std=39.3 center_std=31.8",pass,,,,not_checked,
WB2_ARCADE_MSB053,MSB053,B02,06,SCN_ARCADE,whitebox_renders_v2/B02/WB2_ARCADE_MSB053.png,CAM_ARCADE_04_BOSS_LOSES_REACTION,小齐本来想笑，看到彬子脸色后笑收住，手抠袖口,小齐,身体前探又缩回,pass,pass,pass,pass,review,review,human_review,human_review,human_review,human_review,human_review,auto_pass_needs_human_review,,,,"panel-level whitebox default: one MSB panel, one whitebox auto_metrics width=1280 height=720 mean=120.2 std=32.6 center_std=31.5",pass,,,,not_checked,
WB2_ARCADE_MSB054,MSB054,B02,06,SCN_ARCADE,whitebox_renders_v2/B02/WB2_ARCADE_MSB054.png,CAM_ARCADE_04_BOSS_LOSES_REACTION,彬子矮在前，高杆高瘦、大海宽、小齐飘在边缘，轮廓差异清楚,混混四人,slow push-in,pass,pass,pass,pass,review,review,human_review,human_review,human_review,human_review,human_review,auto_pass_needs_human_review,,,,"panel-level whitebox default: one MSB panel, one whitebox auto_metrics width=1280 height=720 mean=98.8 std=44.5 center_std=56.6",pass,,,,not_checked,
WB2_ARCADE_MSB055,MSB055,B02,06,SCN_ARCADE,whitebox_renders_v2/B02/WB2_ARCADE_MSB055.png,CAM_ARCADE_04_BOSS_LOSES_REACTION,阿磊带着弟弟准备离开，还在压住笑意,阿磊/三兄弟,向门口方向转身,pass,pass,pass,pass,review,review,human_review,human_review,human_review,human_review,human_review,auto_pass_needs_human_review,,,,"panel-level whitebox default: one MSB panel, one whitebox auto_metrics width=1280 height=720 mean=123.8 std=26.8 center_std=32.3",pass,,,,not_checked,
WB2_ARCADE_MSB056,MSB056,B02,06,SCN_ARCADE,whitebox_renders_v2/B02/WB2_ARCADE_MSB056.png,CAM_ARCADE_04_BOSS_LOSES_REACTION,彬子盯着阿磊背影，手把腰包往上一拽,彬子,手部动作短促,pass,pass,pass,pass,review,review,human_review,human_review,human_review,human_review,human_review,auto_pass_needs_human_review,,,,"panel-level whitebox default: one MSB panel, one whitebox auto_metrics width=1280 height=720 mean=114.7 std=35.2 center_std=53.3",pass,,,,not_checked,
WB2_ARCADE_MSB057,MSB057,B02,06,SCN_ARCADE,whitebox_renders_v2/B02/WB2_ARCADE_MSB057.png,CAM_ARCADE_04_BOSS_LOSES_REACTION,游戏厅仍热闹，但四人组所在区域像被声音抽空,混混四人/环境,背景人模糊不抢主体,pass,pass,pass,pass,review,review,human_review,human_review,human_review,human_review,human_review,auto_pass_needs_human_review,,,,"panel-level whitebox default: one MSB panel, one whitebox auto_metrics width=1280 height=720 mean=98.8 std=44.5 center_std=56.6",pass,,,,not_checked,
WB2_EXIT_MSB058,MSB058,B03,07,SCN_EXIT,whitebox_renders_v2/B03/WB2_EXIT_MSB058.png,CAM_ARCADE_EXIT_01_LEAVING,三兄弟从门内 CRT 彩光走进门外黄路灯，色温切换清楚,三兄弟,从室内到门口,pass,pass,pass,pass,review,review,human_review,human_review,human_review,human_review,human_review,auto_pass_needs_human_review,,,,"panel-level whitebox default: one MSB panel, one whitebox auto_metrics width=1280 height=720 mean=117.8 std=37.8 center_std=24.3",pass,,,,not_checked,
WB2_EXIT_MSB059,MSB059,B03,07,SCN_EXIT,whitebox_renders_v2/B03/WB2_EXIT_MSB059.png,CAM_ARCADE_EXIT_01_LEAVING,阿磊边走边用手模仿刚才的操作，肩膀抖一下,阿磊,手部比划小幅,pass,pass,pass,pass,review,review,human_review,human_review,human_review,human_review,human_review,auto_pass_needs_human_review,,,,"panel-level whitebox default: one MSB panel, one whitebox auto_metrics width=1280 height=720 mean=130.1 std=30.6 center_std=26.9",pass,,,,not_checked,
WB2_EXIT_MSB060,MSB060,B03,07,SCN_EXIT,whitebox_renders_v2/B03/WB2_EXIT_MSB060.png,CAM_ARCADE_EXIT_01_LEAVING,小川偷偷学阿磊按键动作，马上又攥回书包带,小川,动作小而短,pass,pass,pass,pass,review,review,human_review,human_review,human_review,human_review,human_review,auto_pass_needs_human_review,,,,"panel-level whitebox default: one MSB panel, one whitebox auto_metrics width=1280 height=720 mean=101.4 std=33.0 center_std=18.9",pass,,,,not_checked,
WB2_EXIT_MSB061,MSB061,B03,07,SCN_EXIT,whitebox_renders_v2/B03/WB2_EXIT_MSB061.png,CAM_ARCADE_EXIT_01_LEAVING,小满看小川笑才跟着笑，衣角还攥在手里,小满,脚步慢半拍,pass,pass,pass,pass,review,review,human_review,human_review,human_review,human_review,human_review,auto_pass_needs_human_review,,,,"panel-level whitebox default: one MSB panel, one whitebox auto_metrics width=1280 height=720 mean=109.1 std=32.3 center_std=23.1",pass,,,,not_checked,
WB2_EXIT_MSB062,MSB062,B03,07,SCN_EXIT,whitebox_renders_v2/B03/WB2_EXIT_MSB062.png,CAM_ARCADE_EXIT_01_LEAVING,游戏机房门口缩在老楼角落里，三兄弟走向小路方向,环境/三兄弟,低机位跟拍,pass,pass,pass,pass,review,review,human_review,human_review,human_review,human_review,human_review,auto_pass_needs_human_review,,,,"panel-level whitebox default: one MSB panel, one whitebox auto_metrics width=1280 height=720 mean=114.7 std=35.5 center_std=25.4",pass,,,,not_checked,
WB2_EXIT_MSB063,MSB063,B03,07,SCN_EXIT,whitebox_renders_v2/B03/WB2_EXIT_MSB063.png,CAM_ARCADE_EXIT_01_LEAVING,门口旧招牌和漏出的彩光逐渐留在后景，街机声远去,环境,镜头被暗处遮挡,pass,pass,pass,pass,review,review,human_review,human_review,human_review,human_review,human_review,auto_pass_needs_human_review,,,,"panel-level whitebox default: one MSB panel, one whitebox auto_metrics width=1280 height=720 mean=124.2 std=35.9 center_std=32.0",pass,,,,not_checked,
WB2_EXIT_MSB064,MSB064,B03,07,SCN_EXIT,whitebox_renders_v2/B03/WB2_EXIT_MSB064.png,CAM_ARCADE_EXIT_01_LEAVING,阿磊保持前方，小川半步后，小满最后，队形回到初始但更放松,三兄弟,向小路方向走,pass,pass,pass,pass,review,review,human_review,human_review,human_review,human_review,human_review,auto_pass_needs_human_review,,,,"panel-level whitebox default: one MSB panel, one whitebox auto_metrics width=1280 height=720 mean=108.5 std=37.6 center_std=23.7",pass,,,,not_checked,
WB2_EXIT_MSB065,MSB065,B03,07,SCN_EXIT,whitebox_renders_v2/B03/WB2_EXIT_MSB065.png,CAM_ARCADE_EXIT_01_LEAVING,三兄弟走进老小区背后的暗巷入口，黄路灯把影子拉长,三兄弟/环境,影子变长,pass,pass,pass,pass,review,review,human_review,human_review,human_review,human_review,human_review,auto_pass_needs_human_review,,,,"panel-level whitebox default: one MSB panel, one whitebox auto_metrics width=1280 height=720 mean=107.5 std=31.3 center_std=23.2",pass,,,,not_checked,
WB2_ALLEY_MSB066,MSB066,B03,08,SCN_ALLEY,whitebox_renders_v2/B03/WB2_ALLEY_MSB066.png,CAM_ALLEY_01_WALK_HOME,狭窄小路两侧围墙和杂草，远处旧路灯，路面湿而空,环境,locked-off,pass,pass,pass,pass,review,review,human_review,human_review,human_review,human_review,fail,auto_pass_needs_human_review,,,,"panel-level whitebox default: one MSB panel, one whitebox auto_metrics width=1280 height=720 mean=94.5 std=31.8 center_std=37.7",pass,,,,not_checked,
WB2_ALLEY_MSB067,MSB067,B03,08,SCN_ALLEY,whitebox_renders_v2/B03/WB2_ALLEY_MSB067.png,CAM_ALLEY_01_WALK_HOME,三兄弟从画面左侧进入，小路深处留出危险空间,三兄弟,低机位 tracking,pass,pass,pass,pass,review,review,human_review,human_review,human_review,human_review,fail,auto_pass_needs_human_review,,,,"panel-level whitebox default: one MSB panel, one whitebox auto_metrics width=1280 height=720 mean=95.0 std=32.1 center_std=38.2",pass,,,,not_checked,
WB2_ALLEY_MSB068,MSB068,B03,08,SCN_ALLEY,whitebox_renders_v2/B03/WB2_ALLEY_MSB068.png,CAM_ALLEY_01_WALK_HOME,阿磊边走边比划摇杆，小川抬头认真听,阿磊/小川,向前走，手比划,pass,pass,pass,pass,review,review,human_review,human_review,human_review,human_review,fail,auto_pass_needs_human_review,,,,"panel-level whitebox default: one MSB panel, one whitebox auto_metrics width=1280 height=720 mean=95.5 std=32.4 center_std=38.7",pass,,,,not_checked,
WB2_ALLEY_MSB069,MSB069,B03,08,SCN_ALLEY,whitebox_renders_v2/B03/WB2_ALLEY_MSB069.png,CAM_ALLEY_01_WALK_HOME,小满落后半步，脚尖内扣，努力跟上哥哥节奏,小满,小跑两步追上,pass,pass,pass,pass,review,review,human_review,human_review,human_review,human_review,human_review,auto_pass_needs_human_review,,,,"panel-level whitebox default: one MSB panel, one whitebox auto_metrics width=1280 height=720 mean=95.6 std=31.5 center_std=38.3",pass,,,,not_checked,
WB2_ALLEY_MSB070,MSB070,B03,08,SCN_ALLEY,whitebox_renders_v2/B03/WB2_ALLEY_MSB070.png,CAM_ALLEY_01_WALK_HOME,路边碎砖石和一块普通石块在画面角落出现，不被强调成武器,道具/环境,固定低角度,pass,pass,pass,pass,review,review,human_review,human_review,human_review,human_review,fail,auto_pass_needs_human_review,,,,"panel-level whitebox default: one MSB panel, one whitebox auto_metrics width=1280 height=720 mean=94.2 std=32.2 center_std=38.0",pass,,,,not_checked,
WB2_ALLEY_MSB071,MSB071,B03,08,SCN_ALLEY,whitebox_renders_v2/B03/WB2_ALLEY_MSB071.png,CAM_ALLEY_01_WALK_HOME,小川从石块旁走过，完全没注意，书包甩过前景,小川/道具,石块作为环境锚点,pass,pass,pass,pass,review,review,human_review,human_review,human_review,human_review,fail,auto_pass_needs_human_review,,,,"panel-level whitebox default: one MSB panel, one whitebox auto_metrics width=1280 height=720 mean=94.6 std=32.5 center_std=38.8",pass,,,,not_checked,
WB2_ALLEY_MSB072,MSB072,B03,08,SCN_ALLEY,whitebox_renders_v2/B03/WB2_ALLEY_MSB072.png,CAM_ALLEY_01_WALK_HOME,小路前方灯下出现几个人影，三兄弟还未完全意识到,混混远影/三兄弟,人物在远处不清晰,pass,pass,pass,pass,review,review,human_review,human_review,human_review,human_review,fail,auto_pass_needs_human_review,,,,"panel-level whitebox default: one MSB panel, one whitebox auto_metrics width=1280 height=720 mean=94.2 std=31.4 center_std=39.9",pass,,,,not_checked,
WB2_ALLEY_MSB073,MSB073,B03,08,SCN_ALLEY,whitebox_renders_v2/B03/WB2_ALLEY_MSB073.png,CAM_ALLEY_01_WALK_HOME,阿磊的比划停住，身体略挡到小川前面,阿磊,步子慢下来,pass,pass,pass,pass,review,review,human_review,human_review,human_review,human_review,fail,auto_pass_needs_human_review,,,,"panel-level whitebox default: one MSB panel, one whitebox auto_metrics width=1280 height=720 mean=94.5 std=31.4 center_std=40.3",pass,,,,not_checked,
WB2_ALLEY_MSB074,MSB074,B03,08,SCN_ALLEY,whitebox_renders_v2/B03/WB2_ALLEY_MSB074.png,CAM_ALLEY_01_WALK_HOME,小川不看前方，先看阿磊脸色，笑收住,小川,头转向阿磊,pass,pass,pass,pass,review,review,human_review,human_review,human_review,human_review,fail,auto_pass_needs_human_review,,,,"panel-level whitebox default: one MSB panel, one whitebox auto_metrics width=1280 height=720 mean=94.7 std=31.5 center_std=40.8",pass,,,,not_checked,
WB2_ALLEY_MSB075,MSB075,B03,08,SCN_ALLEY,whitebox_renders_v2/B03/WB2_ALLEY_MSB075.png,CAM_ALLEY_01_WALK_HOME,三兄弟停住，前方阴影更清楚，后方路变暗,三兄弟/环境,左右空间锁定,pass,pass,pass,pass,review,review,human_review,human_review,human_review,human_review,fail,auto_pass_needs_human_review,,,,"panel-level whitebox default: one MSB panel, one whitebox auto_metrics width=1280 height=720 mean=93.4 std=31.6 center_std=39.3",pass,,,,not_checked,
WB2_ALLEY_MSB076,MSB076,B03,09,SCN_ALLEY,whitebox_renders_v2/B03/WB2_ALLEY_MSB076.png,CAM_ALLEY_02_BLOCKED,彬子带三人从小路前方堵住去路，四人剪影差异明显,混混四人,locked-off,pass,pass,pass,pass,review,review,human_review,human_review,human_review,human_review,fail,auto_pass_needs_human_review,,,,"panel-level whitebox default: one MSB panel, one whitebox auto_metrics width=1280 height=720 mean=95.6 std=32.8 center_std=42.5",pass,,,,not_checked,
WB2_ALLEY_MSB077,MSB077,B03,09,SCN_ALLEY,whitebox_renders_v2/B03/WB2_ALLEY_MSB077.png,CAM_ALLEY_02_BLOCKED,彬子短小身形向前压，下巴顶出，手拽腰包,彬子,向前半步后停,pass,pass,pass,pass,review,review,human_review,human_review,human_review,human_review,fail,auto_pass_needs_human_review,,,,"panel-level whitebox default: one MSB panel, one whitebox auto_metrics width=1280 height=720 mean=97.4 std=33.1 center_std=38.3",pass,,,,not_checked,
WB2_ALLEY_MSB078,MSB078,B03,09,SCN_ALLEY,whitebox_renders_v2/B03/WB2_ALLEY_MSB078.png,CAM_ALLEY_02_BLOCKED,高杆站在路边，长手臂横住墙边空隙,高杆,横臂封路,pass,pass,pass,pass,review,review,human_review,human_review,human_review,fail,fail,auto_pass_needs_human_review,,,,"panel-level whitebox default: one MSB panel, one whitebox auto_metrics width=1280 height=720 mean=108.0 std=41.1 center_std=37.9",pass,,,,not_checked,
WB2_ALLEY_MSB079,MSB079,B03,09,SCN_ALLEY,whitebox_renders_v2/B03/WB2_ALLEY_MSB079.png,CAM_ALLEY_02_BLOCKED,大海宽脚站在路中，褪色 T 恤汗湿领口，身体像墙,大海,宽站姿不动,pass,pass,pass,pass,review,review,human_review,human_review,human_review,fail,fail,auto_pass_needs_human_review,,,,"panel-level whitebox default: one MSB panel, one whitebox auto_metrics width=1280 height=720 mean=114.5 std=37.1 center_std=19.6",pass,,,,not_checked,
WB2_ALLEY_MSB080,MSB080,B03,09,SCN_ALLEY,whitebox_renders_v2/B03/WB2_ALLEY_MSB080.png,CAM_ALLEY_02_BLOCKED,小齐在边缘前探，嘴角快笑，手还抠袖口,小齐,换重心,pass,pass,pass,pass,review,review,human_review,human_review,human_review,human_review,fail,auto_pass_needs_human_review,,,,"panel-level whitebox default: one MSB panel, one whitebox auto_metrics width=1280 height=720 mean=96.6 std=33.5 center_std=38.7",pass,,,,not_checked,
WB2_ALLEY_MSB081,MSB081,B03,09,SCN_ALLEY,whitebox_renders_v2/B03/WB2_ALLEY_MSB081.png,CAM_ALLEY_02_BLOCKED,阿磊迈到小川和小满前面，三兄弟左侧队形收紧,阿磊/三兄弟,身体挡前,pass,pass,pass,pass,review,review,human_review,human_review,human_review,human_review,human_review,auto_pass_needs_human_review,,,,"panel-level whitebox default: one MSB panel, one whitebox auto_metrics width=1280 height=720 mean=96.9 std=32.7 center_std=36.0",pass,,,,not_checked,
WB2_ALLEY_MSB082,MSB082,B03,09,SCN_ALLEY,whitebox_renders_v2/B03/WB2_ALLEY_MSB082.png,CAM_ALLEY_02_BLOCKED,小川站在阿磊背后半个身位，眼睛越过哥哥看彬子,小川,攥书包带,pass,pass,pass,pass,review,review,human_review,human_review,human_review,human_review,human_review,auto_pass_needs_human_review,,,,"panel-level whitebox default: one MSB panel, one whitebox auto_metrics width=1280 height=720 mean=95.8 std=32.7 center_std=41.5",pass,,,,not_checked,
WB2_ALLEY_MSB083,MSB083,B03,09,SCN_ALLEY,whitebox_renders_v2/B03/WB2_ALLEY_MSB083.png,CAM_ALLEY_02_BLOCKED,小满退到墙边，抓衣角，脚尖内扣，不知道该跑还是站,小满,僵住,pass,pass,pass,pass,review,review,human_review,human_review,human_review,human_review,human_review,auto_pass_needs_human_review,,,,"panel-level whitebox default: one MSB panel, one whitebox auto_metrics width=1280 height=720 mean=97.5 std=33.1 center_std=36.3",pass,,,,not_checked,
WB2_ALLEY_MSB084,MSB084,B03,09,SCN_ALLEY,whitebox_renders_v2/B03/WB2_ALLEY_MSB084.png,CAM_ALLEY_02_BLOCKED,小路像被两组人堵成死巷，三兄弟后方也变暗,全体,不翻轴,pass,pass,pass,pass,review,review,human_review,human_review,human_review,human_review,fail,auto_pass_needs_human_review,,,,"panel-level whitebox default: one MSB panel, one whitebox auto_metrics width=1280 height=720 mean=96.5 std=32.1 center_std=40.4",pass,,,,not_checked,
WB2_ALLEY_MSB085,MSB085,B03,09,SCN_ALLEY,whitebox_renders_v2/B03/WB2_ALLEY_MSB085.png,CAM_ALLEY_02_BLOCKED,彬子越过小路盯住阿磊，旧街机红光记忆从脸上隐约回响,彬子/阿磊,眼神锁定,pass,pass,pass,pass,review,review,human_review,human_review,human_review,human_review,fail,auto_pass_needs_human_review,,,,"panel-level whitebox default: one MSB panel, one whitebox auto_metrics width=1280 height=720 mean=95.1 std=33.0 center_std=41.5",pass,,,,not_checked,
WB2_ALLEY_MSB086,MSB086,B04,10,SCN_ALLEY,whitebox_renders_v2/B04/WB2_ALLEY_MSB086.png,CAM_ALLEY_03_BROTHER_BEATEN,混混四人从半圆收拢，阿磊被挤到画面中心,阿磊/混混四人,向中心挤压,pass,pass,pass,pass,review,review,human_review,human_review,human_review,human_review,human_review,auto_pass_needs_human_review,,,,"panel-level whitebox default: one MSB panel, one whitebox auto_metrics width=1280 height=720 mean=93.3 std=48.9 center_std=39.1",pass,,,,not_checked,
WB2_ALLEY_MSB087,MSB087,B04,10,SCN_ALLEY,whitebox_renders_v2/B04/WB2_ALLEY_MSB087.png,CAM_ALLEY_03_BROTHER_BEATEN,阿磊下巴抬着说话，手却从口袋里抽出来挡在身前,阿磊,后退半步,pass,pass,pass,pass,review,review,human_review,human_review,human_review,human_review,human_review,auto_pass_needs_human_review,,,,"panel-level whitebox default: one MSB panel, one whitebox auto_metrics width=1280 height=720 mean=93.6 std=47.5 center_std=39.0",pass,,,,not_checked,
WB2_ALLEY_MSB088,MSB088,B04,10,SCN_ALLEY,whitebox_renders_v2/B04/WB2_ALLEY_MSB088.png,CAM_ALLEY_03_BROTHER_BEATEN,高杆长手臂挡住阿磊侧后，灰白袖子像横杠,高杆/阿磊,横臂不大动,pass,pass,pass,pass,review,review,human_review,human_review,human_review,human_review,human_review,auto_pass_needs_human_review,,,,"panel-level whitebox default: one MSB panel, one whitebox auto_metrics width=1280 height=720 mean=93.2 std=48.4 center_std=37.9",pass,,,,not_checked,
WB2_ALLEY_MSB089,MSB089,B04,10,SCN_ALLEY,whitebox_renders_v2/B04/WB2_ALLEY_MSB089.png,CAM_ALLEY_03_BROTHER_BEATEN,大海用肩膀和身体把空间压小，不做漂亮拳脚,大海/阿磊,身体前压,pass,pass,pass,pass,review,review,human_review,human_review,human_review,human_review,human_review,auto_pass_needs_human_review,,,,"panel-level whitebox default: one MSB panel, one whitebox auto_metrics width=1280 height=720 mean=93.3 std=49.5 center_std=38.7",pass,,,,not_checked,
WB2_ALLEY_MSB090,MSB090,B04,10,SCN_ALLEY,whitebox_renders_v2/B04/WB2_ALLEY_MSB090.png,CAM_ALLEY_03_BROTHER_BEATEN,小齐在边上起哄，身体前探但脚随时想退,小齐,换重心,pass,pass,pass,pass,review,review,human_review,human_review,human_review,human_review,human_review,auto_pass_needs_human_review,,,,"panel-level whitebox default: one MSB panel, one whitebox auto_metrics width=1280 height=720 mean=93.6 std=47.2 center_std=43.4",pass,,,,not_checked,
WB2_ALLEY_MSB091,MSB091,B04,10,SCN_ALLEY,whitebox_renders_v2/B04/WB2_ALLEY_MSB091.png,CAM_ALLEY_03_BROTHER_BEATEN,彬子站到阿磊面前，短脖子前压，嘴角歪,彬子/阿磊,下巴顶人,pass,pass,pass,pass,review,review,human_review,human_review,human_review,human_review,human_review,auto_pass_needs_human_review,,,,"panel-level whitebox default: one MSB panel, one whitebox auto_metrics width=1280 height=720 mean=93.5 std=48.1 center_std=40.3",pass,,,,not_checked,
WB2_ALLEY_MSB092,MSB092,B04,10,SCN_ALLEY,whitebox_renders_v2/B04/WB2_ALLEY_MSB092.png,CAM_ALLEY_03_BROTHER_BEATEN,阿磊被推得肩膀一歪，仍想站稳,阿磊,身体失衡但没倒,pass,pass,pass,pass,review,review,human_review,human_review,human_review,human_review,human_review,auto_pass_needs_human_review,,,,"panel-level whitebox default: one MSB panel, one whitebox auto_metrics width=1280 height=720 mean=93.5 std=49.0 center_std=37.5",pass,,,,not_checked,
WB2_ALLEY_MSB093,MSB093,B04,10,SCN_ALLEY,whitebox_renders_v2/B04/WB2_ALLEY_MSB093.png,CAM_ALLEY_03_BROTHER_BEATEN,小川站在侧面，双手攥书包带，眼睛在哥哥和彬子之间跳,小川,身体收紧,pass,pass,pass,pass,review,review,human_review,human_review,human_review,human_review,human_review,auto_pass_needs_human_review,,,,"panel-level whitebox default: one MSB panel, one whitebox auto_metrics width=1280 height=720 mean=93.7 std=47.8 center_std=37.9",pass,,,,not_checked,
WB2_ALLEY_MSB094,MSB094,B04,10,SCN_ALLEY,whitebox_renders_v2/B04/WB2_ALLEY_MSB094.png,CAM_ALLEY_03_BROTHER_BEATEN,小满靠墙，嘴角下压，抓衣角，不哭也不喊,小满,脚尖内扣，冻结,pass,pass,pass,pass,review,review,human_review,human_review,human_review,human_review,human_review,auto_pass_needs_human_review,,,,"panel-level whitebox default: one MSB panel, one whitebox auto_metrics width=1280 height=720 mean=96.2 std=49.0 center_std=40.0",pass,,,,not_checked,
WB2_ALLEY_MSB095,MSB095,B04,10,SCN_ALLEY,whitebox_renders_v2/B04/WB2_ALLEY_MSB095.png,CAM_ALLEY_03_BROTHER_BEATEN,阿磊被推到更低位置，混混身体变成画面边框,阿磊/混混,手持轻晃后停,pass,pass,pass,pass,review,review,human_review,human_review,human_review,human_review,human_review,auto_pass_needs_human_review,,,,"panel-level whitebox default: one MSB panel, one whitebox auto_metrics width=1280 height=720 mean=93.2 std=48.7 center_std=42.3",pass,,,,not_checked,
WB2_ALLEY_MSB096,MSB096,B04,10,SCN_ALLEY,whitebox_renders_v2/B04/WB2_ALLEY_MSB096.png,CAM_ALLEY_03_BROTHER_BEATEN,彬子表情变空，手臂或身体准备进一步动作，但不展示暴力细节,彬子,动作停在准备阶段,pass,pass,pass,pass,review,review,human_review,human_review,human_review,human_review,human_review,auto_pass_needs_human_review,,,,"panel-level whitebox default: one MSB panel, one whitebox auto_metrics width=1280 height=720 mean=93.7 std=47.4 center_std=41.6",pass,,,,not_checked,
WB2_ALLEY_MSB097,MSB097,B04,10,SCN_ALLEY,whitebox_renders_v2/B04/WB2_ALLEY_MSB097.png,CAM_ALLEY_03_BROTHER_BEATEN,小川看到彬子的准备动作，脸僵住，眼神即将落向地面,小川,头部开始下移,pass,pass,pass,pass,review,review,human_review,human_review,human_review,human_review,human_review,auto_pass_needs_human_review,,,,"panel-level whitebox default: one MSB panel, one whitebox auto_metrics width=1280 height=720 mean=93.7 std=48.4 center_std=38.2",pass,,,,not_checked,
WB2_ALLEY_MSB098,MSB098,B04,11,SCN_ALLEY,whitebox_renders_v2/B04/WB2_ALLEY_MSB098.png,CAM_ALLEY_04_STONE_HIT,路边普通石块在湿地边缘，旁边碎砖和杂草说明它属于环境,石块/环境,固定低角度,pass,pass,pass,pass,review,review,human_review,human_review,human_review,human_review,fail,auto_pass_needs_human_review,,,,"panel-level whitebox default: one MSB panel, one whitebox auto_metrics width=1280 height=720 mean=120.8 std=28.6 center_std=30.2",pass,,,,not_checked,
WB2_ALLEY_MSB099,MSB099,B04,11,SCN_ALLEY,whitebox_renders_v2/B04/WB2_ALLEY_MSB099.png,CAM_ALLEY_04_STONE_HIT,小川眼神从哥哥和彬子之间突然落到地面石块,小川,只有眼神变化,pass,pass,pass,pass,review,review,human_review,human_review,human_review,human_review,human_review,auto_pass_needs_human_review,,,,"panel-level whitebox default: one MSB panel, one whitebox auto_metrics width=1280 height=720 mean=114.4 std=33.8 center_std=37.0",pass,,,,not_checked,
WB2_ALLEY_MSB100,MSB100,B04,11,SCN_ALLEY,whitebox_renders_v2/B04/WB2_ALLEY_MSB100.png,CAM_ALLEY_04_STONE_HIT,小川一只手从书包带上松开，指节发白,小川,手部松开,pass,pass,pass,pass,review,review,human_review,human_review,human_review,human_review,human_review,auto_pass_needs_human_review,,,,"panel-level whitebox default: one MSB panel, one whitebox auto_metrics width=1280 height=720 mean=116.1 std=31.0 center_std=29.3",pass,,,,not_checked,
WB2_ALLEY_MSB101,MSB101,B04,11,SCN_ALLEY,whitebox_renders_v2/B04/WB2_ALLEY_MSB101.png,CAM_ALLEY_04_STONE_HIT,小川身体歪斜向下，不是漂亮下蹲，书包失去平衡,小川,身体向下折,pass,pass,pass,pass,review,review,human_review,human_review,human_review,human_review,fail,auto_pass_needs_human_review,,,,"panel-level whitebox default: one MSB panel, one whitebox auto_metrics width=1280 height=720 mean=117.4 std=30.3 center_std=30.2",pass,,,,not_checked,
WB2_ALLEY_MSB102,MSB102,B04,11,SCN_ALLEY,whitebox_renders_v2/B04/WB2_ALLEY_MSB102.png,CAM_ALLEY_04_STONE_HIT,小川的手碰到湿石块，泥水和小手比例清楚,小川/石块,手抓住石块,pass,pass,pass,pass,review,review,human_review,human_review,human_review,human_review,fail,auto_pass_needs_human_review,,,,"panel-level whitebox default: one MSB panel, one whitebox auto_metrics width=1280 height=720 mean=118.7 std=29.2 center_std=30.2",pass,,,,not_checked,
WB2_ALLEY_MSB103,MSB103,B04,11,SCN_ALLEY,whitebox_renders_v2/B04/WB2_ALLEY_MSB103.png,CAM_ALLEY_04_STONE_HIT,彬子准备动作继续靠近阿磊，画面边缘小川弯身,彬子/阿磊/小川,两条动作线并置,pass,pass,pass,pass,review,review,human_review,human_review,human_review,human_review,human_review,auto_pass_needs_human_review,,,,"panel-level whitebox default: one MSB panel, one whitebox auto_metrics width=1280 height=720 mean=112.5 std=35.2 center_std=37.8",pass,,,,not_checked,
WB2_ALLEY_MSB104,MSB104,B04,11,SCN_ALLEY,whitebox_renders_v2/B04/WB2_ALLEY_MSB104.png,CAM_ALLEY_04_STONE_HIT,小川抓着石块猛地起身，身体歪，动作短促混乱,小川,起身+甩动合一,pass,pass,pass,pass,review,review,human_review,human_review,human_review,human_review,human_review,auto_pass_needs_human_review,,,,"panel-level whitebox default: one MSB panel, one whitebox auto_metrics width=1280 height=720 mean=122.6 std=27.2 center_std=30.5",pass,,,,not_checked,
WB2_ALLEY_MSB105,MSB105,B04,11,SCN_ALLEY,whitebox_renders_v2/B04/WB2_ALLEY_MSB105.png,CAM_ALLEY_04_STONE_HIT,前景人影或路灯柱遮住冲击瞬间，只看到众人身体突然停住,全体,动作后突然 locked-off,pass,pass,pass,pass,review,review,human_review,human_review,human_review,human_review,human_review,auto_pass_needs_human_review,,,,"panel-level whitebox default: one MSB panel, one whitebox auto_metrics width=1280 height=720 mean=106.5 std=37.0 center_std=39.0",pass,,,,not_checked,
WB2_ALLEY_MSB106,MSB106,B04,11,SCN_ALLEY,whitebox_renders_v2/B04/WB2_ALLEY_MSB106.png,CAM_ALLEY_04_STONE_HIT,彬子不做血腥表现，只拍脸上不可置信和失去凶相的空白,彬子,停住不动,pass,pass,pass,pass,review,review,human_review,human_review,human_review,human_review,human_review,auto_pass_needs_human_review,,,,"panel-level whitebox default: one MSB panel, one whitebox auto_metrics width=1280 height=720 mean=110.8 std=35.2 center_std=38.1",pass,,,,not_checked,
WB2_ALLEY_MSB107,MSB107,B04,11,SCN_ALLEY,whitebox_renders_v2/B04/WB2_ALLEY_MSB107.png,CAM_ALLEY_04_STONE_HIT,小川手还悬着，嘴张开但发不出声，浅绿书包歪到一边,小川,冻结一拍,pass,pass,pass,pass,review,review,human_review,human_review,human_review,human_review,fail,auto_pass_needs_human_review,,,,"panel-level whitebox default: one MSB panel, one whitebox auto_metrics width=1280 height=720 mean=119.3 std=29.4 center_std=29.6",pass,,,,not_checked,
WB2_ALLEY_MSB108,MSB108,B04,12,SCN_ALLEY,whitebox_renders_v2/B04/WB2_ALLEY_MSB108.png,CAM_ALLEY_05_ESCAPE_VECTOR,小川从冻结中突然歪出去，脚步不是标准起跑,小川,身体先歪，脚才跟上,pass,pass,pass,pass,review,review,human_review,human_review,human_review,fail,fail,auto_pass_needs_human_review,,,,"panel-level whitebox default: one MSB panel, one whitebox auto_metrics width=1280 height=720 mean=123.9 std=25.7 center_std=17.5",pass,,,,not_checked,
WB2_ALLEY_MSB109,MSB109,B04,12,SCN_ALLEY,whitebox_renders_v2/B04/WB2_ALLEY_MSB109.png,CAM_ALLEY_05_ESCAPE_VECTOR,浅绿色书包斜甩，红领巾被带起，证明是同一个主角,小川/道具,低位跟拍,pass,pass,pass,pass,review,review,human_review,human_review,human_review,fail,fail,auto_pass_needs_human_review,,,,"panel-level whitebox default: one MSB panel, one whitebox auto_metrics width=1280 height=720 mean=130.1 std=24.5 center_std=17.5",pass,,,,not_checked,
WB2_ALLEY_MSB110,MSB110,B04,12,SCN_ALLEY,whitebox_renders_v2/B04/WB2_ALLEY_MSB110.png,CAM_ALLEY_05_ESCAPE_VECTOR,阿磊和小满留在混乱后方，阿磊半起身想喊，小满仍僵,阿磊/小满,不跟跑,pass,pass,pass,pass,review,review,human_review,human_review,human_review,human_review,human_review,auto_pass_needs_human_review,,,,"panel-level whitebox default: one MSB panel, one whitebox auto_metrics width=1280 height=720 mean=100.8 std=34.2 center_std=20.7",pass,,,,not_checked,
WB2_ALLEY_MSB111,MSB111,B04,12,SCN_ALLEY,whitebox_renders_v2/B04/WB2_ALLEY_MSB111.png,CAM_ALLEY_05_ESCAPE_VECTOR,高杆和大海先愣住，小齐收声，彬子状态不清,混混四人,动作延迟,pass,pass,pass,pass,review,review,human_review,human_review,human_review,human_review,human_review,auto_pass_needs_human_review,,,,"panel-level whitebox default: one MSB panel, one whitebox auto_metrics width=1280 height=720 mean=99.2 std=34.3 center_std=38.0",pass,,,,not_checked,
WB2_ALLEY_MSB112,MSB112,B04,12,SCN_ALLEY,whitebox_renders_v2/B04/WB2_ALLEY_MSB112.png,CAM_ALLEY_05_ESCAPE_VECTOR,小川跑过刚才石块所在位置，湿地反光拉长,小川/环境,沿同一轴线向深处,pass,pass,pass,pass,review,review,human_review,human_review,human_review,human_review,fail,auto_pass_needs_human_review,,,,"panel-level whitebox default: one MSB panel, one whitebox auto_metrics width=1280 height=720 mean=102.8 std=34.0 center_std=18.5",pass,,,,not_checked,
WB2_ALLEY_MSB113,MSB113,B04,12,SCN_ALLEY,whitebox_renders_v2/B04/WB2_ALLEY_MSB113.png,CAM_ALLEY_05_ESCAPE_VECTOR,后方混混开始反应追，但与小川保持距离,追兵/小川,同方向，不翻轴,pass,pass,pass,pass,review,review,human_review,human_review,human_review,human_review,human_review,auto_pass_needs_human_review,,,,"panel-level whitebox default: one MSB panel, one whitebox auto_metrics width=1280 height=720 mean=102.2 std=34.4 center_std=34.6",pass,,,,not_checked,
WB2_ALLEY_MSB114,MSB114,B04,12,SCN_ALLEY,whitebox_renders_v2/B04/WB2_ALLEY_MSB114.png,CAM_ALLEY_05_ESCAPE_VECTOR,黑暗墙面快速擦过镜头，作为逃跑隐藏剪辑,环境,横向擦镜,pass,pass,pass,pass,review,review,human_review,human_review,human_review,human_review,fail,auto_pass_needs_human_review,,,,"panel-level whitebox default: one MSB panel, one whitebox auto_metrics width=1280 height=720 mean=103.3 std=33.9 center_std=29.1",pass,,,,not_checked,
WB2_ALLEY_MSB115,MSB115,B04,12,SCN_ALLEY,whitebox_renders_v2/B04/WB2_ALLEY_MSB115.png,CAM_ALLEY_05_ESCAPE_VECTOR,旧路灯在小川头顶拉成长条，像 CRT 扫描线预兆,小川/环境,低位跟拍,pass,pass,pass,pass,review,review,human_review,human_review,human_review,human_review,human_review,auto_pass_needs_human_review,,,,"panel-level whitebox default: one MSB panel, one whitebox auto_metrics width=1280 height=720 mean=101.3 std=34.2 center_std=17.8",pass,,,,not_checked,
WB2_ALLEY_MSB116,MSB116,B04,12,SCN_ALLEY,whitebox_renders_v2/B04/WB2_ALLEY_MSB116.png,CAM_ALLEY_05_ESCAPE_VECTOR,小川边跑边短促回头，圆眼睛睁大，嘴还张着,小川,头部快速回看,pass,pass,pass,pass,review,review,human_review,human_review,human_review,human_review,human_review,auto_pass_needs_human_review,,,,"panel-level whitebox default: one MSB panel, one whitebox auto_metrics width=1280 height=720 mean=101.5 std=34.1 center_std=18.2",pass,,,,not_checked,
WB2_ALLEY_MSB117,MSB117,B04,12,SCN_ALLEY,whitebox_renders_v2/B04/WB2_ALLEY_MSB117.png,CAM_ALLEY_05_ESCAPE_VECTOR,小路尽头出现废楼暗入口，像唯一可逃方向,环境/小川,镜头前方显露入口,pass,pass,pass,pass,review,review,human_review,human_review,human_review,human_review,fail,auto_pass_needs_human_review,,,,"panel-level whitebox default: one MSB panel, one whitebox auto_metrics width=1280 height=720 mean=103.1 std=34.1 center_std=18.8",pass,,,,not_checked,
WB2_ALLEY_MSB118,MSB118,B04,12,SCN_ALLEY,whitebox_renders_v2/B04/WB2_ALLEY_MSB118.png,CAM_ALLEY_05_ESCAPE_VECTOR,小川朝废楼入口跑去，追兵声音留在后方,小川,方向锁定废楼,pass,pass,pass,pass,review,review,human_review,human_review,human_review,human_review,human_review,auto_pass_needs_human_review,,,,"panel-level whitebox default: one MSB panel, one whitebox auto_metrics width=1280 height=720 mean=102.4 std=35.2 center_std=38.0",pass,,,,not_checked,
WB2_ALLEY_MSB119,MSB119,B04,12,SCN_ALLEY,whitebox_renders_v2/B04/WB2_ALLEY_MSB119.png,CAM_ALLEY_05_ESCAPE_VECTOR,小川身影被废楼入口暗处吞进去，路灯黄留在外面,小川/环境,暗处过门,pass,pass,pass,pass,review,review,human_review,human_review,human_review,human_review,human_review,auto_pass_needs_human_review,,,,"panel-level whitebox default: one MSB panel, one whitebox auto_metrics width=1280 height=720 mean=101.4 std=34.4 center_std=18.2",pass,,,,not_checked,
WB2_CORRIDOR_MSB120,MSB120,B05,13,SCN_CORRIDOR,whitebox_renders_v2/B05/WB2_CORRIDOR_MSB120.png,CAM_CORRIDOR_01_ENTRY_LONG,从废楼内部看小川冲进来，外面小路黄光在身后变小,小川/环境,由外到内,pass,pass,pass,pass,review,review,human_review,human_review,human_review,human_review,human_review,auto_pass_needs_human_review,,,,"panel-level whitebox default: one MSB panel, one whitebox auto_metrics width=1280 height=720 mean=107.8 std=36.2 center_std=20.9",pass,,,,not_checked,
WB2_CORRIDOR_MSB121,MSB121,B05,13,SCN_CORRIDOR,whitebox_renders_v2/B05/WB2_CORRIDOR_MSB121.png,CAM_CORRIDOR_01_ENTRY_LONG,冷绿灯管照到小川脸和红领巾，颜色从黄路灯切换,小川,停顿半拍,pass,pass,pass,pass,review,review,human_review,human_review,human_review,human_review,human_review,auto_pass_needs_human_review,,,,"panel-level whitebox default: one MSB panel, one whitebox auto_metrics width=1280 height=720 mean=104.2 std=34.8 center_std=23.4",pass,,,,not_checked,
WB2_CORRIDOR_MSB122,MSB122,B05,13,SCN_CORRIDOR,whitebox_renders_v2/B05/WB2_CORRIDOR_MSB122.png,CAM_CORRIDOR_01_ENTRY_LONG,长走廊重复门洞和消防箱清楚，小川站在近处很小,环境/小川,中轴透视,pass,pass,pass,pass,review,review,human_review,human_review,human_review,human_review,human_review,auto_pass_needs_human_review,,,,"panel-level whitebox default: one MSB panel, one whitebox auto_metrics width=1280 height=720 mean=151.3 std=20.0 center_std=6.8",pass,,,,not_checked,
WB2_CORRIDOR_MSB123,MSB123,B05,13,SCN_CORRIDOR,whitebox_renders_v2/B05/WB2_CORRIDOR_MSB123.png,CAM_CORRIDOR_01_ENTRY_LONG,小川沿走廊深处跑，书包晃动变小,小川,向深处奔跑,pass,pass,pass,pass,review,review,human_review,human_review,human_review,human_review,human_review,auto_pass_needs_human_review,,,,"panel-level whitebox default: one MSB panel, one whitebox auto_metrics width=1280 height=720 mean=93.9 std=32.0 center_std=32.3",pass,,,,not_checked,
WB2_CORRIDOR_MSB124,MSB124,B05,13,SCN_CORRIDOR,whitebox_renders_v2/B05/WB2_CORRIDOR_MSB124.png,CAM_CORRIDOR_01_ENTRY_LONG,白鞋踩过湿冷地面，回声拉长,小川/道具,脚步快速不稳,pass,pass,pass,pass,review,review,human_review,human_review,human_review,human_review,human_review,auto_pass_needs_human_review,,,,"panel-level whitebox default: one MSB panel, one whitebox auto_metrics width=1280 height=720 mean=93.0 std=31.6 center_std=32.9",pass,,,,not_checked,
WB2_CORRIDOR_MSB125,MSB125,B05,13,SCN_CORRIDOR,whitebox_renders_v2/B05/WB2_CORRIDOR_MSB125.png,CAM_CORRIDOR_01_ENTRY_LONG,小川回头看入口，追兵声像被门口吞掉,小川,头部回看,pass,pass,pass,pass,review,review,human_review,human_review,human_review,human_review,human_review,auto_pass_needs_human_review,,,,"panel-level whitebox default: one MSB panel, one whitebox auto_metrics width=1280 height=720 mean=95.6 std=33.6 center_std=30.6",pass,,,,not_checked,
WB2_CORRIDOR_MSB126,MSB126,B05,13,SCN_CORRIDOR,whitebox_renders_v2/B05/WB2_CORRIDOR_MSB126.png,CAM_CORRIDOR_01_ENTRY_LONG,发霉墙、旧标语残片、消防箱红色块，建立废楼质感,环境,固定细节,pass,pass,pass,pass,review,review,human_review,human_review,human_review,human_review,human_review,auto_pass_needs_human_review,,,,"panel-level whitebox default: one MSB panel, one whitebox auto_metrics width=1280 height=720 mean=152.5 std=19.4 center_std=7.2",pass,,,,not_checked,
WB2_CORRIDOR_MSB127,MSB127,B05,13,SCN_CORRIDOR,whitebox_renders_v2/B05/WB2_CORRIDOR_MSB127.png,CAM_CORRIDOR_01_ENTRY_LONG,小川跑向深处，身影被重复门洞切碎,小川/环境,低机位慢推,pass,pass,pass,pass,review,review,human_review,human_review,human_review,human_review,human_review,auto_pass_needs_human_review,,,,"panel-level whitebox default: one MSB panel, one whitebox auto_metrics width=1280 height=720 mean=93.3 std=31.8 center_std=30.8",pass,,,,not_checked,
WB2_CORRIDOR_MSB128,MSB128,B05,13,SCN_CORRIDOR,whitebox_renders_v2/B05/WB2_CORRIDOR_MSB128.png,CAM_CORRIDOR_01_ENTRY_LONG,小川刚跑出画面，走廊空着，只剩冷绿灯闪,环境,locked-off,pass,pass,pass,pass,review,review,human_review,human_review,human_review,human_review,human_review,auto_pass_needs_human_review,,,,"panel-level whitebox default: one MSB panel, one whitebox auto_metrics width=1280 height=720 mean=96.2 std=33.0 center_std=31.8",pass,,,,not_checked,
WB2_CORRIDOR_MSB129,MSB129,B05,14,SCN_CORRIDOR,whitebox_renders_v2/B05/WB2_CORRIDOR_MSB129.png,CAM_CORRIDOR_02_LOW_TRACK,镜头贴着墙面跟小川跑，墙皮近到压迫画面,小川/环境,低位 tracking,pass,pass,pass,pass,review,review,human_review,human_review,human_review,human_review,human_review,auto_pass_needs_human_review,,,,"panel-level whitebox default: one MSB panel, one whitebox auto_metrics width=1280 height=720 mean=108.5 std=32.0 center_std=29.9",pass,,,,not_checked,
WB2_CORRIDOR_MSB130,MSB130,B05,14,SCN_CORRIDOR,whitebox_renders_v2/B05/WB2_CORRIDOR_MSB130.png,CAM_CORRIDOR_02_LOW_TRACK,小川一只手扶墙，另一只手抓书包带，呼吸乱,小川,手擦过发霉墙,pass,pass,pass,pass,review,review,human_review,human_review,human_review,human_review,human_review,auto_pass_needs_human_review,,,,"panel-level whitebox default: one MSB panel, one whitebox auto_metrics width=1280 height=720 mean=120.6 std=28.0 center_std=20.0",pass,,,,not_checked,
WB2_CORRIDOR_MSB131,MSB131,B05,14,SCN_CORRIDOR,whitebox_renders_v2/B05/WB2_CORRIDOR_MSB131.png,CAM_CORRIDOR_02_LOW_TRACK,小川猛回头，远处没有清晰追兵，只有灯管闪,小川,头部快速回看,pass,pass,pass,pass,review,review,human_review,human_review,human_review,human_review,human_review,auto_pass_needs_human_review,,,,"panel-level whitebox default: one MSB panel, one whitebox auto_metrics width=1280 height=720 mean=95.6 std=33.1 center_std=30.9",pass,,,,not_checked,
WB2_CORRIDOR_MSB132,MSB132,B05,14,SCN_CORRIDOR,whitebox_renders_v2/B05/WB2_CORRIDOR_MSB132.png,CAM_CORRIDOR_02_LOW_TRACK,重复门洞看起来比上一镜更多，但结构仍真实,环境,slow dolly in,pass,pass,pass,pass,review,review,human_review,human_review,human_review,human_review,human_review,auto_pass_needs_human_review,,,,"panel-level whitebox default: one MSB panel, one whitebox auto_metrics width=1280 height=720 mean=91.2 std=33.9 center_std=39.8",pass,,,,not_checked,
WB2_CORRIDOR_MSB133,MSB133,B05,14,SCN_CORRIDOR,whitebox_renders_v2/B05/WB2_CORRIDOR_MSB133.png,CAM_CORRIDOR_02_LOW_TRACK,冷绿灯管闪烁，节奏慢慢接近电话铃,环境/道具,灯光闪动,pass,pass,pass,pass,review,review,human_review,human_review,human_review,human_review,human_review,auto_pass_needs_human_review,,,,"panel-level whitebox default: one MSB panel, one whitebox auto_metrics width=1280 height=720 mean=91.3 std=33.4 center_std=40.6",pass,,,,not_checked,
WB2_CORRIDOR_MSB134,MSB134,B05,14,SCN_CORRIDOR,whitebox_renders_v2/B05/WB2_CORRIDOR_MSB134.png,CAM_CORRIDOR_02_LOW_TRACK,小川停在走廊边，嘴张开，试图听声音,小川,停住，身体仍绷,pass,pass,pass,pass,review,review,human_review,human_review,human_review,human_review,human_review,auto_pass_needs_human_review,,,,"panel-level whitebox default: one MSB panel, one whitebox auto_metrics width=1280 height=720 mean=95.7 std=33.0 center_std=35.0",pass,,,,not_checked,
WB2_CORRIDOR_MSB135,MSB135,B05,14,SCN_CORRIDOR,whitebox_renders_v2/B05/WB2_CORRIDOR_MSB135.png,CAM_CORRIDOR_02_LOW_TRACK,走廊尽头仍是暗门，没有出口，空间像循环,环境,中轴固定,pass,pass,pass,pass,review,review,human_review,human_review,human_review,human_review,human_review,auto_pass_needs_human_review,,,,"panel-level whitebox default: one MSB panel, one whitebox auto_metrics width=1280 height=720 mean=88.9 std=32.7 center_std=39.5",pass,,,,not_checked,
WB2_CORRIDOR_MSB136,MSB136,B05,14,SCN_CORRIDOR,whitebox_renders_v2/B05/WB2_CORRIDOR_MSB136.png,CAM_CORRIDOR_02_LOW_TRACK,小川从跑变成慢走，书包歪着，脚步变轻,小川,速度减慢,pass,pass,pass,pass,review,review,human_review,human_review,human_review,human_review,human_review,auto_pass_needs_human_review,,,,"panel-level whitebox default: one MSB panel, one whitebox auto_metrics width=1280 height=720 mean=97.8 std=35.4 center_std=34.2",pass,,,,not_checked,
WB2_CORRIDOR_MSB137,MSB137,B05,14,SCN_CORRIDOR,whitebox_renders_v2/B05/WB2_CORRIDOR_MSB137.png,CAM_CORRIDOR_02_LOW_TRACK,小川听到远处铃声，眼睛抬起但不知来源,小川,头微抬,pass,pass,pass,pass,review,review,human_review,human_review,human_review,human_review,human_review,auto_pass_needs_human_review,,,,"panel-level whitebox default: one MSB panel, one whitebox auto_metrics width=1280 height=720 mean=96.8 std=37.8 center_std=43.8",pass,,,,not_checked,
WB2_CORRIDOR_MSB138,MSB138,B05,14,SCN_CORRIDOR,whitebox_renders_v2/B05/WB2_CORRIDOR_MSB138.png,CAM_CORRIDOR_02_LOW_TRACK,走廊深处出现极弱暖点，还不像电话亭,环境,远处暖光一点,pass,pass,pass,pass,review,review,human_review,human_review,human_review,human_review,human_review,auto_pass_needs_human_review,,,,"panel-level whitebox default: one MSB panel, one whitebox auto_metrics width=1280 height=720 mean=96.9 std=36.8 center_std=42.8",pass,,,,not_checked,
WB2_PHONE_MSB139,MSB139,B05,15,SCN_PHONE,whitebox_renders_v2/B05/WB2_PHONE_MSB139.png,CAM_PHONE_01_DISTANT_GLOW,走廊尽头暖白光变清楚，电话亭轮廓第一次可辨,电话亭/环境,locked-off,pass,pass,pass,pass,review,review,human_review,human_review,human_review,human_review,fail,auto_pass_needs_human_review,,,,"panel-level whitebox default: one MSB panel, one whitebox auto_metrics width=1280 height=720 mean=90.7 std=31.5 center_std=38.8",pass,,,,not_checked,
WB2_PHONE_MSB140,MSB140,B05,15,SCN_PHONE,whitebox_renders_v2/B05/WB2_PHONE_MSB140.png,CAM_PHONE_01_DISTANT_GLOW,小川在走廊中段停下，面对远处电话亭，比例很小,小川/电话亭,身体停住,pass,pass,pass,pass,review,review,human_review,human_review,human_review,human_review,human_review,auto_pass_needs_human_review,,,,"panel-level whitebox default: one MSB panel, one whitebox auto_metrics width=1280 height=720 mean=90.1 std=32.0 center_std=39.5",pass,,,,not_checked,
WB2_PHONE_MSB141,MSB141,B05,15,SCN_PHONE,whitebox_renders_v2/B05/WB2_PHONE_MSB141.png,CAM_PHONE_01_DISTANT_GLOW,小川侧脸听铃声，眼睛看向暖光，红领巾微亮,小川,头慢慢抬,pass,pass,pass,pass,review,review,human_review,human_review,human_review,human_review,human_review,auto_pass_needs_human_review,,,,"panel-level whitebox default: one MSB panel, one whitebox auto_metrics width=1280 height=720 mean=90.6 std=31.7 center_std=38.9",pass,,,,not_checked,
WB2_PHONE_MSB142,MSB142,B05,15,SCN_PHONE,whitebox_renders_v2/B05/WB2_PHONE_MSB142.png,CAM_PHONE_01_DISTANT_GLOW,电话亭不合理地嵌在废楼深处，但材质是旧玻璃和金属,电话亭,不移动，只发光,pass,pass,pass,pass,review,review,human_review,human_review,human_review,human_review,human_review,auto_pass_needs_human_review,,,,"panel-level whitebox default: one MSB panel, one whitebox auto_metrics width=1280 height=720 mean=90.5 std=31.7 center_std=39.0",pass,,,,not_checked,
WB2_PHONE_MSB143,MSB143,B05,15,SCN_PHONE,whitebox_renders_v2/B05/WB2_PHONE_MSB143.png,CAM_PHONE_01_DISTANT_GLOW,冷绿走廊和暖白电话亭形成明确色块，小川夹在中间,环境/小川,构图对称,pass,pass,pass,pass,review,review,human_review,human_review,human_review,human_review,fail,auto_pass_needs_human_review,,,,"panel-level whitebox default: one MSB panel, one whitebox auto_metrics width=1280 height=720 mean=91.0 std=31.2 center_std=36.5",pass,,,,not_checked,
WB2_PHONE_MSB144,MSB144,B05,15,SCN_PHONE,whitebox_renders_v2/B05/WB2_PHONE_MSB144.png,CAM_PHONE_01_DISTANT_GLOW,小川很慢地向电话亭方向迈一步，不是逃跑,小川,慢步向前,pass,pass,pass,pass,review,review,human_review,human_review,human_review,human_review,fail,auto_pass_needs_human_review,,,,"panel-level whitebox default: one MSB panel, one whitebox auto_metrics width=1280 height=720 mean=92.5 std=32.1 center_std=39.9",pass,,,,not_checked,
WB2_PHONE_MSB145,MSB145,B05,15,SCN_PHONE,whitebox_renders_v2/B05/WB2_PHONE_MSB145.png,CAM_PHONE_01_DISTANT_GLOW,电话亭内旧电话和垂下电话线隐约可见,电话亭/道具,微 push-in,pass,pass,pass,pass,review,review,human_review,human_review,human_review,human_review,human_review,auto_pass_needs_human_review,,,,"panel-level whitebox default: one MSB panel, one whitebox auto_metrics width=1280 height=720 mean=89.9 std=31.7 center_std=38.7",pass,,,,not_checked,
WB2_PHONE_MSB146,MSB146,B05,15,SCN_PHONE,whitebox_renders_v2/B05/WB2_PHONE_MSB146.png,CAM_PHONE_01_DISTANT_GLOW,小川在电话亭前方一段距离停下，暖光照到鞋尖,小川/电话亭,停顿一拍,pass,pass,pass,pass,review,review,human_review,human_review,human_review,human_review,human_review,auto_pass_needs_human_review,,,,"panel-level whitebox default: one MSB panel, one whitebox auto_metrics width=1280 height=720 mean=90.1 std=31.8 center_std=39.2",pass,,,,not_checked,
WB2_PHONE_MSB147,MSB147,B05,16,SCN_PHONE,whitebox_renders_v2/B05/WB2_PHONE_MSB147.png,CAM_PHONE_02_APPROACH_CLOSE,电话亭门框占前景，小川从左侧黑暗靠近,小川/电话亭,slow dolly in,pass,pass,pass,pass,review,review,human_review,human_review,human_review,human_review,fail,auto_pass_needs_human_review,,,,"panel-level whitebox default: one MSB panel, one whitebox auto_metrics width=1280 height=720 mean=119.6 std=39.1 center_std=8.8",pass,,,,not_checked,
WB2_PHONE_MSB148,MSB148,B05,16,SCN_PHONE,whitebox_renders_v2/B05/WB2_PHONE_MSB148.png,CAM_PHONE_02_APPROACH_CLOSE,暖白光先照到小川红领巾和脸下半部，眼睛仍在阴影里,小川,慢慢前进,pass,pass,pass,pass,review,review,human_review,human_review,human_review,human_review,fail,auto_pass_needs_human_review,,,,"panel-level whitebox default: one MSB panel, one whitebox auto_metrics width=1280 height=720 mean=116.6 std=39.1 center_std=15.4",pass,,,,not_checked,
WB2_PHONE_MSB149,MSB149,B05,16,SCN_PHONE,whitebox_renders_v2/B05/WB2_PHONE_MSB149.png,CAM_PHONE_02_APPROACH_CLOSE,浅绿色书包边缘被电话亭光勾出来，肩带一松一紧,小川/道具,小步靠近,pass,pass,pass,pass,review,review,human_review,human_review,human_review,human_review,fail,auto_pass_needs_human_review,,,,"panel-level whitebox default: one MSB panel, one whitebox auto_metrics width=1280 height=720 mean=119.0 std=38.9 center_std=7.4",pass,,,,not_checked,
WB2_PHONE_MSB150,MSB150,B05,16,SCN_PHONE,whitebox_renders_v2/B05/WB2_PHONE_MSB150.png,CAM_PHONE_02_APPROACH_CLOSE,小川眼睛看向旧听筒，不看镜头，嘴唇半张,小川/电话,头微转,pass,pass,pass,pass,review,review,human_review,human_review,human_review,human_review,fail,auto_pass_needs_human_review,,,,"panel-level whitebox default: one MSB panel, one whitebox auto_metrics width=1280 height=720 mean=118.9 std=40.0 center_std=17.4",pass,,,,not_checked,
WB2_PHONE_MSB151,MSB151,B05,16,SCN_PHONE,whitebox_renders_v2/B05/WB2_PHONE_MSB151.png,CAM_PHONE_02_APPROACH_CLOSE,小川手伸向电话亭边缘又缩回一点，指尖颤,小川/道具,伸手-停-缩,pass,pass,pass,pass,review,review,human_review,human_review,human_review,human_review,fail,auto_pass_needs_human_review,,"Use shared adjacent whitebox MSB152; generate this as a separate pure image with prompt delta: subject=小川/道具; micro_movement=伸手-停-缩; story_focus=小川手伸向电话亭边缘又缩回一点，指尖颤; keep the shared whitebox composition and environment anchors unchanged; only change the stated micro movement, expression, prop state, light cue, or UI state",,"panel-level whitebox default: one MSB panel, one whitebox auto_metrics width=1280 height=720 mean=118.4 std=39.8 center_std=13.0 composition_reuse DUP001 size=3 ref=MSB151; phone-booth micro action/light/electronicization can reuse the same whitebox adjacent_similarity ref=MSB152 mad=2.63 dh=3 color=3.49 fg=0.023",composition_reuse_review,ADJACENT,MSB152,mad=2.63;dhash=3;color=3.49;fg=0.023,review,phone-booth micro action/light/electronicization can reuse the same whitebox
WB2_PHONE_MSB152,MSB152,B05,16,SCN_PHONE,whitebox_renders_v2/B05/WB2_PHONE_MSB152.png,CAM_PHONE_02_APPROACH_CLOSE,小川站在电话亭前，小身体被暖光包住，背后仍是冷绿走廊,小川/电话亭,停住,pass,pass,pass,pass,review,review,human_review,human_review,human_review,human_review,fail,auto_pass_needs_human_review,,"Use shared adjacent whitebox MSB151; generate this as a separate pure image with prompt delta: subject=小川/电话亭; micro_movement=停住; story_focus=小川站在电话亭前，小身体被暖光包住，背后仍是冷绿走廊; keep the shared whitebox composition and environment anchors unchanged; only change the stated micro movement, expression, prop state, light cue, or UI state",,"panel-level whitebox default: one MSB panel, one whitebox auto_metrics width=1280 height=720 mean=117.7 std=39.8 center_std=11.3 composition_reuse DUP001 size=3 ref=MSB151; phone-booth micro action/light/electronicization can reuse the same whitebox adjacent_similarity ref=MSB151 mad=2.63 dh=3 color=3.49 fg=0.023",composition_reuse_review,ADJACENT,MSB151,mad=2.63;dhash=3;color=3.49;fg=0.023,review,phone-booth micro action/light/electronicization can reuse the same whitebox
WB2_PHONE_MSB153,MSB153,B05,16,SCN_PHONE,whitebox_renders_v2/B05/WB2_PHONE_MSB153.png,CAM_PHONE_02_APPROACH_CLOSE,旧电话听筒轻微震动或铃声源头被强调，塑料旧化清楚,电话/道具,固定特写,pass,pass,pass,pass,review,review,human_review,human_review,human_review,human_review,fail,auto_pass_needs_human_review,,,,"panel-level whitebox default: one MSB panel, one whitebox auto_metrics width=1280 height=720 mean=119.7 std=40.5 center_std=21.4",pass,,,,not_checked,
WB2_PHONE_MSB154,MSB154,B05,16,SCN_PHONE,whitebox_renders_v2/B05/WB2_PHONE_MSB154.png,CAM_PHONE_02_APPROACH_CLOSE,小川手悬在听筒旁，眼泪没落，呼吸压住,小川/电话,手悬停,pass,pass,pass,pass,review,review,human_review,human_review,human_review,human_review,fail,auto_pass_needs_human_review,,,,"panel-level whitebox default: one MSB panel, one whitebox auto_metrics width=1280 height=720 mean=120.3 std=37.8 center_std=11.7",pass,,,,not_checked,
WB2_PHONE_MSB155,MSB155,B06,17,SCN_PHONE,whitebox_renders_v2/B06/WB2_PHONE_MSB155.png,CAM_PHONE_03_RECEIVER_INSERT,旧电话听筒安静挂着，暖白光照出塑料划痕,电话,fixed close-up,pass,pass,pass,pass,review,review,human_review,human_review,human_review,human_review,human_review,auto_pass_needs_human_review,,,,"panel-level whitebox default: one MSB panel, one whitebox auto_metrics width=1280 height=720 mean=134.1 std=50.6 center_std=56.0",pass,,,,not_checked,
WB2_PHONE_MSB156,MSB156,B06,17,SCN_PHONE,whitebox_renders_v2/B06/WB2_PHONE_MSB156.png,CAM_PHONE_03_RECEIVER_INSERT,小川的小手从下方进入画面，指尖犹豫,小川/电话,手慢慢靠近,pass,pass,pass,pass,review,review,human_review,human_review,human_review,human_review,human_review,auto_pass_needs_human_review,,,,"panel-level whitebox default: one MSB panel, one whitebox auto_metrics width=1280 height=720 mean=135.5 std=38.3 center_std=27.2",pass,,,,not_checked,
WB2_PHONE_MSB157,MSB157,B06,17,SCN_PHONE,whitebox_renders_v2/B06/WB2_PHONE_MSB157.png,CAM_PHONE_03_RECEIVER_INSERT,指尖刚碰到旧听筒，手指发僵,小川/电话,微颤,pass,pass,pass,pass,review,review,human_review,human_review,human_review,human_review,human_review,auto_pass_needs_human_review,,,,"panel-level whitebox default: one MSB panel, one whitebox auto_metrics width=1280 height=720 mean=107.7 std=44.2 center_std=44.1",pass,,,,not_checked,
WB2_PHONE_MSB158,MSB158,B06,17,SCN_PHONE,whitebox_renders_v2/B06/WB2_PHONE_MSB158.png,CAM_PHONE_03_RECEIVER_INSERT,听筒被轻轻拿起，底座弹起，电话线开始晃,电话/小川,向上拿起,pass,pass,pass,pass,review,review,human_review,human_review,human_review,human_review,human_review,auto_pass_needs_human_review,,,,"panel-level whitebox default: one MSB panel, one whitebox auto_metrics width=1280 height=720 mean=108.0 std=44.9 center_std=45.2",pass,,,,not_checked,
WB2_PHONE_MSB159,MSB159,B06,17,SCN_PHONE,whitebox_renders_v2/B06/WB2_PHONE_MSB159.png,CAM_PHONE_03_RECEIVER_INSERT,旧电话线轻轻晃，形状像之后的像素线条,电话线,轻摆,pass,pass,pass,pass,review,review,human_review,human_review,human_review,human_review,human_review,auto_pass_needs_human_review,,,,"panel-level whitebox default: one MSB panel, one whitebox auto_metrics width=1280 height=720 mean=131.6 std=38.2 center_std=20.0",pass,,,,not_checked,
WB2_PHONE_MSB160,MSB160,B06,17,SCN_PHONE,whitebox_renders_v2/B06/WB2_PHONE_MSB160.png,CAM_PHONE_03_RECEIVER_INSERT,小川把听筒贴近耳边，眼睛看向空处,小川,手停在耳边,pass,pass,pass,pass,review,review,human_review,human_review,human_review,human_review,human_review,auto_pass_needs_human_review,,,,"panel-level whitebox default: one MSB panel, one whitebox auto_metrics width=1280 height=720 mean=118.6 std=50.1 center_std=43.8",pass,,,,not_checked,
WB2_PHONE_MSB161,MSB161,B06,17,SCN_PHONE,whitebox_renders_v2/B06/WB2_PHONE_MSB161.png,CAM_PHONE_03_RECEIVER_INSERT,小川脸部微微僵住，暖光与冷绿在脸上分裂,小川,完全静止一拍,pass,pass,pass,pass,review,review,human_review,human_review,human_review,human_review,human_review,auto_pass_needs_human_review,,,,"panel-level whitebox default: one MSB panel, one whitebox auto_metrics width=1280 height=720 mean=127.2 std=51.9 center_std=52.1",pass,,,,not_checked,
WB2_PHONE_MSB162,MSB162,B06,18,SCN_PHONE,whitebox_renders_v2/B06/WB2_PHONE_MSB162.png,CAM_PHONE_02_APPROACH_CLOSE,电话线表面出现细微 CRT 扫描线，不是科幻电流,电话线,线条轻闪,pass,pass,pass,pass,review,review,human_review,human_review,human_review,human_review,fail,auto_pass_needs_human_review,,,,"panel-level whitebox default: one MSB panel, one whitebox auto_metrics width=1280 height=720 mean=119.1 std=38.9 center_std=19.8",pass,,,,not_checked,
WB2_PHONE_MSB163,MSB163,B06,18,SCN_PHONE,whitebox_renders_v2/B06/WB2_PHONE_MSB163.png,CAM_PHONE_02_APPROACH_CLOSE,扫描线从听筒沿电话线到小川手腕，手仍颤,小川/电话线,不移动位置,pass,pass,pass,pass,review,review,human_review,human_review,human_review,human_review,fail,auto_pass_needs_human_review,,,,"panel-level whitebox default: one MSB panel, one whitebox auto_metrics width=1280 height=720 mean=118.6 std=38.7 center_std=16.6",pass,,,,not_checked,
WB2_PHONE_MSB164,MSB164,B06,18,SCN_PHONE,whitebox_renders_v2/B06/WB2_PHONE_MSB164.png,CAM_PHONE_02_APPROACH_CLOSE,小川红领巾边缘出现低分辨率色块，但脸仍真实,小川,像素从边缘开始,pass,pass,pass,pass,review,review,human_review,human_review,human_review,human_review,fail,auto_pass_needs_human_review,,,,"panel-level whitebox default: one MSB panel, one whitebox auto_metrics width=1280 height=720 mean=117.0 std=38.0 center_std=15.6",pass,,,,not_checked,
WB2_PHONE_MSB165,MSB165,B06,18,SCN_PHONE,whitebox_renders_v2/B06/WB2_PHONE_MSB165.png,CAM_PHONE_02_APPROACH_CLOSE,浅绿色书包边缘被像素块切开，身份锚点保留,小川/书包,身体不动,pass,pass,pass,pass,review,review,human_review,human_review,human_review,human_review,fail,auto_pass_needs_human_review,,,,"panel-level whitebox default: one MSB panel, one whitebox auto_metrics width=1280 height=720 mean=119.3 std=39.4 center_std=19.1",pass,,,,not_checked,
WB2_PHONE_MSB166,MSB166,B06,18,SCN_PHONE,whitebox_renders_v2/B06/WB2_PHONE_MSB166.png,CAM_PHONE_02_APPROACH_CLOSE,电话亭后方走廊墙砖和灯管边缘开始色彩错位,环境,locked-off,pass,pass,pass,pass,review,review,human_review,human_review,human_review,human_review,fail,auto_pass_needs_human_review,,"Use shared whitebox MSB151; generate this as a separate pure image with prompt delta: subject=环境; micro_movement=locked-off; story_focus=电话亭后方走廊墙砖和灯管边缘开始色彩错位; keep the shared whitebox composition and environment anchors unchanged; only change the stated micro movement, expression, prop state, light cue, or UI state",,"panel-level whitebox default: one MSB panel, one whitebox auto_metrics width=1280 height=720 mean=118.5 std=39.8 center_std=16.4 composition_reuse DUP001 size=3 ref=MSB151; phone-booth micro action/light/electronicization can reuse the same whitebox",composition_reuse_review,DUP001,MSB151,cluster_size=3,review,phone-booth micro action/light/electronicization can reuse the same whitebox
WB2_PHONE_MSB167,MSB167,B06,18,SCN_PHONE,whitebox_renders_v2/B06/WB2_PHONE_MSB167.png,CAM_PHONE_02_APPROACH_CLOSE,小川半张脸仍真实，半张脸被扫描线切割,小川,保持同一脸,pass,pass,pass,pass,review,review,human_review,human_review,human_review,human_review,fail,auto_pass_needs_human_review,,,,"panel-level whitebox default: one MSB panel, one whitebox auto_metrics width=1280 height=720 mean=116.6 std=39.8 center_std=16.5",pass,,,,not_checked,
WB2_PHONE_MSB168,MSB168,B06,18,SCN_PHONE,whitebox_renders_v2/B06/WB2_PHONE_MSB168.png,CAM_PHONE_02_APPROACH_CLOSE,走廊纵深像纸片一样被压平，电话亭位置仍在深处,环境/电话亭,空间压平,pass,pass,pass,pass,review,review,human_review,human_review,human_review,human_review,fail,auto_pass_needs_human_review,,,,"panel-level whitebox default: one MSB panel, one whitebox auto_metrics width=1280 height=720 mean=120.6 std=38.1 center_std=16.0",pass,,,,not_checked,
WB2_PHONE_MSB169,MSB169,B06,18,SCN_PHONE,whitebox_renders_v2/B06/WB2_PHONE_MSB169.png,CAM_PHONE_02_APPROACH_CLOSE,CRT 扫描线和像素块闪白，作为进入 8-bit 的隐藏剪辑,环境/小川,强光但不换主题,pass,pass,pass,pass,review,review,human_review,human_review,human_review,human_review,fail,auto_pass_needs_human_review,,,,"panel-level whitebox default: one MSB panel, one whitebox auto_metrics width=1280 height=720 mean=119.2 std=38.1 center_std=16.0",pass,,,,not_checked,
WB2_8BIT_MSB170,MSB170,B06,19,SCN_8BIT,whitebox_renders_v2/B06/WB2_8BIT_MSB170.png,CAM_8BIT_01_STAGE_WIDE,废楼走廊变成像素横版舞台，电话亭在背景中右,环境/电话亭,orthographic fixed,pass,pass,pass,pass,review,review,human_review,human_review,human_review,human_review,human_review,auto_pass_needs_human_review,,,,"panel-level whitebox default: one MSB panel, one whitebox auto_metrics width=1280 height=720 mean=84.8 std=45.9 center_std=50.3",pass,,,,not_checked,
WB2_8BIT_MSB171,MSB171,B06,19,SCN_8BIT,whitebox_renders_v2/B06/WB2_8BIT_MSB171.png,CAM_8BIT_01_STAGE_WIDE,像素小川站在左侧，蓝白外套、红领巾、浅绿书包色块清楚,小川像素,小幅 idle,pass,pass,pass,pass,review,review,human_review,human_review,human_review,human_review,human_review,auto_pass_needs_human_review,,,,"panel-level whitebox default: one MSB panel, one whitebox auto_metrics width=1280 height=720 mean=76.6 std=41.2 center_std=51.3",pass,,,,not_checked,
WB2_8BIT_MSB172,MSB172,B06,19,SCN_8BIT,whitebox_renders_v2/B06/WB2_8BIT_MSB172.png,CAM_8BIT_01_STAGE_WIDE,老街机 UI 边缘出现，血条/分数有限色盘，不遮挡角色,UI/环境,UI 静止,pass,pass,pass,pass,review,review,human_review,human_review,human_review,human_review,human_review,auto_pass_needs_human_review,,,,"panel-level whitebox default: one MSB panel, one whitebox auto_metrics width=1280 height=720 mean=83.3 std=48.2 center_std=55.5",pass,,,,not_checked,
WB2_8BIT_MSB173,MSB173,B06,19,SCN_8BIT,whitebox_renders_v2/B06/WB2_8BIT_MSB173.png,CAM_8BIT_01_STAGE_WIDE,四个像素敌人的影子从右侧进入，轮廓差异先出现,混混像素,右到左入场,pass,pass,pass,pass,review,review,human_review,human_review,human_review,human_review,human_review,auto_pass_needs_human_review,,,,"panel-level whitebox default: one MSB panel, one whitebox auto_metrics width=1280 height=720 mean=82.4 std=42.5 center_std=41.4",pass,,,,not_checked,
WB2_8BIT_MSB174,MSB174,B06,19,SCN_8BIT,whitebox_renders_v2/B06/WB2_8BIT_MSB174.png,CAM_8BIT_01_STAGE_WIDE,短小黑夹克黄发像素敌人站在前方，腰包小色块可读,彬子像素,前压 idle,pass,pass,pass,pass,review,review,human_review,human_review,human_review,human_review,human_review,auto_pass_needs_human_review,,,,"panel-level whitebox default: one MSB panel, one whitebox auto_metrics width=1280 height=720 mean=85.1 std=43.9 center_std=46.7",pass,,,,not_checked,
WB2_8BIT_MSB175,MSB175,B06,19,SCN_8BIT,whitebox_renders_v2/B06/WB2_8BIT_MSB175.png,CAM_8BIT_01_STAGE_WIDE,高杆像素敌人长条身形，横臂封路动作保留,高杆像素,横臂待机,pass,pass,pass,pass,review,review,human_review,human_review,human_review,human_review,human_review,auto_pass_needs_human_review,,,,"panel-level whitebox default: one MSB panel, one whitebox auto_metrics width=1280 height=720 mean=83.8 std=44.0 center_std=50.9",pass,,,,not_checked,
WB2_8BIT_MSB176,MSB176,B06,19,SCN_8BIT,whitebox_renders_v2/B06/WB2_8BIT_MSB176.png,CAM_8BIT_01_STAGE_WIDE,宽体块大海和抖动小齐进入队形，四人功能清楚,混混像素,右侧站位,pass,pass,pass,pass,review,review,human_review,human_review,human_review,human_review,human_review,auto_pass_needs_human_review,,,,"panel-level whitebox default: one MSB panel, one whitebox auto_metrics width=1280 height=720 mean=85.6 std=44.9 center_std=42.7",pass,,,,not_checked,
WB2_8BIT_MSB177,MSB177,B06,19,SCN_8BIT,whitebox_renders_v2/B06/WB2_8BIT_MSB177.png,CAM_8BIT_01_STAGE_WIDE,像素小川左侧，四个敌人右侧，电话亭仍在背景，开战前停一拍,全体像素,全体 idle,pass,pass,pass,pass,review,review,human_review,human_review,human_review,human_review,human_review,auto_pass_needs_human_review,,,,"panel-level whitebox default: one MSB panel, one whitebox auto_metrics width=1280 height=720 mean=83.2 std=43.1 center_std=37.5",pass,,,,not_checked,
WB2_8BIT_MSB178,MSB178,B06,20,SCN_8BIT,whitebox_renders_v2/B06/WB2_8BIT_MSB178.png,CAM_8BIT_02_WIN_SCREEN,像素小川用浅绿书包色块形成短促旋风，击退最近敌人,小川像素/敌人,动作不超过一拍,pass,pass,pass,pass,review,review,human_review,human_review,human_review,human_review,human_review,auto_pass_needs_human_review,,,,"panel-level whitebox default: one MSB panel, one whitebox auto_metrics width=1280 height=720 mean=81.4 std=41.4 center_std=42.2",pass,,,,not_checked,
WB2_8BIT_MSB179,MSB179,B06,20,SCN_8BIT,whitebox_renders_v2/B06/WB2_8BIT_MSB179.png,CAM_8BIT_02_WIN_SCREEN,一枚像素硬币从小川方向弹出，形成低分辨率冲击波,小川像素/道具,左到右短促,pass,pass,pass,pass,review,review,human_review,human_review,human_review,human_review,human_review,auto_pass_needs_human_review,,,,"panel-level whitebox default: one MSB panel, one whitebox auto_metrics width=1280 height=720 mean=87.7 std=46.5 center_std=45.7",pass,,,,not_checked,
WB2_8BIT_MSB180,MSB180,B06,20,SCN_8BIT,whitebox_renders_v2/B06/WB2_8BIT_MSB180.png,CAM_8BIT_02_WIN_SCREEN,高杆长条像素敌人向后滑，横臂封路姿态瓦解,高杆像素,右侧后退,pass,pass,pass,pass,review,review,human_review,human_review,human_review,human_review,human_review,auto_pass_needs_human_review,,,,"panel-level whitebox default: one MSB panel, one whitebox auto_metrics width=1280 height=720 mean=85.2 std=44.0 center_std=47.7",pass,,,,not_checked,
WB2_8BIT_MSB181,MSB181,B06,20,SCN_8BIT,whitebox_renders_v2/B06/WB2_8BIT_MSB181.png,CAM_8BIT_02_WIN_SCREEN,大海宽体块敌人被推回，挡路墙感消失,大海像素,后退两格,pass,pass,pass,pass,review,review,human_review,human_review,human_review,human_review,human_review,auto_pass_needs_human_review,,,,"panel-level whitebox default: one MSB panel, one whitebox auto_metrics width=1280 height=720 mean=82.3 std=41.5 center_std=37.5",pass,,,,not_checked,
WB2_8BIT_MSB182,MSB182,B06,20,SCN_8BIT,whitebox_renders_v2/B06/WB2_8BIT_MSB182.png,CAM_8BIT_02_WIN_SCREEN,小齐小像素敌人第一个慌张后跳，条纹色块抖动,小齐像素,快速后跳,pass,pass,pass,pass,review,review,human_review,human_review,human_review,human_review,human_review,auto_pass_needs_human_review,,,,"panel-level whitebox default: one MSB panel, one whitebox auto_metrics width=1280 height=720 mean=82.1 std=40.9 center_std=45.1",pass,,,,not_checked,
WB2_8BIT_MSB183,MSB183,B06,20,SCN_8BIT,whitebox_renders_v2/B06/WB2_8BIT_MSB183.png,CAM_8BIT_02_WIN_SCREEN,彬子像素敌人最后停住，黄发黑夹克色块仍清楚,彬子像素,短暂停住,pass,pass,pass,pass,review,review,human_review,human_review,human_review,human_review,human_review,auto_pass_needs_human_review,,,,"panel-level whitebox default: one MSB panel, one whitebox auto_metrics width=1280 height=720 mean=80.0 std=40.0 center_std=37.1",pass,,,,not_checked,
WB2_8BIT_MSB184,MSB184,B06,20,SCN_8BIT,whitebox_renders_v2/B06/WB2_8BIT_MSB184.png,CAM_8BIT_02_WIN_SCREEN,敌人全部消失或倒地成低分辨率闪烁，不做血腥表现,全体像素,画面短促闪白,pass,pass,pass,pass,review,review,human_review,human_review,human_review,human_review,human_review,auto_pass_needs_human_review,,,,"panel-level whitebox default: one MSB panel, one whitebox auto_metrics width=1280 height=720 mean=81.4 std=39.8 center_std=45.1",pass,,,,not_checked,
WB2_8BIT_MSB185,MSB185,B06,20,SCN_8BIT,whitebox_renders_v2/B06/WB2_8BIT_MSB185.png,CAM_8BIT_02_WIN_SCREEN,像素小川站在左中，仍是紧张待机动作，没有胜利姿势,小川像素,静止,pass,pass,pass,pass,review,review,human_review,human_review,human_review,human_review,human_review,auto_pass_needs_human_review,,,,"panel-level whitebox default: one MSB panel, one whitebox auto_metrics width=1280 height=720 mean=84.6 std=41.9 center_std=39.4",pass,,,,not_checked,
WB2_8BIT_MSB186,MSB186,B06,20,SCN_8BIT,whitebox_renders_v2/B06/WB2_8BIT_MSB186.png,CAM_8BIT_02_WIN_SCREEN,巨大黄色像素字 WIN 出现在画面中央，背景仍是废楼像素走廊,UI/小川,UI 弹出,pass,pass,pass,pass,review,review,human_review,human_review,human_review,human_review,human_review,auto_pass_needs_human_review,,"Use shared adjacent whitebox MSB187; generate this as a separate pure image with prompt delta: subject=UI/小川; micro_movement=UI 弹出; story_focus=巨大黄色像素字 WIN 出现在画面中央，背景仍是废楼像素走廊; keep the shared whitebox composition and environment anchors unchanged; only change the stated micro movement, expression, prop state, light cue, or UI state",,"panel-level whitebox default: one MSB panel, one whitebox auto_metrics width=1280 height=720 mean=91.2 std=50.6 center_std=54.1 adjacent_similarity ref=MSB187 mad=1.52 dh=2 color=1.89 fg=0.019",composition_reuse_review,ADJACENT,MSB187,mad=1.52;dhash=2;color=1.89;fg=0.019,review,8-bit locked side-view or UI hold can reuse the same whitebox
WB2_8BIT_MSB187,MSB187,B06,20,SCN_8BIT,whitebox_renders_v2/B06/WB2_8BIT_MSB187.png,CAM_8BIT_02_WIN_SCREEN,WIN 保持不动，像街机卡住一样安静，电话亭轮廓仍在背景,UI/环境,几乎静止,pass,pass,pass,pass,review,review,human_review,human_review,human_review,human_review,human_review,auto_pass_needs_human_review,,"Use shared adjacent whitebox MSB186; generate this as a separate pure image with prompt delta: subject=UI/环境; micro_movement=几乎静止; story_focus=WIN 保持不动，像街机卡住一样安静，电话亭轮廓仍在背景; keep the shared whitebox composition and environment anchors unchanged; only change the stated micro movement, expression, prop state, light cue, or UI state",,"panel-level whitebox default: one MSB panel, one whitebox auto_metrics width=1280 height=720 mean=92.1 std=51.6 center_std=55.2 adjacent_similarity ref=MSB186 mad=1.52 dh=2 color=1.89 fg=0.019",composition_reuse_review,ADJACENT,MSB186,mad=1.52;dhash=2;color=1.89;fg=0.019,review,8-bit locked side-view or UI hold can reuse the same whitebox
WB2_8BIT_MSB188,MSB188,B06,20,SCN_8BIT,whitebox_renders_v2/B06/WB2_8BIT_MSB188.png,CAM_8BIT_02_WIN_SCREEN,画面角落闪出 INSERT COIN，WIN 仍在，街机待机感吞掉结局,UI/环境,文字闪烁,pass,pass,pass,pass,review,review,human_review,human_review,human_review,human_review,human_review,auto_pass_needs_human_review,,,,"panel-level whitebox default: one MSB panel, one whitebox auto_metrics width=1280 height=720 mean=92.0 std=52.3 center_std=56.1",pass,,,,not_checked,
